流水号,日期,时间,门店ID,门店名称,商品ID,商品名称,类别,数量,单价(元),折扣,金额(元),支付方式,收银员,是否会员
2328,2026-09-01,07:05,S04,Shiba店,28,安慕希酸奶,乳制品,3,45.3,0,135.9,微信,小刘,否
1968,2026-09-01,07:07,S01,Bear店,5,王老吉罐装,饮料,5,24.6,0,123,支付宝,小陈,否
3621,2026-09-01,07:08,S02,Catty店,64,鲜肉包子,熟食烘焙,3,6,0.1,16.2,银行卡,小刘,否
1539,2026-09-01,07:09,S03,Rabbit店,10,康师傅冰红茶,饮料,4,34.3,0,137.2,微信,小张,否
984,2026-09-01,07:13,S01,Bear店,81,和路雪甜筒,冷冻食品,2,39.7,0,79.4,银行卡,小王,是
2660,2026-09-01,07:21,S02,Catty店,25,伊利纯牛奶250ml,乳制品,3,47.9,0.1,129.33,银行卡,小陈,否
832,2026-09-01,07:32,S03,Rabbit店,2,农夫山泉550ml,饮料,1,57,0,57,支付宝,小赵,是
4014,2026-09-01,07:32,S01,Bear店,48,洗碗海绵,日用百货,1,37.5,0,37.5,现金,小王,否
4174,2026-09-01,07:35,S01,Bear店,6,美汁源果粒橙,饮料,5,28.8,0.1,129.6,现金,小刘,否
2763,2026-09-01,07:40,S01,Bear店,23,比比赞面包,零食,3,65,0,195,会员储值,小李,否
212,2026-09-01,07:44,S02,Catty店,12,依云矿泉水,饮料,2,28.5,0.1,51.3,支付宝,小张,否
1372,2026-09-01,07:45,S03,Rabbit店,25,伊利纯牛奶250ml,乳制品,4,47.9,0,191.6,会员储值,小赵,否
296,2026-09-01,07:52,S02,Catty店,63,草莓,生鲜,1,23.3,0,23.3,银行卡,小李,是
2116,2026-09-01,08:00,S03,Rabbit店,6,美汁源果粒橙,饮料,5,28.8,0,144,微信,小李,是
2987,2026-09-01,08:12,S04,Shiba店,78,湾仔码头水饺,冷冻食品,4,11.2,0,44.8,银行卡,小赵,是
2958,2026-09-01,08:16,S04,Shiba店,55,香蕉,生鲜,4,10.8,0,43.2,银行卡,小张,是
1498,2026-09-01,08:18,S03,Rabbit店,64,鲜肉包子,熟食烘焙,1,6,0,6,会员储值,小刘,否
978,2026-09-01,08:32,S03,Rabbit店,73,雪花啤酒,酒水,3,35.1,0,105.3,会员储值,小陈,否
460,2026-09-01,08:45,S04,Shiba店,21,德芙丝滑巧克力,零食,4,23.2,0,92.8,会员储值,小陈,否
700,2026-09-01,08:50,S04,Shiba店,37,太太乐鸡精,粮油调味,2,34.2,0,68.4,现金,小王,否
3259,2026-09-01,09:01,S03,Rabbit店,18,好丽友巧克力派,零食,5,12.1,0,60.5,银行卡,小张,是
2170,2026-09-01,09:03,S03,Rabbit店,71,三明治,熟食烘焙,5,40.7,0,203.5,微信,小李,否
703,2026-09-01,09:07,S04,Shiba店,59,鲈鱼,生鲜,4,39.1,0.15,132.94,支付宝,小李,否
3507,2026-09-01,09:08,S01,Bear店,44,蓝月亮洗衣液,日用百货,2,12.3,0,24.6,微信,小李,否
3584,2026-09-01,09:26,S04,Shiba店,19,三只松鼠每日坚果,零食,2,53.1,0,106.2,会员储值,小王,是
2689,2026-09-01,09:28,S02,Catty店,52,本地西红柿,生鲜,3,43.2,0,129.6,微信,小张,否
1904,2026-09-01,09:29,S01,Bear店,46,高露洁牙膏,日用百货,5,53.4,0,267,银行卡,小张,否
3711,2026-09-01,09:43,S03,Rabbit店,65,茶叶蛋,熟食烘焙,1,4.3,0,4.3,现金,小王,否
4143,2026-09-01,10:06,S04,Shiba店,82,冻薯条,冷冻食品,4,37.3,0,149.2,银行卡,小赵,是
3207,2026-09-01,10:30,S04,Shiba店,61,胡萝卜,生鲜,2,56,0.15,95.2,微信,小李,否
2563,2026-09-01,10:31,S03,Rabbit店,48,洗碗海绵,日用百货,4,37.5,0,150,支付宝,小张,否
1377,2026-09-01,10:32,S01,Bear店,9,红牛250ml,饮料,1,26.3,0,26.3,支付宝,小陈,是
117,2026-09-01,10:55,S03,Rabbit店,61,胡萝卜,生鲜,5,56,0,280,银行卡,小刘,否
2768,2026-09-01,11:06,S04,Shiba店,30,简爱酸奶,乳制品,1,15.7,0,15.7,银行卡,小王,否
363,2026-09-01,11:15,S04,Shiba店,21,德芙丝滑巧克力,零食,1,23.2,0,23.2,支付宝,小王,否
2613,2026-09-01,11:26,S02,Catty店,63,草莓,生鲜,1,23.3,0,23.3,银行卡,小赵,否
234,2026-09-01,11:29,S01,Bear店,9,红牛250ml,饮料,4,26.3,0.1,94.68,银行卡,小王,否
1439,2026-09-01,11:36,S04,Shiba店,80,雀巢冰淇淋,冷冻食品,3,11.6,0,34.8,支付宝,小赵,否
2452,2026-09-01,11:58,S03,Rabbit店,58,鸡胸肉,生鲜,3,39.7,0,119.1,支付宝,小刘,是
3129,2026-09-01,11:59,S02,Catty店,43,维达卷纸,日用百货,4,23.6,0,94.4,会员储值,小张,是
56,2026-09-01,12:06,S01,Bear店,19,三只松鼠每日坚果,零食,2,53.1,0,106.2,现金,小李,是
1269,2026-09-01,12:20,S02,Catty店,28,安慕希酸奶,乳制品,2,45.3,0,90.6,银行卡,小张,否
3598,2026-09-01,12:22,S04,Shiba店,12,依云矿泉水,饮料,5,28.5,0,142.5,银行卡,小陈,是
1853,2026-09-01,12:32,S04,Shiba店,43,维达卷纸,日用百货,2,23.6,0,47.2,支付宝,小陈,否
108,2026-09-01,12:43,S03,Rabbit店,17,恰恰香瓜子,零食,3,26.2,0.1,70.74,现金,小赵,否
659,2026-09-01,12:46,S04,Shiba店,31,旺仔牛奶,乳制品,1,24.4,0,24.4,银行卡,小王,否
1321,2026-09-01,12:52,S04,Shiba店,25,伊利纯牛奶250ml,乳制品,5,47.9,0,239.5,银行卡,小李,否
1242,2026-09-01,12:53,S01,Bear店,15,旺旺雪饼,零食,1,33.4,0.1,30.06,银行卡,小王,否
3708,2026-09-01,12:55,S04,Shiba店,22,洽洽小黄袋,零食,1,50.2,0,50.2,会员储值,小陈,否
1440,2026-09-01,13:00,S02,Catty店,18,好丽友巧克力派,零食,2,12.1,0,24.2,银行卡,小张,否
2771,2026-09-01,13:03,S03,Rabbit店,53,黄瓜,生鲜,1,45.7,0,45.7,银行卡,小王,否
3824,2026-09-01,13:12,S01,Bear店,32,奶酪棒,乳制品,1,28.7,0,28.7,微信,小刘,否
1616,2026-09-01,13:15,S03,Rabbit店,35,福临门大米5kg,粮油调味,3,31.8,0,95.4,现金,小张,否
2249,2026-09-01,13:20,S01,Bear店,19,三只松鼠每日坚果,零食,1,53.1,0.1,47.79,现金,小陈,否
2742,2026-09-01,13:24,S01,Bear店,78,湾仔码头水饺,冷冻食品,2,11.2,0.1,20.16,支付宝,小王,是
468,2026-09-01,13:25,S03,Rabbit店,62,西兰花,生鲜,2,40.8,0,81.6,支付宝,小张,否
4065,2026-09-01,13:29,S03,Rabbit店,21,德芙丝滑巧克力,零食,2,23.2,0,46.4,会员储值,小刘,否
3076,2026-09-01,13:42,S03,Rabbit店,14,奥利奥原味,零食,4,11.6,0,46.4,银行卡,小刘,否
4072,2026-09-01,13:45,S01,Bear店,77,RIO鸡尾酒,酒水,4,29,0,116,会员储值,小赵,是
941,2026-09-01,13:47,S01,Bear店,73,雪花啤酒,酒水,5,35.1,0.1,157.95,现金,小王,否
3779,2026-09-01,13:47,S03,Rabbit店,52,本地西红柿,生鲜,5,43.2,0,216,现金,小刘,否
784,2026-09-01,13:52,S04,Shiba店,9,红牛250ml,饮料,1,26.3,0.1,23.67,现金,小刘,是
2299,2026-09-01,14:02,S04,Shiba店,4,东方树叶乌龙茶,饮料,3,49.8,0,149.4,支付宝,小赵,否
3999,2026-09-01,14:13,S02,Catty店,4,东方树叶乌龙茶,饮料,4,49.8,0,199.2,银行卡,小刘,否
2343,2026-09-01,14:22,S03,Rabbit店,63,草莓,生鲜,4,23.3,0,93.2,会员储值,小刘,否
2769,2026-09-01,14:42,S04,Shiba店,81,和路雪甜筒,冷冻食品,5,39.7,0,198.5,现金,小陈,否
3017,2026-09-01,14:44,S03,Rabbit店,29,养乐多5连瓶,乳制品,5,39.4,0,197,微信,小赵,是
1634,2026-09-01,14:53,S02,Catty店,12,依云矿泉水,饮料,5,28.5,0.1,128.25,银行卡,小赵,否
1828,2026-09-01,14:54,S03,Rabbit店,11,维他柠檬茶,饮料,1,52.8,0.1,47.52,会员储值,小王,否
3557,2026-09-01,14:59,S01,Bear店,23,比比赞面包,零食,4,65,0,260,会员储值,小陈,否
1073,2026-09-01,15:00,S03,Rabbit店,50,电池5号,日用百货,1,36.6,0,36.6,微信,小李,否
2327,2026-09-01,15:21,S03,Rabbit店,61,胡萝卜,生鲜,5,56,0,280,会员储值,小李,否
3141,2026-09-01,15:23,S01,Bear店,83,冻青豆玉米,冷冻食品,2,59.5,0,119,微信,小陈,否
3550,2026-09-01,15:24,S03,Rabbit店,47,垃圾袋50只,日用百货,2,2.1,0,4.2,银行卡,小王,否
997,2026-09-01,15:31,S02,Catty店,22,洽洽小黄袋,零食,1,50.2,0.1,45.18,会员储值,小李,否
1338,2026-09-01,15:53,S01,Bear店,57,五花肉,生鲜,3,18.2,0,54.6,现金,小刘,否
742,2026-09-01,15:58,S01,Bear店,69,炸鸡腿,熟食烘焙,2,45.1,0.1,81.18,微信,小赵,否
1400,2026-09-01,15:58,S04,Shiba店,82,冻薯条,冷冻食品,4,37.3,0,149.2,微信,小陈,是
796,2026-09-01,16:13,S04,Shiba店,51,牙签,日用百货,3,18.3,0,54.9,支付宝,小刘,否
1503,2026-09-01,16:14,S02,Catty店,64,鲜肉包子,熟食烘焙,1,6,0,6,现金,小李,否
4135,2026-09-01,16:47,S03,Rabbit店,15,旺旺雪饼,零食,3,33.4,0,100.2,支付宝,小张,否
1525,2026-09-01,16:51,S02,Catty店,37,太太乐鸡精,粮油调味,3,34.2,0,102.6,会员储值,小张,否
2959,2026-09-01,16:58,S04,Shiba店,58,鸡胸肉,生鲜,3,39.7,0,119.1,银行卡,小王,是
4099,2026-09-01,17:06,S04,Shiba店,68,蛋挞,熟食烘焙,2,35.8,0,71.6,现金,小张,是
3274,2026-09-01,17:12,S01,Bear店,22,洽洽小黄袋,零食,3,50.2,0,150.6,会员储值,小赵,否
3478,2026-09-01,17:15,S02,Catty店,46,高露洁牙膏,日用百货,3,53.4,0,160.2,银行卡,小陈,是
410,2026-09-01,17:16,S01,Bear店,39,陈醋,粮油调味,5,15.2,0,76,会员储值,小李,是
285,2026-09-01,17:20,S01,Bear店,25,伊利纯牛奶250ml,乳制品,3,47.9,0.1,129.33,现金,小张,是
1390,2026-09-01,17:24,S04,Shiba店,79,思念汤圆,冷冻食品,1,54.9,0.1,49.41,支付宝,小赵,是
68,2026-09-01,17:26,S01,Bear店,32,奶酪棒,乳制品,4,28.7,0,114.8,会员储值,小李,否
2524,2026-09-01,17:29,S03,Rabbit店,43,维达卷纸,日用百货,4,23.6,0,94.4,银行卡,小赵,是
1461,2026-09-01,17:34,S02,Catty店,74,牛栏山二锅头,酒水,3,59.6,0,178.8,现金,小李,否
225,2026-09-01,17:45,S04,Shiba店,59,鲈鱼,生鲜,4,39.1,0,156.4,支付宝,小张,否
1450,2026-09-01,17:46,S04,Shiba店,7,椰树椰汁,饮料,2,32,0,64,银行卡,小赵,否
1318,2026-09-01,17:49,S04,Shiba店,12,依云矿泉水,饮料,3,28.5,0,85.5,微信,小赵,否
4122,2026-09-01,17:49,S04,Shiba店,37,太太乐鸡精,粮油调味,5,34.2,0,171,支付宝,小李,否
2114,2026-09-01,17:50,S04,Shiba店,60,土豆,生鲜,2,24.3,0.1,43.74,支付宝,小赵,否
1532,2026-09-01,18:00,S04,Shiba店,1,可口可乐330ml,饮料,2,9.2,0,18.4,微信,小陈,是
2797,2026-09-01,18:02,S04,Shiba店,71,三明治,熟食烘焙,4,40.7,0,162.8,支付宝,小赵,是
435,2026-09-01,18:03,S01,Bear店,12,依云矿泉水,饮料,4,28.5,0,114,微信,小陈,否
3023,2026-09-01,18:10,S02,Catty店,61,胡萝卜,生鲜,4,56,0,224,现金,小陈,是
3650,2026-09-01,18:12,S02,Catty店,65,茶叶蛋,熟食烘焙,1,4.3,0.1,3.87,微信,小刘,是
3800,2026-09-01,18:17,S01,Bear店,70,便当盒饭,熟食烘焙,5,28.5,0.15,121.12,银行卡,小张,否
2257,2026-09-01,18:29,S02,Catty店,36,海天生抽,粮油调味,4,31.2,0,124.8,会员储值,小陈,是
3883,2026-09-01,18:30,S04,Shiba店,66,关东煮,熟食烘焙,1,24.5,0,24.5,微信,小张,否
691,2026-09-01,18:31,S04,Shiba店,1,可口可乐330ml,饮料,4,9.2,0,36.8,会员储值,小赵,否
2674,2026-09-01,18:35,S03,Rabbit店,25,伊利纯牛奶250ml,乳制品,2,47.9,0,95.8,会员储值,小张,否
331,2026-09-01,18:36,S03,Rabbit店,28,安慕希酸奶,乳制品,5,45.3,0,226.5,会员储值,小陈,否
3083,2026-09-01,18:38,S04,Shiba店,76,江小白,酒水,1,49.1,0,49.1,现金,小赵,否
3564,2026-09-01,18:39,S03,Rabbit店,57,五花肉,生鲜,4,18.2,0,72.8,支付宝,小陈,否
1970,2026-09-01,18:41,S03,Rabbit店,54,苹果,生鲜,2,21.1,0.15,35.87,会员储值,小张,否
2134,2026-09-01,18:53,S04,Shiba店,45,舒肤佳香皂,日用百货,1,12.6,0,12.6,支付宝,小张,否
1484,2026-09-01,19:00,S01,Bear店,54,苹果,生鲜,2,21.1,0,42.2,支付宝,小赵,是
3818,2026-09-01,19:05,S01,Bear店,67,面包吐司,熟食烘焙,2,15.9,0.1,28.62,支付宝,小刘,否
2687,2026-09-01,19:23,S01,Bear店,76,江小白,酒水,3,49.1,0.1,132.57,支付宝,小赵,是
773,2026-09-01,19:28,S01,Bear店,56,鸡蛋30枚,生鲜,1,23.1,0.15,19.64,会员储值,小陈,否
3714,2026-09-01,20:01,S04,Shiba店,39,陈醋,粮油调味,4,15.2,0.1,54.72,现金,小李,否
3056,2026-09-01,20:08,S01,Bear店,6,美汁源果粒橙,饮料,2,28.8,0,57.6,会员储值,小张,否
3489,2026-09-01,20:08,S02,Catty店,75,长城干红,酒水,1,54.3,0,54.3,银行卡,小张,是
958,2026-09-01,20:11,S03,Rabbit店,68,蛋挞,熟食烘焙,4,35.8,0,143.2,微信,小赵,否
2441,2026-09-01,20:13,S03,Rabbit店,69,炸鸡腿,熟食烘焙,1,45.1,0,45.1,现金,小赵,否
2228,2026-09-01,20:16,S03,Rabbit店,77,RIO鸡尾酒,酒水,5,29,0,145,微信,小刘,否
527,2026-09-01,20:17,S04,Shiba店,14,奥利奥原味,零食,5,11.6,0.1,52.2,支付宝,小赵,否
4006,2026-09-01,20:23,S02,Catty店,42,清风抽纸3层,日用百货,5,37.8,0.1,170.1,微信,小王,是
721,2026-09-01,20:40,S03,Rabbit店,6,美汁源果粒橙,饮料,3,28.8,0,86.4,微信,小刘,否
2350,2026-09-01,20:47,S01,Bear店,79,思念汤圆,冷冻食品,4,54.9,0,219.6,会员储值,小王,否
3842,2026-09-01,20:49,S03,Rabbit店,54,苹果,生鲜,4,21.1,0,84.4,支付宝,小陈,否
3172,2026-09-01,20:56,S02,Catty店,5,王老吉罐装,饮料,4,24.6,0,98.4,银行卡,小赵,否
4177,2026-09-01,21:00,S01,Bear店,15,旺旺雪饼,零食,5,33.4,0,167,微信,小刘,否
1922,2026-09-01,21:03,S01,Bear店,42,清风抽纸3层,日用百货,2,37.8,0,75.6,微信,小刘,否
981,2026-09-01,21:04,S03,Rabbit店,49,保鲜膜,日用百货,3,50.2,0,150.6,会员储值,小赵,否
3761,2026-09-01,21:07,S04,Shiba店,50,电池5号,日用百货,1,36.6,0,36.6,支付宝,小刘,否
3750,2026-09-01,21:18,S03,Rabbit店,67,面包吐司,熟食烘焙,3,15.9,0.15,40.55,微信,小张,否
3793,2026-09-01,21:32,S04,Shiba店,68,蛋挞,熟食烘焙,4,35.8,0.15,121.72,现金,小王,否
3515,2026-09-01,21:35,S03,Rabbit店,55,香蕉,生鲜,1,10.8,0,10.8,会员储值,小陈,否
2461,2026-09-01,21:37,S02,Catty店,32,奶酪棒,乳制品,4,28.7,0,114.8,现金,小陈,否
556,2026-09-01,21:43,S01,Bear店,12,依云矿泉水,饮料,5,28.5,0,142.5,支付宝,小张,否
4115,2026-09-01,21:45,S02,Catty店,28,安慕希酸奶,乳制品,4,45.3,0,181.2,微信,小李,否
319,2026-09-01,21:59,S03,Rabbit店,83,冻青豆玉米,冷冻食品,4,59.5,0,238,支付宝,小李,否
306,2026-09-01,22:07,S02,Catty店,46,高露洁牙膏,日用百货,4,53.4,0,213.6,微信,小陈,否
1182,2026-09-01,22:09,S04,Shiba店,43,维达卷纸,日用百货,5,23.6,0,118,银行卡,小李,否
364,2026-09-01,22:16,S01,Bear店,67,面包吐司,熟食烘焙,4,15.9,0,63.6,微信,小张,否
716,2026-09-01,22:30,S02,Catty店,76,江小白,酒水,2,49.1,0,98.2,支付宝,小王,否
3255,2026-09-01,22:39,S04,Shiba店,39,陈醋,粮油调味,1,15.2,0.1,13.68,银行卡,小王,否
2423,2026-09-01,22:45,S02,Catty店,25,伊利纯牛奶250ml,乳制品,1,47.9,0,47.9,银行卡,小王,否
2417,2026-09-01,22:58,S01,Bear店,81,和路雪甜筒,冷冻食品,2,39.7,0.1,71.46,银行卡,小赵,否
4181,2026-09-01,22:59,S02,Catty店,83,冻青豆玉米,冷冻食品,5,59.5,0,297.5,现金,小李,否
1631,2026-09-02,07:02,S03,Rabbit店,11,维他柠檬茶,饮料,2,52.8,0,105.6,微信,小刘,否
2522,2026-09-02,07:07,S03,Rabbit店,83,冻青豆玉米,冷冻食品,5,59.5,0,297.5,现金,小李,否
3049,2026-09-02,07:13,S03,Rabbit店,43,维达卷纸,日用百货,4,23.6,0,94.4,微信,小刘,否
596,2026-09-02,07:23,S04,Shiba店,69,炸鸡腿,熟食烘焙,1,45.1,0,45.1,微信,小刘,否
1991,2026-09-02,07:29,S03,Rabbit店,44,蓝月亮洗衣液,日用百货,2,12.3,0,24.6,银行卡,小张,是
28,2026-09-02,07:37,S02,Catty店,3,元气森林气泡水,饮料,1,24.4,0,24.4,微信,小张,是
2835,2026-09-02,07:41,S01,Bear店,20,士力架花生,零食,3,47.6,0,142.8,支付宝,小刘,是
27,2026-09-02,07:45,S01,Bear店,72,青岛啤酒500ml,酒水,1,58.2,0,58.2,微信,小赵,否
130,2026-09-02,07:54,S01,Bear店,81,和路雪甜筒,冷冻食品,5,39.7,0,198.5,微信,小张,是
445,2026-09-02,08:09,S01,Bear店,45,舒肤佳香皂,日用百货,2,12.6,0.1,22.68,现金,小赵,否
866,2026-09-02,08:11,S02,Catty店,76,江小白,酒水,4,49.1,0,196.4,支付宝,小张,是
1301,2026-09-02,08:12,S03,Rabbit店,67,面包吐司,熟食烘焙,3,15.9,0,47.7,微信,小张,否
600,2026-09-02,08:14,S03,Rabbit店,78,湾仔码头水饺,冷冻食品,3,11.2,0,33.6,支付宝,小赵,否
1248,2026-09-02,08:17,S04,Shiba店,33,德亚全脂牛奶,乳制品,1,2.6,0,2.6,银行卡,小张,否
3335,2026-09-02,08:25,S04,Shiba店,45,舒肤佳香皂,日用百货,2,12.6,0,25.2,现金,小陈,否
52,2026-09-02,08:27,S01,Bear店,26,蒙牛特仑苏,乳制品,3,29.2,0,87.6,支付宝,小赵,否
2535,2026-09-02,08:27,S02,Catty店,71,三明治,熟食烘焙,4,40.7,0,162.8,微信,小陈,否
1272,2026-09-02,08:31,S02,Catty店,73,雪花啤酒,酒水,2,35.1,0,70.2,支付宝,小赵,是
3851,2026-09-02,08:37,S02,Catty店,10,康师傅冰红茶,饮料,1,34.3,0,34.3,现金,小赵,否
3690,2026-09-02,08:40,S04,Shiba店,30,简爱酸奶,乳制品,1,15.7,0,15.7,会员储值,小陈,否
2764,2026-09-02,08:53,S02,Catty店,68,蛋挞,熟食烘焙,1,35.8,0,35.8,会员储值,小陈,否
4137,2026-09-02,09:44,S03,Rabbit店,6,美汁源果粒橙,饮料,2,28.8,0,57.6,银行卡,小赵,否
2159,2026-09-02,09:57,S04,Shiba店,32,奶酪棒,乳制品,1,28.7,0,28.7,支付宝,小赵,否
1499,2026-09-02,10:00,S01,Bear店,50,电池5号,日用百货,1,36.6,0,36.6,现金,小李,是
1491,2026-09-02,10:02,S02,Catty店,49,保鲜膜,日用百货,1,50.2,0,50.2,银行卡,小王,是
649,2026-09-02,10:16,S02,Catty店,3,元气森林气泡水,饮料,5,24.4,0,122,微信,小王,是
991,2026-09-02,10:38,S04,Shiba店,16,卫龙辣条,零食,3,29.4,0,88.2,支付宝,小赵,否
2146,2026-09-02,10:40,S03,Rabbit店,25,伊利纯牛奶250ml,乳制品,2,47.9,0,95.8,现金,小赵,否
1223,2026-09-02,10:41,S04,Shiba店,4,东方树叶乌龙茶,饮料,5,49.8,0,249,会员储值,小张,否
2451,2026-09-02,10:46,S01,Bear店,32,奶酪棒,乳制品,4,28.7,0,114.8,银行卡,小张,是
1649,2026-09-02,10:54,S03,Rabbit店,60,土豆,生鲜,5,24.3,0.1,109.35,微信,小李,否
1623,2026-09-02,11:08,S04,Shiba店,5,王老吉罐装,饮料,4,24.6,0,98.4,支付宝,小张,否
2413,2026-09-02,11:11,S03,Rabbit店,22,洽洽小黄袋,零食,4,50.2,0,200.8,微信,小张,否
2576,2026-09-02,11:20,S01,Bear店,12,依云矿泉水,饮料,3,28.5,0,85.5,支付宝,小赵,否
37,2026-09-02,11:31,S01,Bear店,25,伊利纯牛奶250ml,乳制品,2,47.9,0,95.8,微信,小刘,否
547,2026-09-02,11:35,S02,Catty店,22,洽洽小黄袋,零食,2,50.2,0.1,90.36,微信,小张,是
917,2026-09-02,11:45,S01,Bear店,67,面包吐司,熟食烘焙,5,15.9,0.15,67.58,银行卡,小王,否
3011,2026-09-02,11:46,S02,Catty店,73,雪花啤酒,酒水,2,35.1,0,70.2,会员储值,小赵,是
3932,2026-09-02,11:58,S04,Shiba店,50,电池5号,日用百货,5,36.6,0,183,会员储值,小张,否
2017,2026-09-02,12:01,S02,Catty店,72,青岛啤酒500ml,酒水,1,58.2,0,58.2,银行卡,小李,否
2950,2026-09-02,12:13,S02,Catty店,29,养乐多5连瓶,乳制品,1,39.4,0,39.4,微信,小赵,否
2164,2026-09-02,12:16,S01,Bear店,33,德亚全脂牛奶,乳制品,5,2.6,0,13,现金,小刘,否
754,2026-09-02,12:27,S01,Bear店,25,伊利纯牛奶250ml,乳制品,5,47.9,0.1,215.55,银行卡,小张,否
599,2026-09-02,12:33,S02,Catty店,69,炸鸡腿,熟食烘焙,5,45.1,0,225.5,现金,小李,否
2054,2026-09-02,12:33,S03,Rabbit店,34,金龙鱼食用油5L,粮油调味,2,45.2,0.1,81.36,微信,小刘,是
974,2026-09-02,12:46,S03,Rabbit店,6,美汁源果粒橙,饮料,1,28.8,0,28.8,微信,小刘,否
3633,2026-09-02,12:51,S04,Shiba店,76,江小白,酒水,4,49.1,0,196.4,银行卡,小陈,否
2716,2026-09-02,13:02,S01,Bear店,34,金龙鱼食用油5L,粮油调味,1,45.2,0,45.2,银行卡,小赵,否
262,2026-09-02,13:11,S03,Rabbit店,32,奶酪棒,乳制品,5,28.7,0.1,129.15,银行卡,小陈,否
392,2026-09-02,13:13,S01,Bear店,19,三只松鼠每日坚果,零食,1,53.1,0.1,47.79,支付宝,小李,否
200,2026-09-02,13:17,S01,Bear店,80,雀巢冰淇淋,冷冻食品,3,11.6,0,34.8,微信,小刘,否
2292,2026-09-02,13:42,S01,Bear店,72,青岛啤酒500ml,酒水,4,58.2,0,232.8,支付宝,小王,否
115,2026-09-02,13:49,S04,Shiba店,22,洽洽小黄袋,零食,2,50.2,0.1,90.36,现金,小张,否
3232,2026-09-02,14:01,S03,Rabbit店,57,五花肉,生鲜,2,18.2,0,36.4,支付宝,小陈,否
4167,2026-09-02,14:01,S02,Catty店,15,旺旺雪饼,零食,2,33.4,0,66.8,银行卡,小李,是
3831,2026-09-02,14:23,S03,Rabbit店,69,炸鸡腿,熟食烘焙,2,45.1,0.1,81.18,支付宝,小李,否
2276,2026-09-02,14:24,S02,Catty店,28,安慕希酸奶,乳制品,1,45.3,0,45.3,银行卡,小李,是
2825,2026-09-02,14:41,S01,Bear店,81,和路雪甜筒,冷冻食品,1,39.7,0,39.7,现金,小王,否
263,2026-09-02,14:47,S02,Catty店,35,福临门大米5kg,粮油调味,1,31.8,0.1,28.62,支付宝,小张,是
3240,2026-09-02,14:59,S02,Catty店,23,比比赞面包,零食,4,65,0,260,支付宝,小王,是
2802,2026-09-02,15:09,S01,Bear店,26,蒙牛特仑苏,乳制品,2,29.2,0,58.4,现金,小刘,是
2993,2026-09-02,15:26,S04,Shiba店,31,旺仔牛奶,乳制品,1,24.4,0,24.4,支付宝,小赵,否
1866,2026-09-02,15:27,S03,Rabbit店,70,便当盒饭,熟食烘焙,2,28.5,0,57,微信,小陈,否
2489,2026-09-02,15:27,S02,Catty店,62,西兰花,生鲜,2,40.8,0,81.6,会员储值,小张,否
167,2026-09-02,15:28,S03,Rabbit店,83,冻青豆玉米,冷冻食品,5,59.5,0,297.5,微信,小刘,否
1219,2026-09-02,15:31,S01,Bear店,26,蒙牛特仑苏,乳制品,3,29.2,0.1,78.84,支付宝,小陈,否
305,2026-09-02,15:37,S03,Rabbit店,29,养乐多5连瓶,乳制品,1,39.4,0,39.4,现金,小陈,否
4151,2026-09-02,15:37,S04,Shiba店,74,牛栏山二锅头,酒水,5,59.6,0,298,现金,小张,否
732,2026-09-02,15:42,S02,Catty店,60,土豆,生鲜,4,24.3,0,97.2,会员储值,小陈,否
289,2026-09-02,15:57,S01,Bear店,62,西兰花,生鲜,5,40.8,0,204,微信,小刘,否
2828,2026-09-02,15:58,S01,Bear店,35,福临门大米5kg,粮油调味,5,31.8,0.1,143.1,微信,小赵,否
776,2026-09-02,16:10,S03,Rabbit店,15,旺旺雪饼,零食,5,33.4,0,167,会员储值,小张,是
644,2026-09-02,16:14,S02,Catty店,61,胡萝卜,生鲜,2,56,0.15,95.2,微信,小李,否
762,2026-09-02,16:17,S03,Rabbit店,64,鲜肉包子,熟食烘焙,2,6,0.1,10.8,现金,小李,否
1563,2026-09-02,16:20,S03,Rabbit店,18,好丽友巧克力派,零食,4,12.1,0,48.4,支付宝,小赵,是
373,2026-09-02,16:31,S04,Shiba店,23,比比赞面包,零食,5,65,0,325,支付宝,小刘,是
513,2026-09-02,16:34,S04,Shiba店,75,长城干红,酒水,1,54.3,0,54.3,银行卡,小王,是
3854,2026-09-02,16:37,S02,Catty店,64,鲜肉包子,熟食烘焙,3,6,0.1,16.2,支付宝,小赵,否
339,2026-09-02,16:40,S01,Bear店,1,可口可乐330ml,饮料,2,9.2,0,18.4,现金,小陈,否
3566,2026-09-02,16:43,S02,Catty店,50,电池5号,日用百货,4,36.6,0,146.4,银行卡,小张,否
678,2026-09-02,16:44,S01,Bear店,33,德亚全脂牛奶,乳制品,5,2.6,0.1,11.7,会员储值,小陈,是
3804,2026-09-02,16:45,S04,Shiba店,7,椰树椰汁,饮料,2,32,0,64,现金,小王,是
3828,2026-09-02,17:09,S02,Catty店,71,三明治,熟食烘焙,1,40.7,0,40.7,银行卡,小张,否
389,2026-09-02,17:15,S02,Catty店,8,脉动青柠,饮料,4,50.6,0,202.4,现金,小王,否
2033,2026-09-02,17:22,S02,Catty店,14,奥利奥原味,零食,1,11.6,0.1,10.44,现金,小李,否
196,2026-09-02,17:23,S01,Bear店,79,思念汤圆,冷冻食品,3,54.9,0,164.7,支付宝,小陈,是
65,2026-09-02,17:27,S04,Shiba店,2,农夫山泉550ml,饮料,5,57,0,285,现金,小赵,否
3219,2026-09-02,17:30,S04,Shiba店,14,奥利奥原味,零食,4,11.6,0,46.4,支付宝,小张,否
1822,2026-09-02,17:31,S02,Catty店,63,草莓,生鲜,3,23.3,0.1,62.91,现金,小张,是
1562,2026-09-02,17:39,S01,Bear店,43,维达卷纸,日用百货,2,23.6,0,47.2,银行卡,小王,否
1756,2026-09-02,17:41,S04,Shiba店,43,维达卷纸,日用百货,1,23.6,0,23.6,微信,小李,否
863,2026-09-02,17:47,S03,Rabbit店,41,白糖1kg,粮油调味,5,37.3,0.1,167.85,微信,小王,否
1782,2026-09-02,17:48,S01,Bear店,63,草莓,生鲜,5,23.3,0,116.5,会员储值,小陈,否
3379,2026-09-02,17:49,S03,Rabbit店,56,鸡蛋30枚,生鲜,5,23.1,0,115.5,支付宝,小李,否
3225,2026-09-02,17:50,S02,Catty店,78,湾仔码头水饺,冷冻食品,3,11.2,0,33.6,支付宝,小刘,是
3957,2026-09-02,17:54,S01,Bear店,17,恰恰香瓜子,零食,3,26.2,0,78.6,现金,小刘,否
2317,2026-09-02,17:57,S01,Bear店,59,鲈鱼,生鲜,4,39.1,0,156.4,会员储值,小李,否
3096,2026-09-02,18:00,S02,Catty店,13,乐事薯片原味,零食,1,59.6,0,59.6,会员储值,小陈,是
1987,2026-09-02,18:01,S03,Rabbit店,4,东方树叶乌龙茶,饮料,3,49.8,0,149.4,银行卡,小王,否
2679,2026-09-02,18:01,S04,Shiba店,52,本地西红柿,生鲜,2,43.2,0,86.4,微信,小陈,否
1810,2026-09-02,18:06,S03,Rabbit店,50,电池5号,日用百货,2,36.6,0.1,65.88,微信,小刘,否
3408,2026-09-02,18:20,S03,Rabbit店,21,德芙丝滑巧克力,零食,3,23.2,0,69.6,银行卡,小李,否
3756,2026-09-02,18:29,S04,Shiba店,42,清风抽纸3层,日用百货,2,37.8,0.1,68.04,会员储值,小刘,否
1262,2026-09-02,18:33,S01,Bear店,30,简爱酸奶,乳制品,1,15.7,0,15.7,银行卡,小陈,是
1365,2026-09-02,18:37,S01,Bear店,78,湾仔码头水饺,冷冻食品,3,11.2,0,33.6,现金,小刘,否
1427,2026-09-02,18:54,S02,Catty店,68,蛋挞,熟食烘焙,3,35.8,0.15,91.29,支付宝,小赵,否
2713,2026-09-02,19:24,S03,Rabbit店,26,蒙牛特仑苏,乳制品,5,29.2,0,146,支付宝,小李,否
1187,2026-09-02,19:32,S04,Shiba店,71,三明治,熟食烘焙,2,40.7,0,81.4,会员储值,小李,否
382,2026-09-02,19:37,S02,Catty店,31,旺仔牛奶,乳制品,1,24.4,0.1,21.96,会员储值,小王,是
1832,2026-09-02,19:38,S01,Bear店,19,三只松鼠每日坚果,零食,5,53.1,0,265.5,现金,小王,否
455,2026-09-02,19:58,S03,Rabbit店,45,舒肤佳香皂,日用百货,5,12.6,0,63,微信,小陈,是
3509,2026-09-02,20:01,S03,Rabbit店,68,蛋挞,熟食烘焙,4,35.8,0.15,121.72,支付宝,小赵,否
2081,2026-09-02,20:04,S02,Catty店,76,江小白,酒水,3,49.1,0,147.3,微信,小赵,否
432,2026-09-02,20:05,S03,Rabbit店,31,旺仔牛奶,乳制品,1,24.4,0,24.4,支付宝,小陈,是
3372,2026-09-02,20:05,S02,Catty店,34,金龙鱼食用油5L,粮油调味,4,45.2,0,180.8,支付宝,小陈,否
1320,2026-09-02,20:07,S04,Shiba店,5,王老吉罐装,饮料,4,24.6,0,98.4,会员储值,小赵,否
1681,2026-09-02,20:15,S03,Rabbit店,22,洽洽小黄袋,零食,3,50.2,0,150.6,支付宝,小李,否
1552,2026-09-02,20:36,S02,Catty店,52,本地西红柿,生鲜,2,43.2,0,86.4,会员储值,小赵,否
3124,2026-09-02,20:43,S02,Catty店,25,伊利纯牛奶250ml,乳制品,1,47.9,0,47.9,微信,小赵,是
589,2026-09-02,20:49,S03,Rabbit店,73,雪花啤酒,酒水,5,35.1,0,175.5,现金,小王,否
4095,2026-09-02,20:49,S02,Catty店,61,胡萝卜,生鲜,3,56,0,168,支付宝,小陈,否
2474,2026-09-02,21:03,S01,Bear店,18,好丽友巧克力派,零食,5,12.1,0,60.5,支付宝,小赵,否
886,2026-09-02,21:19,S03,Rabbit店,47,垃圾袋50只,日用百货,2,2.1,0,4.2,支付宝,小陈,否
3847,2026-09-02,21:27,S02,Catty店,3,元气森林气泡水,饮料,4,24.4,0,97.6,现金,小刘,否
4037,2026-09-02,21:31,S04,Shiba店,79,思念汤圆,冷冻食品,5,54.9,0,274.5,微信,小张,是
336,2026-09-02,21:33,S03,Rabbit店,65,茶叶蛋,熟食烘焙,2,4.3,0,8.6,支付宝,小王,否
1653,2026-09-02,21:34,S01,Bear店,19,三只松鼠每日坚果,零食,4,53.1,0.1,191.16,会员储值,小陈,否
2944,2026-09-02,21:36,S01,Bear店,46,高露洁牙膏,日用百货,2,53.4,0.1,96.12,会员储值,小张,否
2497,2026-09-02,21:40,S02,Catty店,76,江小白,酒水,2,49.1,0,98.2,支付宝,小赵,否
4030,2026-09-02,22:04,S01,Bear店,70,便当盒饭,熟食烘焙,1,28.5,0,28.5,现金,小王,否
1409,2026-09-02,22:05,S02,Catty店,32,奶酪棒,乳制品,2,28.7,0,57.4,微信,小刘,否
606,2026-09-02,22:06,S02,Catty店,14,奥利奥原味,零食,3,11.6,0,34.8,微信,小王,否
70,2026-09-02,22:35,S01,Bear店,53,黄瓜,生鲜,3,45.7,0.15,116.54,会员储值,小李,是
1709,2026-09-02,22:39,S01,Bear店,11,维他柠檬茶,饮料,3,52.8,0,158.4,银行卡,小王,否
393,2026-09-02,22:41,S01,Bear店,80,雀巢冰淇淋,冷冻食品,4,11.6,0,46.4,现金,小王,是
1953,2026-09-03,07:03,S04,Shiba店,9,红牛250ml,饮料,5,26.3,0,131.5,微信,小张,否
3544,2026-09-03,07:08,S02,Catty店,24,上好佳鲜虾片,零食,1,17.9,0.1,16.11,微信,小李,是
3840,2026-09-03,07:20,S01,Bear店,39,陈醋,粮油调味,2,15.2,0,30.4,微信,小李,否
1553,2026-09-03,07:23,S02,Catty店,50,电池5号,日用百货,5,36.6,0,183,银行卡,小陈,否
3531,2026-09-03,07:30,S01,Bear店,40,食用盐500g,粮油调味,3,55.7,0,167.1,支付宝,小刘,否
327,2026-09-03,07:50,S02,Catty店,76,江小白,酒水,2,49.1,0,98.2,微信,小赵,是
1438,2026-09-03,07:54,S04,Shiba店,30,简爱酸奶,乳制品,1,15.7,0,15.7,银行卡,小陈,否
4024,2026-09-03,08:00,S03,Rabbit店,39,陈醋,粮油调味,4,15.2,0,60.8,现金,小陈,否
2258,2026-09-03,08:11,S02,Catty店,13,乐事薯片原味,零食,2,59.6,0.1,107.28,会员储值,小张,否
1270,2026-09-03,08:21,S04,Shiba店,74,牛栏山二锅头,酒水,3,59.6,0,178.8,支付宝,小陈,是
829,2026-09-03,08:36,S04,Shiba店,57,五花肉,生鲜,5,18.2,0.1,81.9,支付宝,小王,否
2036,2026-09-03,09:07,S01,Bear店,74,牛栏山二锅头,酒水,4,59.6,0.1,214.56,微信,小赵,否
743,2026-09-03,09:11,S01,Bear店,13,乐事薯片原味,零食,2,59.6,0.1,107.28,会员储值,小张,否
3091,2026-09-03,09:14,S03,Rabbit店,81,和路雪甜筒,冷冻食品,5,39.7,0,198.5,银行卡,小陈,否
1500,2026-09-03,09:15,S04,Shiba店,47,垃圾袋50只,日用百货,3,2.1,0,6.3,微信,小李,否
3450,2026-09-03,09:26,S02,Catty店,16,卫龙辣条,零食,2,29.4,0,58.8,支付宝,小陈,否
698,2026-09-03,09:29,S01,Bear店,45,舒肤佳香皂,日用百货,5,12.6,0.1,56.7,银行卡,小李,否
569,2026-09-03,09:37,S04,Shiba店,4,东方树叶乌龙茶,饮料,4,49.8,0.1,179.28,支付宝,小王,否
1010,2026-09-03,09:40,S01,Bear店,29,养乐多5连瓶,乳制品,4,39.4,0,157.6,支付宝,小王,否
610,2026-09-03,09:52,S03,Rabbit店,18,好丽友巧克力派,零食,3,12.1,0,36.3,支付宝,小陈,否
3101,2026-09-03,09:58,S03,Rabbit店,21,德芙丝滑巧克力,零食,1,23.2,0,23.2,微信,小刘,是
526,2026-09-03,10:13,S03,Rabbit店,2,农夫山泉550ml,饮料,4,57,0,228,现金,小李,否
2813,2026-09-03,10:13,S01,Bear店,79,思念汤圆,冷冻食品,4,54.9,0.1,197.64,支付宝,小陈,否
2263,2026-09-03,10:17,S01,Bear店,23,比比赞面包,零食,4,65,0.1,234,会员储值,小李,否
3105,2026-09-03,10:24,S03,Rabbit店,42,清风抽纸3层,日用百货,2,37.8,0.1,68.04,现金,小赵,是
3931,2026-09-03,10:25,S01,Bear店,61,胡萝卜,生鲜,5,56,0.15,238,现金,小张,否
1410,2026-09-03,10:30,S02,Catty店,63,草莓,生鲜,4,23.3,0.1,83.88,银行卡,小陈,否
1809,2026-09-03,10:34,S01,Bear店,9,红牛250ml,饮料,4,26.3,0,105.2,现金,小李,否
3897,2026-09-03,11:00,S01,Bear店,13,乐事薯片原味,零食,2,59.6,0,119.2,现金,小赵,是
2126,2026-09-03,11:02,S04,Shiba店,20,士力架花生,零食,1,47.6,0,47.6,现金,小张,否
2457,2026-09-03,11:06,S04,Shiba店,34,金龙鱼食用油5L,粮油调味,2,45.2,0.1,81.36,现金,小李,否
1741,2026-09-03,11:16,S04,Shiba店,15,旺旺雪饼,零食,2,33.4,0,66.8,现金,小陈,否
1902,2026-09-03,11:30,S02,Catty店,46,高露洁牙膏,日用百货,2,53.4,0.1,96.12,支付宝,小王,否
2623,2026-09-03,11:31,S01,Bear店,18,好丽友巧克力派,零食,2,12.1,0,24.2,微信,小张,否
4166,2026-09-03,11:35,S02,Catty店,79,思念汤圆,冷冻食品,5,54.9,0,274.5,银行卡,小陈,否
2365,2026-09-03,11:40,S04,Shiba店,72,青岛啤酒500ml,酒水,1,58.2,0.1,52.38,支付宝,小李,是
3490,2026-09-03,11:57,S02,Catty店,41,白糖1kg,粮油调味,1,37.3,0.1,33.57,会员储值,小陈,否
1696,2026-09-03,12:00,S01,Bear店,31,旺仔牛奶,乳制品,4,24.4,0,97.6,会员储值,小刘,是
2421,2026-09-03,12:01,S02,Catty店,46,高露洁牙膏,日用百货,2,53.4,0,106.8,支付宝,小刘,否
250,2026-09-03,12:05,S02,Catty店,44,蓝月亮洗衣液,日用百货,3,12.3,0,36.9,微信,小张,否
2699,2026-09-03,12:10,S03,Rabbit店,74,牛栏山二锅头,酒水,1,59.6,0,59.6,银行卡,小李,是
3404,2026-09-03,12:15,S02,Catty店,5,王老吉罐装,饮料,1,24.6,0.1,22.14,微信,小刘,否
664,2026-09-03,12:17,S03,Rabbit店,39,陈醋,粮油调味,4,15.2,0,60.8,支付宝,小赵,否
2720,2026-09-03,12:26,S01,Bear店,61,胡萝卜,生鲜,2,56,0.1,100.8,会员储值,小刘,否
3600,2026-09-03,12:31,S03,Rabbit店,26,蒙牛特仑苏,乳制品,4,29.2,0,116.8,银行卡,小王,是
1560,2026-09-03,12:44,S02,Catty店,60,土豆,生鲜,1,24.3,0,24.3,支付宝,小刘,是
2298,2026-09-03,12:47,S03,Rabbit店,45,舒肤佳香皂,日用百货,5,12.6,0,63,微信,小陈,否
3357,2026-09-03,12:58,S04,Shiba店,23,比比赞面包,零食,5,65,0,325,会员储值,小陈,否
3950,2026-09-03,13:00,S03,Rabbit店,21,德芙丝滑巧克力,零食,3,23.2,0,69.6,银行卡,小刘,否
1594,2026-09-03,13:03,S03,Rabbit店,70,便当盒饭,熟食烘焙,4,28.5,0,114,支付宝,小陈,否
446,2026-09-03,13:16,S04,Shiba店,16,卫龙辣条,零食,3,29.4,0,88.2,现金,小王,是
3888,2026-09-03,13:16,S02,Catty店,45,舒肤佳香皂,日用百货,3,12.6,0.1,34.02,现金,小王,否
2061,2026-09-03,13:22,S04,Shiba店,2,农夫山泉550ml,饮料,4,57,0,228,会员储值,小李,否
1304,2026-09-03,13:24,S04,Shiba店,17,恰恰香瓜子,零食,4,26.2,0.1,94.32,微信,小王,否
2800,2026-09-03,13:31,S03,Rabbit店,52,本地西红柿,生鲜,1,43.2,0,43.2,支付宝,小张,否
2248,2026-09-03,13:32,S04,Shiba店,34,金龙鱼食用油5L,粮油调味,2,45.2,0,90.4,支付宝,小刘,否
1843,2026-09-03,13:43,S01,Bear店,17,恰恰香瓜子,零食,3,26.2,0,78.6,银行卡,小张,否
287,2026-09-03,13:59,S01,Bear店,56,鸡蛋30枚,生鲜,3,23.1,0,69.3,支付宝,小陈,否
1550,2026-09-03,14:07,S02,Catty店,9,红牛250ml,饮料,5,26.3,0.1,118.35,支付宝,小赵,否
3733,2026-09-03,14:12,S01,Bear店,40,食用盐500g,粮油调味,3,55.7,0.1,150.39,支付宝,小李,否
3445,2026-09-03,14:16,S03,Rabbit店,46,高露洁牙膏,日用百货,3,53.4,0,160.2,支付宝,小李,否
2045,2026-09-03,14:17,S04,Shiba店,42,清风抽纸3层,日用百货,4,37.8,0,151.2,会员储值,小张,否
3195,2026-09-03,14:20,S03,Rabbit店,3,元气森林气泡水,饮料,4,24.4,0,97.6,会员储值,小王,否
3132,2026-09-03,14:29,S02,Catty店,62,西兰花,生鲜,1,40.8,0,40.8,银行卡,小李,是
2984,2026-09-03,14:35,S02,Catty店,21,德芙丝滑巧克力,零食,1,23.2,0,23.2,银行卡,小赵,是
2424,2026-09-03,14:36,S02,Catty店,35,福临门大米5kg,粮油调味,4,31.8,0,127.2,支付宝,小张,否
2668,2026-09-03,14:36,S01,Bear店,82,冻薯条,冷冻食品,5,37.3,0,186.5,银行卡,小李,否
3235,2026-09-03,14:40,S02,Catty店,59,鲈鱼,生鲜,3,39.1,0,117.3,银行卡,小陈,否
2284,2026-09-03,14:50,S01,Bear店,27,光明鲜牛奶,乳制品,1,8.1,0.1,7.29,会员储值,小陈,否
425,2026-09-03,14:51,S01,Bear店,24,上好佳鲜虾片,零食,3,17.9,0.1,48.33,会员储值,小刘,是
4078,2026-09-03,14:56,S01,Bear店,62,西兰花,生鲜,3,40.8,0,122.4,支付宝,小赵,否
1766,2026-09-03,15:05,S02,Catty店,39,陈醋,粮油调味,2,15.2,0.1,27.36,支付宝,小李,否
1639,2026-09-03,15:12,S02,Catty店,59,鲈鱼,生鲜,1,39.1,0,39.1,支付宝,小赵,是
2629,2026-09-03,15:18,S02,Catty店,46,高露洁牙膏,日用百货,1,53.4,0,53.4,会员储值,小刘,否
1297,2026-09-03,15:22,S03,Rabbit店,30,简爱酸奶,乳制品,1,15.7,0,15.7,微信,小王,否
3253,2026-09-03,15:34,S03,Rabbit店,38,老干妈辣椒酱,粮油调味,1,39.4,0,39.4,会员储值,小王,否
2059,2026-09-03,15:41,S04,Shiba店,22,洽洽小黄袋,零食,1,50.2,0,50.2,现金,小刘,否
4081,2026-09-03,15:51,S04,Shiba店,45,舒肤佳香皂,日用百货,3,12.6,0,37.8,支付宝,小李,否
276,2026-09-03,15:53,S04,Shiba店,29,养乐多5连瓶,乳制品,4,39.4,0,157.6,微信,小王,否
2787,2026-09-03,15:54,S02,Catty店,8,脉动青柠,饮料,2,50.6,0,101.2,现金,小赵,否
1153,2026-09-03,15:59,S02,Catty店,75,长城干红,酒水,3,54.3,0,162.9,银行卡,小陈,否
1199,2026-09-03,16:00,S04,Shiba店,21,德芙丝滑巧克力,零食,4,23.2,0.1,83.52,会员储值,小陈,否
2439,2026-09-03,16:12,S02,Catty店,44,蓝月亮洗衣液,日用百货,1,12.3,0,12.3,微信,小赵,否
2981,2026-09-03,16:19,S03,Rabbit店,71,三明治,熟食烘焙,2,40.7,0,81.4,微信,小王,否
2143,2026-09-03,16:26,S03,Rabbit店,46,高露洁牙膏,日用百货,1,53.4,0,53.4,银行卡,小陈,否
1747,2026-09-03,16:27,S03,Rabbit店,83,冻青豆玉米,冷冻食品,4,59.5,0,238,支付宝,小张,是
3226,2026-09-03,16:27,S02,Catty店,1,可口可乐330ml,饮料,1,9.2,0,9.2,银行卡,小张,否
2136,2026-09-03,16:37,S03,Rabbit店,54,苹果,生鲜,2,21.1,0.1,37.98,银行卡,小王,是
1337,2026-09-03,16:41,S03,Rabbit店,20,士力架花生,零食,3,47.6,0,142.8,会员储值,小张,是
3145,2026-09-03,16:45,S03,Rabbit店,26,蒙牛特仑苏,乳制品,5,29.2,0,146,微信,小赵,否
3254,2026-09-03,16:45,S01,Bear店,72,青岛啤酒500ml,酒水,3,58.2,0,174.6,银行卡,小陈,否
1673,2026-09-03,16:52,S03,Rabbit店,7,椰树椰汁,饮料,4,32,0,128,支付宝,小陈,否
3054,2026-09-03,16:52,S01,Bear店,42,清风抽纸3层,日用百货,5,37.8,0.1,170.1,银行卡,小张,否
3875,2026-09-03,16:55,S01,Bear店,77,RIO鸡尾酒,酒水,1,29,0,29,微信,小刘,否
1070,2026-09-03,16:56,S04,Shiba店,42,清风抽纸3层,日用百货,3,37.8,0,113.4,会员储值,小陈,否
3321,2026-09-03,16:58,S02,Catty店,5,王老吉罐装,饮料,4,24.6,0,98.4,微信,小张,否
3464,2026-09-03,17:00,S02,Catty店,23,比比赞面包,零食,2,65,0.1,117,银行卡,小陈,否
767,2026-09-03,17:01,S01,Bear店,17,恰恰香瓜子,零食,2,26.2,0,52.4,会员储值,小刘,否
1263,2026-09-03,17:15,S01,Bear店,50,电池5号,日用百货,2,36.6,0,73.2,银行卡,小王,是
3523,2026-09-03,17:20,S01,Bear店,37,太太乐鸡精,粮油调味,4,34.2,0,136.8,会员储值,小刘,否
3906,2026-09-03,17:29,S03,Rabbit店,54,苹果,生鲜,4,21.1,0.15,71.74,银行卡,小刘,否
385,2026-09-03,17:30,S04,Shiba店,52,本地西红柿,生鲜,3,43.2,0,129.6,银行卡,小张,否
4047,2026-09-03,17:33,S04,Shiba店,70,便当盒饭,熟食烘焙,3,28.5,0.15,72.67,会员储值,小李,否
3014,2026-09-03,17:34,S01,Bear店,55,香蕉,生鲜,5,10.8,0,54,会员储值,小赵,否
2013,2026-09-03,17:37,S04,Shiba店,73,雪花啤酒,酒水,1,35.1,0,35.1,支付宝,小赵,否
2564,2026-09-03,17:46,S02,Catty店,7,椰树椰汁,饮料,3,32,0,96,会员储值,小刘,否
2195,2026-09-03,17:57,S03,Rabbit店,79,思念汤圆,冷冻食品,2,54.9,0,109.8,现金,小刘,否
3104,2026-09-03,18:02,S04,Shiba店,42,清风抽纸3层,日用百货,1,37.8,0,37.8,微信,小陈,否
358,2026-09-03,18:12,S04,Shiba店,43,维达卷纸,日用百货,1,23.6,0,23.6,会员储值,小张,否
258,2026-09-03,18:31,S03,Rabbit店,70,便当盒饭,熟食烘焙,3,28.5,0.1,76.95,支付宝,小王,是
3959,2026-09-03,18:43,S02,Catty店,82,冻薯条,冷冻食品,1,37.3,0,37.3,会员储值,小刘,是
3704,2026-09-03,18:51,S01,Bear店,28,安慕希酸奶,乳制品,3,45.3,0.1,122.31,会员储值,小陈,否
1230,2026-09-03,18:53,S04,Shiba店,16,卫龙辣条,零食,2,29.4,0,58.8,银行卡,小李,否
3003,2026-09-03,18:53,S03,Rabbit店,28,安慕希酸奶,乳制品,1,45.3,0,45.3,微信,小赵,否
127,2026-09-03,19:11,S02,Catty店,51,牙签,日用百货,3,18.3,0,54.9,银行卡,小刘,否
3262,2026-09-03,19:15,S01,Bear店,83,冻青豆玉米,冷冻食品,1,59.5,0,59.5,会员储值,小刘,否
1324,2026-09-03,19:53,S04,Shiba店,8,脉动青柠,饮料,3,50.6,0,151.8,支付宝,小陈,是
1127,2026-09-03,19:54,S02,Catty店,82,冻薯条,冷冻食品,2,37.3,0.1,67.14,支付宝,小赵,否
3615,2026-09-03,20:04,S02,Catty店,1,可口可乐330ml,饮料,4,9.2,0.1,33.12,支付宝,小陈,否
2448,2026-09-03,20:06,S03,Rabbit店,18,好丽友巧克力派,零食,4,12.1,0,48.4,微信,小陈,是
3658,2026-09-03,20:09,S04,Shiba店,14,奥利奥原味,零食,2,11.6,0,23.2,支付宝,小赵,是
951,2026-09-03,20:13,S02,Catty店,18,好丽友巧克力派,零食,5,12.1,0,60.5,会员储值,小陈,否
1465,2026-09-03,20:14,S02,Catty店,74,牛栏山二锅头,酒水,1,59.6,0,59.6,会员储值,小赵,否
2267,2026-09-03,20:29,S01,Bear店,15,旺旺雪饼,零食,5,33.4,0.1,150.3,会员储值,小李,否
3238,2026-09-03,20:50,S01,Bear店,11,维他柠檬茶,饮料,2,52.8,0,105.6,现金,小王,否
971,2026-09-03,21:03,S02,Catty店,9,红牛250ml,饮料,4,26.3,0,105.2,微信,小张,是
3928,2026-09-03,21:08,S01,Bear店,78,湾仔码头水饺,冷冻食品,5,11.2,0,56,现金,小赵,否
1683,2026-09-03,21:13,S01,Bear店,16,卫龙辣条,零食,4,29.4,0,117.6,支付宝,小王,否
1720,2026-09-03,21:46,S04,Shiba店,30,简爱酸奶,乳制品,5,15.7,0,78.5,支付宝,小李,是
2335,2026-09-03,22:01,S01,Bear店,44,蓝月亮洗衣液,日用百货,2,12.3,0,24.6,银行卡,小赵,否
2605,2026-09-03,22:16,S03,Rabbit店,8,脉动青柠,饮料,2,50.6,0,101.2,现金,小张,否
842,2026-09-03,22:19,S01,Bear店,44,蓝月亮洗衣液,日用百货,2,12.3,0,24.6,银行卡,小王,否
2547,2026-09-03,22:28,S03,Rabbit店,13,乐事薯片原味,零食,2,59.6,0,119.2,支付宝,小张,否
428,2026-09-03,22:41,S04,Shiba店,4,东方树叶乌龙茶,饮料,2,49.8,0,99.6,现金,小刘,否
506,2026-09-03,22:43,S01,Bear店,23,比比赞面包,零食,3,65,0,195,支付宝,小赵,否
1933,2026-09-03,22:53,S01,Bear店,31,旺仔牛奶,乳制品,3,24.4,0,73.2,会员储值,小王,否
3587,2026-09-04,07:01,S01,Bear店,70,便当盒饭,熟食烘焙,3,28.5,0.1,76.95,现金,小张,是
3936,2026-09-04,07:07,S03,Rabbit店,68,蛋挞,熟食烘焙,5,35.8,0.15,152.15,会员储值,小刘,否
1077,2026-09-04,07:08,S03,Rabbit店,65,茶叶蛋,熟食烘焙,5,4.3,0.1,19.35,现金,小赵,是
3424,2026-09-04,07:36,S01,Bear店,38,老干妈辣椒酱,粮油调味,2,39.4,0,78.8,微信,小张,否
3264,2026-09-04,07:51,S02,Catty店,39,陈醋,粮油调味,5,15.2,0,76,现金,小赵,否
1852,2026-09-04,07:56,S02,Catty店,15,旺旺雪饼,零食,3,33.4,0,100.2,银行卡,小赵,否
369,2026-09-04,08:03,S03,Rabbit店,59,鲈鱼,生鲜,4,39.1,0,156.4,支付宝,小王,否
311,2026-09-04,08:10,S03,Rabbit店,51,牙签,日用百货,2,18.3,0,36.6,支付宝,小刘,否
888,2026-09-04,08:12,S01,Bear店,10,康师傅冰红茶,饮料,3,34.3,0,102.9,微信,小李,是
441,2026-09-04,08:16,S02,Catty店,45,舒肤佳香皂,日用百货,4,12.6,0,50.4,支付宝,小陈,是
1435,2026-09-04,08:17,S03,Rabbit店,45,舒肤佳香皂,日用百货,4,12.6,0,50.4,微信,小张,是
2899,2026-09-04,08:20,S03,Rabbit店,13,乐事薯片原味,零食,1,59.6,0,59.6,会员储值,小李,是
2661,2026-09-04,08:25,S04,Shiba店,23,比比赞面包,零食,4,65,0,260,会员储值,小陈,否
216,2026-09-04,08:31,S04,Shiba店,38,老干妈辣椒酱,粮油调味,2,39.4,0,78.8,银行卡,小李,否
16,2026-09-04,08:47,S03,Rabbit店,28,安慕希酸奶,乳制品,4,45.3,0,181.2,会员储值,小张,否
1732,2026-09-04,09:01,S02,Catty店,12,依云矿泉水,饮料,1,28.5,0.1,25.65,现金,小陈,否
2463,2026-09-04,09:12,S04,Shiba店,24,上好佳鲜虾片,零食,2,17.9,0,35.8,银行卡,小李,否
1017,2026-09-04,09:13,S02,Catty店,82,冻薯条,冷冻食品,4,37.3,0.1,134.28,银行卡,小李,否
2241,2026-09-04,09:24,S04,Shiba店,32,奶酪棒,乳制品,1,28.7,0,28.7,微信,小张,否
317,2026-09-04,09:29,S04,Shiba店,29,养乐多5连瓶,乳制品,4,39.4,0,157.6,支付宝,小刘,否
568,2026-09-04,09:36,S01,Bear店,19,三只松鼠每日坚果,零食,1,53.1,0,53.1,会员储值,小李,是
4170,2026-09-04,09:39,S01,Bear店,43,维达卷纸,日用百货,4,23.6,0,94.4,银行卡,小王,是
1786,2026-09-04,09:40,S03,Rabbit店,6,美汁源果粒橙,饮料,5,28.8,0.1,129.6,支付宝,小王,是
1613,2026-09-04,09:49,S02,Catty店,1,可口可乐330ml,饮料,4,9.2,0,36.8,微信,小陈,否
4044,2026-09-04,09:55,S03,Rabbit店,43,维达卷纸,日用百货,3,23.6,0,70.8,银行卡,小陈,否
1618,2026-09-04,10:00,S04,Shiba店,76,江小白,酒水,5,49.1,0,245.5,会员储值,小王,否
1916,2026-09-04,10:01,S01,Bear店,31,旺仔牛奶,乳制品,5,24.4,0,122,银行卡,小王,否
1158,2026-09-04,10:04,S02,Catty店,44,蓝月亮洗衣液,日用百货,2,12.3,0.1,22.14,支付宝,小陈,否
360,2026-09-04,10:13,S01,Bear店,81,和路雪甜筒,冷冻食品,3,39.7,0,119.1,微信,小王,否
3371,2026-09-04,10:13,S02,Catty店,1,可口可乐330ml,饮料,1,9.2,0,9.2,银行卡,小张,否
3725,2026-09-04,10:17,S04,Shiba店,5,王老吉罐装,饮料,4,24.6,0,98.4,现金,小王,否
714,2026-09-04,10:52,S04,Shiba店,35,福临门大米5kg,粮油调味,3,31.8,0,95.4,微信,小陈,否
2644,2026-09-04,11:04,S04,Shiba店,30,简爱酸奶,乳制品,3,15.7,0,47.1,支付宝,小赵,是
2849,2026-09-04,11:19,S01,Bear店,23,比比赞面包,零食,5,65,0,325,微信,小赵,是
845,2026-09-04,11:29,S02,Catty店,43,维达卷纸,日用百货,1,23.6,0,23.6,支付宝,小陈,是
2409,2026-09-04,11:33,S04,Shiba店,61,胡萝卜,生鲜,5,56,0,280,支付宝,小王,否
1384,2026-09-04,11:34,S04,Shiba店,17,恰恰香瓜子,零食,3,26.2,0,78.6,支付宝,小张,否
352,2026-09-04,11:45,S03,Rabbit店,30,简爱酸奶,乳制品,3,15.7,0,47.1,现金,小王,是
1506,2026-09-04,11:50,S04,Shiba店,44,蓝月亮洗衣液,日用百货,4,12.3,0,49.2,会员储值,小刘,否
2924,2026-09-04,11:52,S01,Bear店,7,椰树椰汁,饮料,5,32,0,160,银行卡,小李,否
1028,2026-09-04,12:03,S04,Shiba店,66,关东煮,熟食烘焙,1,24.5,0.15,20.82,支付宝,小李,否
2034,2026-09-04,12:04,S04,Shiba店,40,食用盐500g,粮油调味,4,55.7,0,222.8,会员储值,小张,否
1781,2026-09-04,12:08,S04,Shiba店,71,三明治,熟食烘焙,3,40.7,0.1,109.89,支付宝,小赵,否
3724,2026-09-04,12:11,S03,Rabbit店,11,维他柠檬茶,饮料,5,52.8,0,264,现金,小张,是
940,2026-09-04,12:13,S03,Rabbit店,23,比比赞面包,零食,3,65,0.1,175.5,会员储值,小陈,是
562,2026-09-04,12:16,S03,Rabbit店,54,苹果,生鲜,2,21.1,0.1,37.98,现金,小李,否
2277,2026-09-04,12:26,S03,Rabbit店,63,草莓,生鲜,2,23.3,0,46.6,现金,小李,否
3433,2026-09-04,12:29,S02,Catty店,16,卫龙辣条,零食,5,29.4,0,147,微信,小刘,否
1647,2026-09-04,12:40,S02,Catty店,64,鲜肉包子,熟食烘焙,2,6,0,12,现金,小王,否
459,2026-09-04,13:00,S03,Rabbit店,29,养乐多5连瓶,乳制品,3,39.4,0,118.2,会员储值,小张,否
2493,2026-09-04,13:09,S04,Shiba店,70,便当盒饭,熟食烘焙,1,28.5,0,28.5,支付宝,小刘,否
2023,2026-09-04,13:15,S01,Bear店,33,德亚全脂牛奶,乳制品,2,2.6,0,5.2,微信,小张,是
1432,2026-09-04,13:16,S04,Shiba店,57,五花肉,生鲜,3,18.2,0.15,46.41,银行卡,小陈,否
3975,2026-09-04,13:19,S03,Rabbit店,34,金龙鱼食用油5L,粮油调味,2,45.2,0,90.4,现金,小陈,否
3689,2026-09-04,13:29,S02,Catty店,21,德芙丝滑巧克力,零食,4,23.2,0,92.8,现金,小张,否
3727,2026-09-04,13:34,S03,Rabbit店,30,简爱酸奶,乳制品,5,15.7,0.1,70.65,现金,小刘,否
2740,2026-09-04,13:40,S03,Rabbit店,73,雪花啤酒,酒水,4,35.1,0,140.4,现金,小张,是
4188,2026-09-04,13:49,S03,Rabbit店,45,舒肤佳香皂,日用百货,4,12.6,0.1,45.36,微信,小李,是
1507,2026-09-04,14:01,S02,Catty店,31,旺仔牛奶,乳制品,2,24.4,0,48.8,会员储值,小陈,否
4157,2026-09-04,14:01,S02,Catty店,32,奶酪棒,乳制品,3,28.7,0.1,77.49,会员储值,小陈,否
741,2026-09-04,14:05,S02,Catty店,68,蛋挞,熟食烘焙,2,35.8,0,71.6,现金,小王,否
3632,2026-09-04,14:07,S01,Bear店,79,思念汤圆,冷冻食品,1,54.9,0,54.9,会员储值,小张,否
3748,2026-09-04,14:07,S04,Shiba店,49,保鲜膜,日用百货,3,50.2,0,150.6,微信,小赵,否
508,2026-09-04,14:11,S04,Shiba店,44,蓝月亮洗衣液,日用百货,1,12.3,0,12.3,微信,小张,否
2860,2026-09-04,14:19,S02,Catty店,18,好丽友巧克力派,零食,5,12.1,0.1,54.45,现金,小张,是
4144,2026-09-04,14:20,S03,Rabbit店,66,关东煮,熟食烘焙,2,24.5,0.1,44.1,支付宝,小李,否
350,2026-09-04,14:22,S02,Catty店,54,苹果,生鲜,5,21.1,0,105.5,微信,小刘,否
2431,2026-09-04,14:25,S01,Bear店,23,比比赞面包,零食,2,65,0,130,银行卡,小陈,否
2369,2026-09-04,14:34,S03,Rabbit店,23,比比赞面包,零食,4,65,0,260,现金,小李,否
1080,2026-09-04,14:37,S04,Shiba店,45,舒肤佳香皂,日用百货,2,12.6,0,25.2,银行卡,小王,否
2302,2026-09-04,14:52,S04,Shiba店,83,冻青豆玉米,冷冻食品,4,59.5,0,238,会员储值,小刘,是
891,2026-09-04,14:56,S03,Rabbit店,75,长城干红,酒水,4,54.3,0,217.2,微信,小刘,否
2141,2026-09-04,15:27,S04,Shiba店,10,康师傅冰红茶,饮料,4,34.3,0,137.2,银行卡,小王,否
1356,2026-09-04,15:30,S04,Shiba店,11,维他柠檬茶,饮料,4,52.8,0,211.2,银行卡,小王,否
231,2026-09-04,15:31,S03,Rabbit店,22,洽洽小黄袋,零食,3,50.2,0.1,135.54,会员储值,小王,否
3916,2026-09-04,15:41,S04,Shiba店,81,和路雪甜筒,冷冻食品,2,39.7,0,79.4,会员储值,小张,否
1225,2026-09-04,15:44,S03,Rabbit店,23,比比赞面包,零食,1,65,0,65,会员储值,小李,否
1470,2026-09-04,15:53,S01,Bear店,63,草莓,生鲜,4,23.3,0,93.2,支付宝,小王,否
2916,2026-09-04,16:00,S02,Catty店,74,牛栏山二锅头,酒水,2,59.6,0,119.2,现金,小张,否
3001,2026-09-04,16:05,S02,Catty店,78,湾仔码头水饺,冷冻食品,5,11.2,0,56,会员储值,小刘,否
1619,2026-09-04,16:24,S03,Rabbit店,31,旺仔牛奶,乳制品,2,24.4,0,48.8,银行卡,小王,否
2399,2026-09-04,16:33,S04,Shiba店,62,西兰花,生鲜,2,40.8,0,81.6,微信,小王,否
3453,2026-09-04,16:37,S03,Rabbit店,9,红牛250ml,饮料,5,26.3,0,131.5,会员储值,小赵,否
2326,2026-09-04,16:42,S04,Shiba店,37,太太乐鸡精,粮油调味,2,34.2,0,68.4,微信,小李,是
418,2026-09-04,16:43,S01,Bear店,71,三明治,熟食烘焙,2,40.7,0,81.4,微信,小王,否
3383,2026-09-04,16:56,S01,Bear店,66,关东煮,熟食烘焙,5,24.5,0.1,110.25,现金,小刘,否
3951,2026-09-04,16:56,S01,Bear店,44,蓝月亮洗衣液,日用百货,3,12.3,0,36.9,微信,小张,否
4049,2026-09-04,16:59,S01,Bear店,58,鸡胸肉,生鲜,5,39.7,0,198.5,微信,小赵,否
1424,2026-09-04,17:07,S03,Rabbit店,73,雪花啤酒,酒水,1,35.1,0.1,31.59,微信,小陈,是
518,2026-09-04,17:09,S03,Rabbit店,39,陈醋,粮油调味,2,15.2,0,30.4,支付宝,小张,否
1600,2026-09-04,17:09,S04,Shiba店,52,本地西红柿,生鲜,1,43.2,0.1,38.88,支付宝,小赵,是
2227,2026-09-04,17:10,S02,Catty店,12,依云矿泉水,饮料,1,28.5,0,28.5,现金,小赵,否
2107,2026-09-04,17:14,S02,Catty店,28,安慕希酸奶,乳制品,2,45.3,0,90.6,银行卡,小刘,是
785,2026-09-04,17:15,S01,Bear店,47,垃圾袋50只,日用百货,5,2.1,0,10.5,现金,小张,否
1999,2026-09-04,17:16,S02,Catty店,56,鸡蛋30枚,生鲜,3,23.1,0.1,62.37,支付宝,小李,是
817,2026-09-04,17:35,S03,Rabbit店,41,白糖1kg,粮油调味,4,37.3,0.1,134.28,银行卡,小李,否
119,2026-09-04,17:36,S03,Rabbit店,28,安慕希酸奶,乳制品,3,45.3,0,135.9,支付宝,小张,否
3592,2026-09-04,17:36,S04,Shiba店,34,金龙鱼食用油5L,粮油调味,4,45.2,0,180.8,会员储值,小李,是
1724,2026-09-04,17:51,S03,Rabbit店,55,香蕉,生鲜,2,10.8,0.15,18.36,支付宝,小张,是
1492,2026-09-04,17:52,S02,Catty店,5,王老吉罐装,饮料,1,24.6,0.1,22.14,会员储值,小刘,否
1143,2026-09-04,17:56,S03,Rabbit店,62,西兰花,生鲜,2,40.8,0,81.6,会员储值,小王,否
3019,2026-09-04,17:58,S04,Shiba店,15,旺旺雪饼,零食,5,33.4,0,167,现金,小张,否
2462,2026-09-04,18:01,S02,Catty店,56,鸡蛋30枚,生鲜,5,23.1,0.15,98.17,会员储值,小李,否
348,2026-09-04,18:04,S02,Catty店,63,草莓,生鲜,4,23.3,0,93.2,会员储值,小赵,否
2812,2026-09-04,18:06,S03,Rabbit店,20,士力架花生,零食,3,47.6,0,142.8,现金,小赵,是
206,2026-09-04,18:08,S01,Bear店,59,鲈鱼,生鲜,4,39.1,0,156.4,现金,小刘,否
381,2026-09-04,18:09,S04,Shiba店,38,老干妈辣椒酱,粮油调味,2,39.4,0,78.8,银行卡,小李,否
2044,2026-09-04,18:21,S03,Rabbit店,11,维他柠檬茶,饮料,1,52.8,0,52.8,会员储值,小刘,是
2934,2026-09-04,18:25,S04,Shiba店,13,乐事薯片原味,零食,5,59.6,0,298,银行卡,小张,否
2861,2026-09-04,18:34,S01,Bear店,77,RIO鸡尾酒,酒水,1,29,0,29,现金,小李,否
433,2026-09-04,18:36,S02,Catty店,81,和路雪甜筒,冷冻食品,1,39.7,0,39.7,银行卡,小赵,是
826,2026-09-04,18:39,S03,Rabbit店,77,RIO鸡尾酒,酒水,4,29,0,116,支付宝,小陈,是
1888,2026-09-04,18:55,S01,Bear店,38,老干妈辣椒酱,粮油调味,4,39.4,0,157.6,会员储值,小刘,否
1873,2026-09-04,18:56,S04,Shiba店,34,金龙鱼食用油5L,粮油调味,1,45.2,0.1,40.68,银行卡,小王,否
906,2026-09-04,19:00,S02,Catty店,29,养乐多5连瓶,乳制品,5,39.4,0,197,微信,小王,否
2230,2026-09-04,19:11,S03,Rabbit店,80,雀巢冰淇淋,冷冻食品,4,11.6,0,46.4,微信,小李,是
2414,2026-09-04,19:14,S04,Shiba店,81,和路雪甜筒,冷冻食品,2,39.7,0,79.4,会员储值,小张,否
1668,2026-09-04,19:17,S01,Bear店,10,康师傅冰红茶,饮料,3,34.3,0,102.9,银行卡,小李,否
204,2026-09-04,19:20,S03,Rabbit店,5,王老吉罐装,饮料,1,24.6,0.1,22.14,支付宝,小陈,是
2672,2026-09-04,19:21,S02,Catty店,47,垃圾袋50只,日用百货,3,2.1,0,6.3,现金,小王,否
505,2026-09-04,19:25,S02,Catty店,48,洗碗海绵,日用百货,3,37.5,0,112.5,支付宝,小赵,是
470,2026-09-04,19:31,S04,Shiba店,22,洽洽小黄袋,零食,3,50.2,0,150.6,微信,小刘,是
1931,2026-09-04,19:31,S01,Bear店,63,草莓,生鲜,2,23.3,0.1,41.94,会员储值,小赵,否
3332,2026-09-04,19:43,S01,Bear店,36,海天生抽,粮油调味,1,31.2,0,31.2,支付宝,小张,否
3442,2026-09-04,19:48,S03,Rabbit店,14,奥利奥原味,零食,5,11.6,0,58,微信,小张,否
3470,2026-09-04,19:48,S04,Shiba店,6,美汁源果粒橙,饮料,4,28.8,0,115.2,支付宝,小李,否
2256,2026-09-04,20:04,S01,Bear店,64,鲜肉包子,熟食烘焙,3,6,0,18,银行卡,小张,否
1283,2026-09-04,20:07,S02,Catty店,54,苹果,生鲜,3,21.1,0.1,56.97,支付宝,小李,是
2646,2026-09-04,20:10,S04,Shiba店,63,草莓,生鲜,1,23.3,0,23.3,支付宝,小陈,否
3934,2026-09-04,20:16,S02,Catty店,28,安慕希酸奶,乳制品,4,45.3,0,181.2,微信,小张,是
834,2026-09-04,20:17,S02,Catty店,6,美汁源果粒橙,饮料,3,28.8,0,86.4,支付宝,小刘,否
158,2026-09-04,20:42,S01,Bear店,48,洗碗海绵,日用百货,2,37.5,0,75,会员储值,小张,是
1295,2026-09-04,20:55,S03,Rabbit店,20,士力架花生,零食,2,47.6,0,95.2,现金,小张,否
576,2026-09-04,20:57,S03,Rabbit店,64,鲜肉包子,熟食烘焙,1,6,0,6,会员储值,小赵,否
3322,2026-09-04,21:01,S01,Bear店,8,脉动青柠,饮料,2,50.6,0,101.2,会员储值,小陈,否
210,2026-09-04,21:10,S01,Bear店,58,鸡胸肉,生鲜,2,39.7,0.1,71.46,支付宝,小王,否
1418,2026-09-04,21:10,S02,Catty店,56,鸡蛋30枚,生鲜,3,23.1,0,69.3,会员储值,小王,否
3220,2026-09-04,21:24,S02,Catty店,30,简爱酸奶,乳制品,4,15.7,0,62.8,现金,小李,是
3716,2026-09-04,21:39,S01,Bear店,66,关东煮,熟食烘焙,5,24.5,0,122.5,支付宝,小张,否
3303,2026-09-04,21:41,S02,Catty店,26,蒙牛特仑苏,乳制品,2,29.2,0,58.4,支付宝,小赵,是
3401,2026-09-04,21:42,S02,Catty店,46,高露洁牙膏,日用百货,1,53.4,0,53.4,银行卡,小张,否
768,2026-09-04,21:44,S03,Rabbit店,42,清风抽纸3层,日用百货,1,37.8,0,37.8,微信,小李,是
525,2026-09-04,21:48,S01,Bear店,63,草莓,生鲜,5,23.3,0,116.5,现金,小张,否
2782,2026-09-04,21:50,S01,Bear店,50,电池5号,日用百货,3,36.6,0,109.8,会员储值,小李,否
2318,2026-09-04,22:00,S04,Shiba店,39,陈醋,粮油调味,2,15.2,0,30.4,会员储值,小王,否
2559,2026-09-04,22:01,S01,Bear店,55,香蕉,生鲜,5,10.8,0,54,银行卡,小刘,否
1192,2026-09-04,22:13,S04,Shiba店,38,老干妈辣椒酱,粮油调味,4,39.4,0.1,141.84,会员储值,小李,否
597,2026-09-04,22:18,S01,Bear店,44,蓝月亮洗衣液,日用百货,5,12.3,0,61.5,银行卡,小张,否
2873,2026-09-04,22:21,S02,Catty店,58,鸡胸肉,生鲜,4,39.7,0,158.8,微信,小刘,否
1458,2026-09-04,22:26,S02,Catty店,5,王老吉罐装,饮料,5,24.6,0,123,支付宝,小赵,否
1488,2026-09-04,22:31,S03,Rabbit店,15,旺旺雪饼,零食,1,33.4,0,33.4,支付宝,小张,否
514,2026-09-04,22:40,S02,Catty店,48,洗碗海绵,日用百货,1,37.5,0.1,33.75,微信,小李,否
830,2026-09-04,22:43,S04,Shiba店,69,炸鸡腿,熟食烘焙,1,45.1,0,45.1,微信,小陈,是
765,2026-09-04,22:55,S02,Catty店,80,雀巢冰淇淋,冷冻食品,5,11.6,0,58,现金,小李,否
4035,2026-09-04,22:55,S04,Shiba店,71,三明治,熟食烘焙,2,40.7,0.15,69.19,支付宝,小李,否
3719,2026-09-05,07:04,S04,Shiba店,37,太太乐鸡精,粮油调味,4,34.2,0,136.8,微信,小刘,否
2750,2026-09-05,07:13,S01,Bear店,75,长城干红,酒水,3,54.3,0,162.9,支付宝,小赵,是
635,2026-09-05,07:16,S03,Rabbit店,10,康师傅冰红茶,饮料,4,34.3,0,137.2,银行卡,小李,是
2795,2026-09-05,07:41,S01,Bear店,72,青岛啤酒500ml,酒水,3,58.2,0,174.6,银行卡,小陈,否
3637,2026-09-05,07:42,S03,Rabbit店,30,简爱酸奶,乳制品,5,15.7,0,78.5,会员储值,小王,是
3618,2026-09-05,07:53,S01,Bear店,59,鲈鱼,生鲜,5,39.1,0,195.5,微信,小陈,否
1119,2026-09-05,07:54,S04,Shiba店,50,电池5号,日用百货,1,36.6,0,36.6,支付宝,小张,是
1602,2026-09-05,07:54,S02,Catty店,18,好丽友巧克力派,零食,5,12.1,0.1,54.45,现金,小张,是
1036,2026-09-05,08:05,S02,Catty店,79,思念汤圆,冷冻食品,4,54.9,0,219.6,支付宝,小张,否
4022,2026-09-05,08:07,S04,Shiba店,25,伊利纯牛奶250ml,乳制品,4,47.9,0,191.6,银行卡,小赵,否
930,2026-09-05,08:10,S02,Catty店,17,恰恰香瓜子,零食,5,26.2,0,131,银行卡,小王,否
1962,2026-09-05,08:12,S04,Shiba店,68,蛋挞,熟食烘焙,4,35.8,0,143.2,微信,小赵,否
3015,2026-09-05,08:16,S03,Rabbit店,56,鸡蛋30枚,生鲜,2,23.1,0,46.2,会员储值,小王,否
956,2026-09-05,08:19,S03,Rabbit店,10,康师傅冰红茶,饮料,1,34.3,0.1,30.87,支付宝,小陈,是
383,2026-09-05,08:25,S04,Shiba店,30,简爱酸奶,乳制品,4,15.7,0,62.8,微信,小张,否
1490,2026-09-05,08:26,S02,Catty店,31,旺仔牛奶,乳制品,2,24.4,0,48.8,微信,小赵,是
2149,2026-09-05,08:33,S02,Catty店,7,椰树椰汁,饮料,1,32,0,32,现金,小王,是
1385,2026-09-05,08:34,S04,Shiba店,7,椰树椰汁,饮料,1,32,0,32,银行卡,小陈,是
4052,2026-09-05,08:39,S04,Shiba店,73,雪花啤酒,酒水,1,35.1,0,35.1,微信,小赵,是
621,2026-09-05,08:41,S03,Rabbit店,74,牛栏山二锅头,酒水,1,59.6,0,59.6,微信,小张,是
162,2026-09-05,08:42,S04,Shiba店,6,美汁源果粒橙,饮料,1,28.8,0,28.8,支付宝,小张,否
2063,2026-09-05,08:43,S03,Rabbit店,25,伊利纯牛奶250ml,乳制品,5,47.9,0.1,215.55,微信,小刘,否
745,2026-09-05,08:47,S02,Catty店,64,鲜肉包子,熟食烘焙,3,6,0,18,银行卡,小李,否
911,2026-09-05,08:50,S04,Shiba店,21,德芙丝滑巧克力,零食,3,23.2,0,69.6,银行卡,小王,是
4019,2026-09-05,08:52,S02,Catty店,20,士力架花生,零食,3,47.6,0,142.8,微信,小赵,是
611,2026-09-05,09:09,S01,Bear店,51,牙签,日用百货,2,18.3,0,36.6,现金,小王,否
1519,2026-09-05,09:17,S02,Catty店,37,太太乐鸡精,粮油调味,5,34.2,0,171,支付宝,小赵,否
618,2026-09-05,09:26,S04,Shiba店,59,鲈鱼,生鲜,5,39.1,0.15,166.17,会员储值,小张,是
355,2026-09-05,09:33,S02,Catty店,46,高露洁牙膏,日用百货,4,53.4,0,213.6,银行卡,小刘,否
366,2026-09-05,09:38,S04,Shiba店,27,光明鲜牛奶,乳制品,2,8.1,0,16.2,银行卡,小陈,是
3488,2026-09-05,09:51,S04,Shiba店,73,雪花啤酒,酒水,2,35.1,0,70.2,现金,小刘,否
4020,2026-09-05,09:53,S04,Shiba店,80,雀巢冰淇淋,冷冻食品,4,11.6,0.1,41.76,会员储值,小赵,否
2377,2026-09-05,10:25,S03,Rabbit店,18,好丽友巧克力派,零食,3,12.1,0,36.3,现金,小张,否
1421,2026-09-05,10:36,S03,Rabbit店,63,草莓,生鲜,3,23.3,0,69.9,银行卡,小张,否
2315,2026-09-05,10:40,S02,Catty店,69,炸鸡腿,熟食烘焙,2,45.1,0,90.2,支付宝,小陈,否
1988,2026-09-05,10:48,S02,Catty店,56,鸡蛋30枚,生鲜,1,23.1,0,23.1,会员储值,小赵,否
1617,2026-09-05,10:51,S03,Rabbit店,7,椰树椰汁,饮料,2,32,0,64,会员储值,小赵,是
1601,2026-09-05,10:55,S03,Rabbit店,74,牛栏山二锅头,酒水,2,59.6,0.1,107.28,银行卡,小刘,是
38,2026-09-05,10:58,S01,Bear店,48,洗碗海绵,日用百货,5,37.5,0,187.5,现金,小张,是
2725,2026-09-05,10:58,S02,Catty店,81,和路雪甜筒,冷冻食品,3,39.7,0,119.1,微信,小刘,否
2759,2026-09-05,11:07,S02,Catty店,43,维达卷纸,日用百货,5,23.6,0,118,现金,小赵,否
954,2026-09-05,11:08,S01,Bear店,25,伊利纯牛奶250ml,乳制品,5,47.9,0,239.5,微信,小刘,否
3569,2026-09-05,11:16,S01,Bear店,35,福临门大米5kg,粮油调味,1,31.8,0,31.8,现金,小刘,否
1526,2026-09-05,11:20,S04,Shiba店,9,红牛250ml,饮料,3,26.3,0.1,71.01,会员储值,小李,否
3087,2026-09-05,11:29,S03,Rabbit店,40,食用盐500g,粮油调味,4,55.7,0.1,200.52,现金,小王,否
1555,2026-09-05,11:32,S03,Rabbit店,57,五花肉,生鲜,5,18.2,0,91,支付宝,小王,是
1441,2026-09-05,11:51,S04,Shiba店,13,乐事薯片原味,零食,4,59.6,0,238.4,微信,小李,是
3991,2026-09-05,12:02,S03,Rabbit店,2,农夫山泉550ml,饮料,5,57,0,285,微信,小张,否
2599,2026-09-05,12:05,S02,Catty店,57,五花肉,生鲜,1,18.2,0.1,16.38,微信,小李,否
3789,2026-09-05,12:05,S04,Shiba店,72,青岛啤酒500ml,酒水,5,58.2,0,291,银行卡,小陈,否
3426,2026-09-05,12:08,S02,Catty店,31,旺仔牛奶,乳制品,1,24.4,0.1,21.96,现金,小赵,否
2641,2026-09-05,12:21,S04,Shiba店,22,洽洽小黄袋,零食,1,50.2,0,50.2,银行卡,小张,否
2183,2026-09-05,12:33,S01,Bear店,6,美汁源果粒橙,饮料,3,28.8,0,86.4,微信,小赵,否
2046,2026-09-05,12:37,S02,Catty店,43,维达卷纸,日用百货,1,23.6,0,23.6,微信,小刘,否
1079,2026-09-05,12:42,S01,Bear店,14,奥利奥原味,零食,4,11.6,0,46.4,现金,小陈,否
3081,2026-09-05,12:58,S03,Rabbit店,48,洗碗海绵,日用百货,4,37.5,0,150,会员储值,小王,是
182,2026-09-05,13:08,S01,Bear店,65,茶叶蛋,熟食烘焙,1,4.3,0,4.3,微信,小刘,否
2177,2026-09-05,13:08,S02,Catty店,65,茶叶蛋,熟食烘焙,5,4.3,0.15,18.27,银行卡,小李,是
1061,2026-09-05,13:19,S02,Catty店,24,上好佳鲜虾片,零食,1,17.9,0,17.9,现金,小王,否
1452,2026-09-05,13:19,S01,Bear店,40,食用盐500g,粮油调味,3,55.7,0.1,150.39,银行卡,小王,是
1379,2026-09-05,13:39,S04,Shiba店,25,伊利纯牛奶250ml,乳制品,4,47.9,0.1,172.44,微信,小赵,是
413,2026-09-05,13:46,S04,Shiba店,77,RIO鸡尾酒,酒水,1,29,0,29,现金,小李,是
876,2026-09-05,13:48,S01,Bear店,35,福临门大米5kg,粮油调味,2,31.8,0.1,57.24,微信,小李,否
1801,2026-09-05,13:57,S02,Catty店,41,白糖1kg,粮油调味,5,37.3,0,186.5,现金,小王,是
1775,2026-09-05,14:01,S01,Bear店,80,雀巢冰淇淋,冷冻食品,2,11.6,0.1,20.88,现金,小刘,否
1420,2026-09-05,14:13,S01,Bear店,51,牙签,日用百货,4,18.3,0,73.2,现金,小李,否
2101,2026-09-05,14:27,S01,Bear店,28,安慕希酸奶,乳制品,1,45.3,0,45.3,银行卡,小陈,否
778,2026-09-05,14:30,S01,Bear店,15,旺旺雪饼,零食,3,33.4,0,100.2,微信,小张,否
4068,2026-09-05,14:44,S01,Bear店,22,洽洽小黄袋,零食,3,50.2,0,150.6,会员储值,小陈,是
2734,2026-09-05,14:56,S02,Catty店,6,美汁源果粒橙,饮料,2,28.8,0,57.6,会员储值,小王,否
1875,2026-09-05,15:03,S02,Catty店,35,福临门大米5kg,粮油调味,2,31.8,0,63.6,现金,小陈,是
41,2026-09-05,15:07,S02,Catty店,33,德亚全脂牛奶,乳制品,5,2.6,0,13,银行卡,小赵,否
1098,2026-09-05,15:07,S02,Catty店,50,电池5号,日用百货,1,36.6,0,36.6,微信,小张,否
2928,2026-09-05,15:09,S03,Rabbit店,60,土豆,生鲜,2,24.3,0,48.6,会员储值,小张,否
2132,2026-09-05,15:16,S02,Catty店,25,伊利纯牛奶250ml,乳制品,5,47.9,0,239.5,现金,小王,否
74,2026-09-05,15:19,S01,Bear店,81,和路雪甜筒,冷冻食品,4,39.7,0.1,142.92,支付宝,小张,否
3776,2026-09-05,15:19,S02,Catty店,64,鲜肉包子,熟食烘焙,1,6,0.1,5.4,现金,小李,否
4173,2026-09-05,15:33,S02,Catty店,47,垃圾袋50只,日用百货,2,2.1,0,4.2,会员储值,小王,否
2075,2026-09-05,15:34,S03,Rabbit店,64,鲜肉包子,熟食烘焙,5,6,0,30,微信,小赵,是
3218,2026-09-05,15:38,S04,Shiba店,80,雀巢冰淇淋,冷冻食品,4,11.6,0,46.4,会员储值,小赵,否
2869,2026-09-05,15:40,S04,Shiba店,54,苹果,生鲜,3,21.1,0,63.3,银行卡,小李,是
3286,2026-09-05,15:42,S02,Catty店,29,养乐多5连瓶,乳制品,3,39.4,0.1,106.38,支付宝,小李,否
3329,2026-09-05,15:48,S04,Shiba店,23,比比赞面包,零食,4,65,0,260,会员储值,小赵,否
1038,2026-09-05,15:50,S03,Rabbit店,11,维他柠檬茶,饮料,4,52.8,0,211.2,银行卡,小李,否
1980,2026-09-05,15:50,S04,Shiba店,50,电池5号,日用百货,4,36.6,0,146.4,微信,小赵,否
2182,2026-09-05,15:50,S04,Shiba店,20,士力架花生,零食,2,47.6,0.1,85.68,现金,小赵,否
1730,2026-09-05,15:57,S03,Rabbit店,26,蒙牛特仑苏,乳制品,5,29.2,0,146,会员储值,小刘,是
2569,2026-09-05,16:07,S03,Rabbit店,33,德亚全脂牛奶,乳制品,4,2.6,0,10.4,银行卡,小张,否
2031,2026-09-05,16:10,S03,Rabbit店,15,旺旺雪饼,零食,2,33.4,0,66.8,会员储值,小陈,是
666,2026-09-05,16:22,S03,Rabbit店,37,太太乐鸡精,粮油调味,3,34.2,0.1,92.34,银行卡,小张,是
3865,2026-09-05,16:25,S03,Rabbit店,80,雀巢冰淇淋,冷冻食品,5,11.6,0,58,微信,小张,否
945,2026-09-05,16:28,S02,Catty店,62,西兰花,生鲜,5,40.8,0.15,173.4,现金,小陈,否
542,2026-09-05,16:38,S01,Bear店,26,蒙牛特仑苏,乳制品,2,29.2,0,58.4,会员储值,小李,是
581,2026-09-05,16:44,S04,Shiba店,11,维他柠檬茶,饮料,1,52.8,0,52.8,会员储值,小王,是
2434,2026-09-05,16:52,S02,Catty店,42,清风抽纸3层,日用百货,4,37.8,0.1,136.08,微信,小陈,否
2250,2026-09-05,16:55,S04,Shiba店,40,食用盐500g,粮油调味,2,55.7,0.1,100.26,银行卡,小陈,是
2900,2026-09-05,16:55,S02,Catty店,64,鲜肉包子,熟食烘焙,4,6,0,24,会员储值,小李,否
3086,2026-09-05,16:59,S04,Shiba店,83,冻青豆玉米,冷冻食品,3,59.5,0,178.5,微信,小陈,否
1881,2026-09-05,17:00,S04,Shiba店,5,王老吉罐装,饮料,1,24.6,0.1,22.14,会员储值,小赵,否
1598,2026-09-05,17:08,S02,Catty店,23,比比赞面包,零食,5,65,0,325,微信,小陈,是
3608,2026-09-05,17:11,S04,Shiba店,42,清风抽纸3层,日用百货,2,37.8,0,75.6,会员储值,小张,否
1834,2026-09-05,17:14,S04,Shiba店,11,维他柠檬茶,饮料,4,52.8,0.1,190.08,银行卡,小李,否
2096,2026-09-05,17:15,S01,Bear店,1,可口可乐330ml,饮料,4,9.2,0,36.8,现金,小李,否
2865,2026-09-05,17:16,S01,Bear店,38,老干妈辣椒酱,粮油调味,3,39.4,0.1,106.38,银行卡,小刘,否
1703,2026-09-05,17:18,S04,Shiba店,36,海天生抽,粮油调味,3,31.2,0,93.6,支付宝,小王,是
3698,2026-09-05,17:26,S04,Shiba店,83,冻青豆玉米,冷冻食品,1,59.5,0,59.5,现金,小刘,是
1773,2026-09-05,17:55,S01,Bear店,3,元气森林气泡水,饮料,2,24.4,0.1,43.92,会员储值,小刘,否
2428,2026-09-05,18:00,S01,Bear店,36,海天生抽,粮油调味,1,31.2,0.1,28.08,现金,小赵,否
720,2026-09-05,18:05,S04,Shiba店,14,奥利奥原味,零食,5,11.6,0,58,会员储值,小赵,是
169,2026-09-05,18:10,S04,Shiba店,33,德亚全脂牛奶,乳制品,3,2.6,0,7.8,微信,小刘,否
4091,2026-09-05,18:10,S03,Rabbit店,70,便当盒饭,熟食烘焙,1,28.5,0,28.5,微信,小赵,否
1237,2026-09-05,18:26,S01,Bear店,23,比比赞面包,零食,4,65,0,260,银行卡,小王,否
3769,2026-09-05,18:35,S01,Bear店,57,五花肉,生鲜,2,18.2,0.15,30.94,会员储值,小赵,否
3821,2026-09-05,18:38,S01,Bear店,78,湾仔码头水饺,冷冻食品,1,11.2,0,11.2,会员储值,小陈,是
921,2026-09-05,18:42,S02,Catty店,1,可口可乐330ml,饮料,5,9.2,0,46,微信,小李,否
126,2026-09-05,18:44,S04,Shiba店,22,洽洽小黄袋,零食,4,50.2,0,200.8,支付宝,小陈,否
3075,2026-09-05,19:10,S04,Shiba店,20,士力架花生,零食,1,47.6,0,47.6,会员储值,小王,否
3079,2026-09-05,19:10,S02,Catty店,11,维他柠檬茶,饮料,5,52.8,0,264,现金,小李,否
3475,2026-09-05,19:27,S01,Bear店,40,食用盐500g,粮油调味,1,55.7,0,55.7,支付宝,小陈,否
3155,2026-09-05,19:40,S02,Catty店,27,光明鲜牛奶,乳制品,3,8.1,0,24.3,会员储值,小刘,否
486,2026-09-05,19:48,S02,Catty店,80,雀巢冰淇淋,冷冻食品,4,11.6,0.1,41.76,支付宝,小王,是
3178,2026-09-05,19:58,S03,Rabbit店,33,德亚全脂牛奶,乳制品,3,2.6,0,7.8,银行卡,小李,否
2611,2026-09-05,20:01,S03,Rabbit店,2,农夫山泉550ml,饮料,1,57,0,57,会员储值,小刘,是
3768,2026-09-05,20:17,S03,Rabbit店,43,维达卷纸,日用百货,4,23.6,0.1,84.96,微信,小赵,是
1395,2026-09-05,20:18,S04,Shiba店,53,黄瓜,生鲜,3,45.7,0,137.1,现金,小王,否
3191,2026-09-05,20:26,S04,Shiba店,78,湾仔码头水饺,冷冻食品,1,11.2,0.1,10.08,现金,小李,否
139,2026-09-05,20:32,S01,Bear店,32,奶酪棒,乳制品,4,28.7,0,114.8,微信,小王,否
1092,2026-09-05,20:42,S04,Shiba店,56,鸡蛋30枚,生鲜,1,23.1,0.15,19.64,会员储值,小张,否
3561,2026-09-05,20:54,S03,Rabbit店,78,湾仔码头水饺,冷冻食品,4,11.2,0,44.8,会员储值,小刘,是
900,2026-09-05,20:59,S03,Rabbit店,21,德芙丝滑巧克力,零食,1,23.2,0,23.2,会员储值,小赵,是
2073,2026-09-05,21:03,S02,Catty店,1,可口可乐330ml,饮料,4,9.2,0,36.8,银行卡,小王,否
1792,2026-09-05,21:11,S04,Shiba店,17,恰恰香瓜子,零食,3,26.2,0,78.6,支付宝,小刘,否
2570,2026-09-05,21:14,S04,Shiba店,16,卫龙辣条,零食,2,29.4,0,58.8,会员储值,小赵,否
3114,2026-09-05,21:43,S03,Rabbit店,1,可口可乐330ml,饮料,3,9.2,0.1,24.84,银行卡,小李,否
1833,2026-09-05,21:49,S03,Rabbit店,53,黄瓜,生鲜,1,45.7,0,45.7,银行卡,小李,是
2048,2026-09-05,21:58,S03,Rabbit店,79,思念汤圆,冷冻食品,4,54.9,0.1,197.64,微信,小王,否
3214,2026-09-05,22:27,S02,Catty店,15,旺旺雪饼,零食,5,33.4,0,167,银行卡,小李,是
736,2026-09-05,22:31,S04,Shiba店,19,三只松鼠每日坚果,零食,4,53.1,0,212.4,银行卡,小王,否
2014,2026-09-05,22:35,S01,Bear店,52,本地西红柿,生鲜,4,43.2,0.1,155.52,支付宝,小刘,否
729,2026-09-05,22:44,S01,Bear店,13,乐事薯片原味,零食,3,59.6,0,178.8,银行卡,小刘,否
1924,2026-09-05,22:47,S04,Shiba店,48,洗碗海绵,日用百货,3,37.5,0,112.5,现金,小张,否
3983,2026-09-05,22:49,S02,Catty店,71,三明治,熟食烘焙,3,40.7,0.15,103.79,会员储值,小张,否
2190,2026-09-05,22:57,S03,Rabbit店,42,清风抽纸3层,日用百货,3,37.8,0,113.4,现金,小李,否
3591,2026-09-05,22:59,S01,Bear店,71,三明治,熟食烘焙,4,40.7,0,162.8,现金,小张,否
681,2026-09-06,07:05,S02,Catty店,1,可口可乐330ml,饮料,2,9.2,0,18.4,银行卡,小李,是
864,2026-09-06,07:05,S03,Rabbit店,73,雪花啤酒,酒水,3,35.1,0,105.3,支付宝,小张,是
2360,2026-09-06,07:06,S01,Bear店,62,西兰花,生鲜,1,40.8,0,40.8,支付宝,小赵,否
3988,2026-09-06,07:29,S02,Catty店,39,陈醋,粮油调味,3,15.2,0.1,41.04,支付宝,小王,否
1545,2026-09-06,07:35,S03,Rabbit店,32,奶酪棒,乳制品,1,28.7,0,28.7,会员储值,小陈,是
1496,2026-09-06,07:37,S03,Rabbit店,11,维他柠檬茶,饮料,2,52.8,0,105.6,现金,小陈,否
1659,2026-09-06,07:50,S01,Bear店,19,三只松鼠每日坚果,零食,5,53.1,0,265.5,现金,小刘,否
2761,2026-09-06,07:52,S04,Shiba店,8,脉动青柠,饮料,5,50.6,0,253,支付宝,小陈,否
2905,2026-09-06,07:54,S03,Rabbit店,12,依云矿泉水,饮料,4,28.5,0,114,会员储值,小王,否
1285,2026-09-06,07:55,S03,Rabbit店,43,维达卷纸,日用百货,2,23.6,0,47.2,银行卡,小张,否
504,2026-09-06,08:04,S03,Rabbit店,36,海天生抽,粮油调味,1,31.2,0.1,28.08,支付宝,小张,否
2425,2026-09-06,08:09,S04,Shiba店,60,土豆,生鲜,5,24.3,0,121.5,现金,小张,否
2809,2026-09-06,08:11,S04,Shiba店,53,黄瓜,生鲜,5,45.7,0,228.5,会员储值,小张,是
898,2026-09-06,08:12,S04,Shiba店,11,维他柠檬茶,饮料,4,52.8,0,211.2,会员储值,小张,是
4119,2026-09-06,08:14,S01,Bear店,70,便当盒饭,熟食烘焙,5,28.5,0,142.5,支付宝,小赵,否
4086,2026-09-06,08:23,S04,Shiba店,11,维他柠檬茶,饮料,5,52.8,0,264,支付宝,小赵,否
2542,2026-09-06,08:24,S03,Rabbit店,59,鲈鱼,生鲜,3,39.1,0,117.3,支付宝,小王,否
655,2026-09-06,08:37,S03,Rabbit店,41,白糖1kg,粮油调味,3,37.3,0,111.9,银行卡,小张,否
1950,2026-09-06,08:58,S03,Rabbit店,25,伊利纯牛奶250ml,乳制品,4,47.9,0.1,172.44,现金,小陈,否
1714,2026-09-06,09:00,S01,Bear店,73,雪花啤酒,酒水,4,35.1,0,140.4,现金,小张,否
1138,2026-09-06,09:06,S04,Shiba店,57,五花肉,生鲜,4,18.2,0,72.8,现金,小王,否
2685,2026-09-06,09:16,S04,Shiba店,4,东方树叶乌龙茶,饮料,2,49.8,0,99.6,微信,小刘,是
3098,2026-09-06,09:17,S01,Bear店,53,黄瓜,生鲜,3,45.7,0,137.1,支付宝,小赵,否
77,2026-09-06,09:18,S04,Shiba店,57,五花肉,生鲜,4,18.2,0.15,61.88,微信,小赵,否
1837,2026-09-06,09:25,S03,Rabbit店,33,德亚全脂牛奶,乳制品,2,2.6,0,5.2,现金,小赵,否
850,2026-09-06,09:34,S02,Catty店,34,金龙鱼食用油5L,粮油调味,5,45.2,0,226,支付宝,小刘,否
3169,2026-09-06,09:39,S02,Catty店,24,上好佳鲜虾片,零食,4,17.9,0.1,64.44,支付宝,小李,是
1648,2026-09-06,09:40,S04,Shiba店,36,海天生抽,粮油调味,2,31.2,0,62.4,微信,小张,否
3428,2026-09-06,09:40,S02,Catty店,60,土豆,生鲜,2,24.3,0,48.6,支付宝,小王,否
983,2026-09-06,09:42,S04,Shiba店,54,苹果,生鲜,2,21.1,0.15,35.87,支付宝,小赵,否
1723,2026-09-06,09:46,S01,Bear店,74,牛栏山二锅头,酒水,2,59.6,0,119.2,微信,小刘,否
2106,2026-09-06,10:05,S02,Catty店,47,垃圾袋50只,日用百货,3,2.1,0,6.3,会员储值,小王,否
422,2026-09-06,10:33,S04,Shiba店,21,德芙丝滑巧克力,零食,5,23.2,0,116,现金,小李,否
4040,2026-09-06,10:34,S03,Rabbit店,10,康师傅冰红茶,饮料,2,34.3,0,68.6,支付宝,小张,否
3715,2026-09-06,10:35,S04,Shiba店,35,福临门大米5kg,粮油调味,5,31.8,0,159,会员储值,小赵,否
1969,2026-09-06,10:37,S03,Rabbit店,57,五花肉,生鲜,5,18.2,0.1,81.9,微信,小李,是
3276,2026-09-06,10:37,S03,Rabbit店,50,电池5号,日用百货,5,36.6,0,183,会员储值,小李,是
1019,2026-09-06,10:41,S02,Catty店,51,牙签,日用百货,1,18.3,0,18.3,支付宝,小赵,否
3830,2026-09-06,10:47,S01,Bear店,66,关东煮,熟食烘焙,4,24.5,0.1,88.2,会员储值,小李,否
198,2026-09-06,10:55,S01,Bear店,42,清风抽纸3层,日用百货,4,37.8,0,151.2,银行卡,小陈,是
1872,2026-09-06,10:56,S01,Bear店,73,雪花啤酒,酒水,1,35.1,0,35.1,微信,小李,否
4061,2026-09-06,10:56,S03,Rabbit店,82,冻薯条,冷冻食品,3,37.3,0.1,100.71,现金,小刘,是
523,2026-09-06,11:00,S04,Shiba店,28,安慕希酸奶,乳制品,2,45.3,0,90.6,会员储值,小张,否
2766,2026-09-06,11:04,S04,Shiba店,46,高露洁牙膏,日用百货,2,53.4,0,106.8,现金,小陈,否
3664,2026-09-06,11:04,S02,Catty店,45,舒肤佳香皂,日用百货,2,12.6,0,25.2,现金,小刘,否
1375,2026-09-06,11:09,S02,Catty店,7,椰树椰汁,饮料,5,32,0,160,支付宝,小李,否
73,2026-09-06,11:10,S04,Shiba店,53,黄瓜,生鲜,1,45.7,0,45.7,微信,小张,是
786,2026-09-06,11:11,S04,Shiba店,33,德亚全脂牛奶,乳制品,2,2.6,0,5.2,支付宝,小王,否
3480,2026-09-06,11:17,S01,Bear店,70,便当盒饭,熟食烘焙,1,28.5,0,28.5,银行卡,小张,否
573,2026-09-06,11:22,S02,Catty店,21,德芙丝滑巧克力,零食,3,23.2,0,69.6,支付宝,小王,否
1571,2026-09-06,11:26,S01,Bear店,66,关东煮,熟食烘焙,4,24.5,0,98,支付宝,小王,否
4183,2026-09-06,11:28,S01,Bear店,54,苹果,生鲜,1,21.1,0.15,17.94,银行卡,小刘,否
1415,2026-09-06,11:29,S03,Rabbit店,37,太太乐鸡精,粮油调味,5,34.2,0,171,支付宝,小李,否
2912,2026-09-06,11:38,S04,Shiba店,29,养乐多5连瓶,乳制品,2,39.4,0,78.8,支付宝,小王,否
3720,2026-09-06,11:42,S02,Catty店,2,农夫山泉550ml,饮料,1,57,0,57,现金,小陈,否
2663,2026-09-06,11:53,S02,Catty店,73,雪花啤酒,酒水,2,35.1,0,70.2,支付宝,小刘,否
107,2026-09-06,11:57,S04,Shiba店,52,本地西红柿,生鲜,3,43.2,0,129.6,微信,小李,否
3771,2026-09-06,11:57,S02,Catty店,55,香蕉,生鲜,2,10.8,0,21.6,微信,小赵,否
2345,2026-09-06,11:58,S03,Rabbit店,56,鸡蛋30枚,生鲜,4,23.1,0,92.4,银行卡,小赵,否
463,2026-09-06,11:59,S01,Bear店,71,三明治,熟食烘焙,2,40.7,0,81.4,现金,小李,否
2184,2026-09-06,11:59,S01,Bear店,54,苹果,生鲜,2,21.1,0,42.2,支付宝,小李,是
1029,2026-09-06,12:00,S02,Catty店,66,关东煮,熟食烘焙,1,24.5,0.15,20.82,银行卡,小王,否
1746,2026-09-06,12:03,S02,Catty店,18,好丽友巧克力派,零食,5,12.1,0,60.5,银行卡,小赵,否
1402,2026-09-06,12:14,S02,Catty店,73,雪花啤酒,酒水,5,35.1,0.1,157.95,银行卡,小张,是
3641,2026-09-06,12:14,S02,Catty店,3,元气森林气泡水,饮料,5,24.4,0,122,现金,小张,是
1247,2026-09-06,12:17,S04,Shiba店,50,电池5号,日用百货,2,36.6,0,73.2,支付宝,小陈,否
3021,2026-09-06,12:27,S02,Catty店,59,鲈鱼,生鲜,5,39.1,0.1,175.95,微信,小王,是
1665,2026-09-06,12:47,S03,Rabbit店,17,恰恰香瓜子,零食,3,26.2,0,78.6,银行卡,小李,否
3013,2026-09-06,12:47,S04,Shiba店,77,RIO鸡尾酒,酒水,1,29,0,29,微信,小陈,是
4025,2026-09-06,13:00,S02,Catty店,23,比比赞面包,零食,2,65,0,130,现金,小刘,是
3194,2026-09-06,13:24,S03,Rabbit店,51,牙签,日用百货,4,18.3,0,73.2,银行卡,小赵,否
1676,2026-09-06,13:33,S03,Rabbit店,27,光明鲜牛奶,乳制品,4,8.1,0,32.4,会员储值,小陈,是
4026,2026-09-06,13:40,S03,Rabbit店,27,光明鲜牛奶,乳制品,1,8.1,0,8.1,会员储值,小李,是
3487,2026-09-06,13:42,S04,Shiba店,10,康师傅冰红茶,饮料,4,34.3,0.1,123.48,会员储值,小刘,否
3045,2026-09-06,14:01,S02,Catty店,74,牛栏山二锅头,酒水,1,59.6,0,59.6,现金,小赵,否
1841,2026-09-06,14:06,S03,Rabbit店,70,便当盒饭,熟食烘焙,4,28.5,0.1,102.6,微信,小张,否
2847,2026-09-06,14:13,S03,Rabbit店,24,上好佳鲜虾片,零食,4,17.9,0,71.6,银行卡,小赵,否
1428,2026-09-06,14:19,S01,Bear店,42,清风抽纸3层,日用百货,1,37.8,0.1,34.02,现金,小刘,是
1530,2026-09-06,14:24,S01,Bear店,61,胡萝卜,生鲜,5,56,0,280,现金,小陈,否
853,2026-09-06,14:50,S01,Bear店,71,三明治,熟食烘焙,3,40.7,0,122.1,支付宝,小李,否
34,2026-09-06,14:58,S04,Shiba店,13,乐事薯片原味,零食,3,59.6,0,178.8,微信,小陈,否
2923,2026-09-06,14:58,S04,Shiba店,59,鲈鱼,生鲜,5,39.1,0,195.5,会员储值,小赵,否
955,2026-09-06,15:09,S03,Rabbit店,51,牙签,日用百货,1,18.3,0,18.3,会员储值,小李,否
1839,2026-09-06,15:10,S04,Shiba店,22,洽洽小黄袋,零食,1,50.2,0,50.2,银行卡,小王,是
53,2026-09-06,15:14,S01,Bear店,61,胡萝卜,生鲜,1,56,0,56,支付宝,小赵,否
2588,2026-09-06,15:17,S02,Catty店,71,三明治,熟食烘焙,3,40.7,0,122.1,现金,小李,否
121,2026-09-06,15:23,S02,Catty店,18,好丽友巧克力派,零食,2,12.1,0,24.2,支付宝,小刘,否
1060,2026-09-06,15:34,S02,Catty店,34,金龙鱼食用油5L,粮油调味,2,45.2,0,90.4,现金,小张,否
3682,2026-09-06,15:43,S04,Shiba店,26,蒙牛特仑苏,乳制品,4,29.2,0.1,105.12,支付宝,小刘,否
3782,2026-09-06,15:52,S02,Catty店,14,奥利奥原味,零食,1,11.6,0,11.6,微信,小刘,否
1268,2026-09-06,16:15,S03,Rabbit店,12,依云矿泉水,饮料,5,28.5,0,142.5,银行卡,小赵,是
295,2026-09-06,16:16,S04,Shiba店,79,思念汤圆,冷冻食品,3,54.9,0,164.7,现金,小张,否
4187,2026-09-06,16:16,S01,Bear店,20,士力架花生,零食,2,47.6,0,95.2,现金,小赵,是
1280,2026-09-06,16:45,S03,Rabbit店,2,农夫山泉550ml,饮料,5,57,0,285,银行卡,小陈,是
2392,2026-09-06,17:32,S04,Shiba店,77,RIO鸡尾酒,酒水,3,29,0,87,支付宝,小刘,否
937,2026-09-06,17:35,S02,Catty店,58,鸡胸肉,生鲜,2,39.7,0,79.4,银行卡,小赵,是
2008,2026-09-06,17:35,S01,Bear店,45,舒肤佳香皂,日用百货,1,12.6,0,12.6,支付宝,小赵,否
2154,2026-09-06,17:44,S01,Bear店,58,鸡胸肉,生鲜,1,39.7,0.15,33.75,银行卡,小刘,否
175,2026-09-06,17:59,S03,Rabbit店,42,清风抽纸3层,日用百货,2,37.8,0,75.6,微信,小赵,否
2252,2026-09-06,18:03,S02,Catty店,51,牙签,日用百货,2,18.3,0.1,32.94,银行卡,小李,是
1391,2026-09-06,18:08,S03,Rabbit店,51,牙签,日用百货,4,18.3,0,73.2,银行卡,小李,否
2400,2026-09-06,18:10,S01,Bear店,42,清风抽纸3层,日用百货,3,37.8,0,113.4,微信,小张,否
490,2026-09-06,18:11,S04,Shiba店,28,安慕希酸奶,乳制品,3,45.3,0,135.9,微信,小赵,是
1193,2026-09-06,18:12,S01,Bear店,32,奶酪棒,乳制品,5,28.7,0,143.5,微信,小王,否
2432,2026-09-06,18:23,S01,Bear店,39,陈醋,粮油调味,2,15.2,0,30.4,微信,小王,是
1241,2026-09-06,18:32,S04,Shiba店,46,高露洁牙膏,日用百货,5,53.4,0,267,微信,小王,否
3393,2026-09-06,18:42,S01,Bear店,43,维达卷纸,日用百货,4,23.6,0,94.4,会员储值,小王,否
2161,2026-09-06,18:46,S03,Rabbit店,26,蒙牛特仑苏,乳制品,2,29.2,0,58.4,微信,小张,是
1218,2026-09-06,19:01,S04,Shiba店,9,红牛250ml,饮料,3,26.3,0,78.9,会员储值,小刘,是
26,2026-09-06,19:05,S03,Rabbit店,35,福临门大米5kg,粮油调味,4,31.8,0,127.2,会员储值,小王,否
3648,2026-09-06,19:05,S01,Bear店,52,本地西红柿,生鲜,1,43.2,0,43.2,现金,小王,否
3082,2026-09-06,19:11,S02,Catty店,31,旺仔牛奶,乳制品,2,24.4,0,48.8,微信,小李,是
33,2026-09-06,19:12,S02,Catty店,1,可口可乐330ml,饮料,1,9.2,0,9.2,银行卡,小陈,否
3924,2026-09-06,19:15,S03,Rabbit店,15,旺旺雪饼,零食,3,33.4,0,100.2,微信,小刘,是
719,2026-09-06,19:18,S02,Catty店,39,陈醋,粮油调味,2,15.2,0,30.4,会员储值,小陈,否
3222,2026-09-06,19:19,S04,Shiba店,32,奶酪棒,乳制品,3,28.7,0.1,77.49,现金,小刘,是
2264,2026-09-06,19:35,S04,Shiba店,32,奶酪棒,乳制品,2,28.7,0,57.4,银行卡,小李,否
3653,2026-09-06,19:39,S02,Catty店,3,元气森林气泡水,饮料,4,24.4,0.1,87.84,银行卡,小陈,否
3695,2026-09-06,19:46,S04,Shiba店,31,旺仔牛奶,乳制品,2,24.4,0,48.8,微信,小陈,否
587,2026-09-06,19:56,S01,Bear店,30,简爱酸奶,乳制品,5,15.7,0.1,70.65,现金,小刘,否
2638,2026-09-06,19:57,S01,Bear店,71,三明治,熟食烘焙,2,40.7,0,81.4,现金,小赵,否
3872,2026-09-06,20:00,S03,Rabbit店,42,清风抽纸3层,日用百货,1,37.8,0,37.8,支付宝,小刘,否
2076,2026-09-06,20:02,S02,Catty店,68,蛋挞,熟食烘焙,3,35.8,0.15,91.29,支付宝,小张,否
2440,2026-09-06,20:03,S03,Rabbit店,20,士力架花生,零食,1,47.6,0,47.6,会员储值,小刘,否
2484,2026-09-06,20:08,S03,Rabbit店,10,康师傅冰红茶,饮料,2,34.3,0,68.6,会员储值,小刘,否
2305,2026-09-06,20:14,S03,Rabbit店,37,太太乐鸡精,粮油调味,5,34.2,0,171,支付宝,小赵,是
548,2026-09-06,20:15,S04,Shiba店,25,伊利纯牛奶250ml,乳制品,5,47.9,0,239.5,会员储值,小张,否
3499,2026-09-06,20:19,S02,Catty店,33,德亚全脂牛奶,乳制品,3,2.6,0,7.8,银行卡,小张,是
1222,2026-09-06,20:25,S01,Bear店,66,关东煮,熟食烘焙,2,24.5,0,49,银行卡,小赵,是
567,2026-09-06,20:28,S03,Rabbit店,52,本地西红柿,生鲜,3,43.2,0,129.6,银行卡,小张,否
1788,2026-09-06,20:33,S04,Shiba店,82,冻薯条,冷冻食品,5,37.3,0,186.5,银行卡,小刘,否
2967,2026-09-06,20:36,S04,Shiba店,82,冻薯条,冷冻食品,5,37.3,0,186.5,银行卡,小陈,否
4200,2026-09-06,20:50,S04,Shiba店,12,依云矿泉水,饮料,5,28.5,0,142.5,支付宝,小张,否
1081,2026-09-06,21:14,S01,Bear店,17,恰恰香瓜子,零食,5,26.2,0,131,银行卡,小赵,否
2338,2026-09-06,21:18,S02,Catty店,49,保鲜膜,日用百货,5,50.2,0,251,微信,小王,否
2240,2026-09-06,21:20,S02,Catty店,49,保鲜膜,日用百货,2,50.2,0,100.4,银行卡,小王,否
1043,2026-09-06,21:34,S03,Rabbit店,1,可口可乐330ml,饮料,3,9.2,0,27.6,支付宝,小李,否
3574,2026-09-06,21:35,S01,Bear店,22,洽洽小黄袋,零食,1,50.2,0,50.2,现金,小赵,否
2587,2026-09-06,21:36,S03,Rabbit店,20,士力架花生,零食,4,47.6,0.1,171.36,会员储值,小李,否
3350,2026-09-06,21:37,S04,Shiba店,71,三明治,熟食烘焙,1,40.7,0,40.7,微信,小王,否
1895,2026-09-06,21:50,S02,Catty店,29,养乐多5连瓶,乳制品,2,39.4,0.1,70.92,支付宝,小李,是
3000,2026-09-06,21:53,S03,Rabbit店,23,比比赞面包,零食,5,65,0,325,支付宝,小陈,否
3651,2026-09-06,21:56,S03,Rabbit店,72,青岛啤酒500ml,酒水,3,58.2,0,174.6,银行卡,小赵,否
3940,2026-09-06,21:57,S01,Bear店,38,老干妈辣椒酱,粮油调味,5,39.4,0,197,支付宝,小张,否
2259,2026-09-06,22:10,S01,Bear店,40,食用盐500g,粮油调味,4,55.7,0,222.8,支付宝,小陈,否
968,2026-09-06,22:13,S04,Shiba店,25,伊利纯牛奶250ml,乳制品,1,47.9,0,47.9,会员储值,小李,是
980,2026-09-06,22:17,S01,Bear店,27,光明鲜牛奶,乳制品,2,8.1,0,16.2,支付宝,小刘,否
3568,2026-09-06,22:32,S03,Rabbit店,42,清风抽纸3层,日用百货,5,37.8,0,189,微信,小赵,否
128,2026-09-06,22:51,S02,Catty店,46,高露洁牙膏,日用百货,5,53.4,0,267,微信,小陈,否
1194,2026-09-07,07:11,S01,Bear店,50,电池5号,日用百货,3,36.6,0,109.8,支付宝,小张,否
3790,2026-09-07,07:19,S03,Rabbit店,56,鸡蛋30枚,生鲜,1,23.1,0.15,19.64,会员储值,小王,否
1749,2026-09-07,07:20,S01,Bear店,4,东方树叶乌龙茶,饮料,4,49.8,0,199.2,银行卡,小刘,否
3857,2026-09-07,07:21,S03,Rabbit店,55,香蕉,生鲜,1,10.8,0,10.8,现金,小张,否
1536,2026-09-07,07:30,S01,Bear店,76,江小白,酒水,4,49.1,0,196.4,现金,小刘,否
142,2026-09-07,07:32,S02,Catty店,59,鲈鱼,生鲜,1,39.1,0.1,35.19,微信,小刘,是
2235,2026-09-07,07:35,S03,Rabbit店,66,关东煮,熟食烘焙,3,24.5,0,73.5,微信,小刘,否
899,2026-09-07,07:58,S04,Shiba店,55,香蕉,生鲜,5,10.8,0,54,现金,小陈,否
511,2026-09-07,08:22,S03,Rabbit店,24,上好佳鲜虾片,零食,2,17.9,0,35.8,会员储值,小刘,否
224,2026-09-07,08:23,S03,Rabbit店,59,鲈鱼,生鲜,2,39.1,0,78.2,微信,小张,是
1000,2026-09-07,08:29,S03,Rabbit店,12,依云矿泉水,饮料,1,28.5,0,28.5,微信,小赵,否
3794,2026-09-07,08:29,S02,Catty店,27,光明鲜牛奶,乳制品,3,8.1,0,24.3,支付宝,小张,否
3652,2026-09-07,08:30,S03,Rabbit店,11,维他柠檬茶,饮料,1,52.8,0,52.8,银行卡,小赵,否
710,2026-09-07,08:38,S02,Catty店,11,维他柠檬茶,饮料,5,52.8,0,264,现金,小刘,否
3737,2026-09-07,09:16,S03,Rabbit店,31,旺仔牛奶,乳制品,4,24.4,0,97.6,微信,小陈,否
2656,2026-09-07,09:17,S01,Bear店,38,老干妈辣椒酱,粮油调味,5,39.4,0,197,支付宝,小刘,否
1927,2026-09-07,09:23,S01,Bear店,66,关东煮,熟食烘焙,1,24.5,0.15,20.82,支付宝,小陈,否
18,2026-09-07,09:25,S04,Shiba店,56,鸡蛋30枚,生鲜,5,23.1,0.1,103.95,银行卡,小王,否
4142,2026-09-07,09:34,S04,Shiba店,74,牛栏山二锅头,酒水,2,59.6,0,119.2,现金,小张,是
3502,2026-09-07,09:36,S02,Catty店,6,美汁源果粒橙,饮料,1,28.8,0,28.8,支付宝,小陈,否
3440,2026-09-07,09:38,S02,Catty店,55,香蕉,生鲜,2,10.8,0.15,18.36,微信,小陈,是
4084,2026-09-07,09:38,S04,Shiba店,59,鲈鱼,生鲜,5,39.1,0,195.5,支付宝,小陈,是
4103,2026-09-07,09:46,S01,Bear店,21,德芙丝滑巧克力,零食,5,23.2,0,116,微信,小刘,否
925,2026-09-07,10:06,S03,Rabbit店,2,农夫山泉550ml,饮料,2,57,0,114,现金,小李,否
190,2026-09-07,10:07,S02,Catty店,33,德亚全脂牛奶,乳制品,5,2.6,0,13,现金,小赵,否
1581,2026-09-07,10:11,S02,Catty店,77,RIO鸡尾酒,酒水,1,29,0.1,26.1,支付宝,小李,否
1777,2026-09-07,10:17,S03,Rabbit店,37,太太乐鸡精,粮油调味,4,34.2,0,136.8,支付宝,小王,否
4096,2026-09-07,10:19,S04,Shiba店,77,RIO鸡尾酒,酒水,5,29,0,145,支付宝,小王,否
55,2026-09-07,10:24,S01,Bear店,14,奥利奥原味,零食,3,11.6,0,34.8,微信,小陈,否
620,2026-09-07,11:00,S04,Shiba店,23,比比赞面包,零食,1,65,0,65,银行卡,小陈,否
2673,2026-09-07,11:02,S03,Rabbit店,8,脉动青柠,饮料,2,50.6,0,101.2,现金,小陈,是
3622,2026-09-07,11:15,S04,Shiba店,31,旺仔牛奶,乳制品,5,24.4,0,122,会员储值,小王,是
3721,2026-09-07,11:39,S02,Catty店,39,陈醋,粮油调味,4,15.2,0,60.8,现金,小陈,是
2667,2026-09-07,11:52,S01,Bear店,28,安慕希酸奶,乳制品,2,45.3,0,90.6,微信,小王,否
838,2026-09-07,12:06,S04,Shiba店,1,可口可乐330ml,饮料,3,9.2,0,27.6,会员储值,小陈,否
1667,2026-09-07,12:07,S03,Rabbit店,60,土豆,生鲜,5,24.3,0.1,109.35,会员储值,小张,否
1444,2026-09-07,12:14,S04,Shiba店,48,洗碗海绵,日用百货,4,37.5,0,150,银行卡,小陈,否
1471,2026-09-07,12:16,S01,Bear店,72,青岛啤酒500ml,酒水,1,58.2,0,58.2,现金,小张,否
558,2026-09-07,12:27,S03,Rabbit店,10,康师傅冰红茶,饮料,3,34.3,0,102.9,现金,小刘,否
3267,2026-09-07,12:31,S02,Catty店,50,电池5号,日用百货,5,36.6,0,183,银行卡,小刘,否
1357,2026-09-07,12:37,S04,Shiba店,44,蓝月亮洗衣液,日用百货,3,12.3,0,36.9,微信,小李,是
76,2026-09-07,12:40,S03,Rabbit店,55,香蕉,生鲜,4,10.8,0,43.2,支付宝,小陈,否
3911,2026-09-07,13:00,S02,Catty店,39,陈醋,粮油调味,4,15.2,0,60.8,现金,小王,否
1870,2026-09-07,13:09,S03,Rabbit店,12,依云矿泉水,饮料,3,28.5,0,85.5,支付宝,小李,否
989,2026-09-07,13:23,S02,Catty店,50,电池5号,日用百货,1,36.6,0,36.6,支付宝,小张,是
4033,2026-09-07,13:24,S01,Bear店,73,雪花啤酒,酒水,1,35.1,0,35.1,会员储值,小赵,否
4185,2026-09-07,13:31,S01,Bear店,79,思念汤圆,冷冻食品,3,54.9,0.1,148.23,银行卡,小陈,是
1529,2026-09-07,13:35,S01,Bear店,76,江小白,酒水,3,49.1,0,147.3,微信,小刘,否
1243,2026-09-07,13:36,S01,Bear店,50,电池5号,日用百货,3,36.6,0,109.8,支付宝,小张,否
2018,2026-09-07,13:37,S04,Shiba店,78,湾仔码头水饺,冷冻食品,1,11.2,0,11.2,现金,小陈,否
29,2026-09-07,14:02,S02,Catty店,77,RIO鸡尾酒,酒水,2,29,0,58,现金,小张,是
2407,2026-09-07,14:06,S04,Shiba店,3,元气森林气泡水,饮料,4,24.4,0,97.6,银行卡,小赵,是
3846,2026-09-07,14:09,S02,Catty店,1,可口可乐330ml,饮料,4,9.2,0,36.8,银行卡,小王,否
3070,2026-09-07,14:31,S02,Catty店,52,本地西红柿,生鲜,2,43.2,0,86.4,微信,小王,否
286,2026-09-07,14:38,S03,Rabbit店,46,高露洁牙膏,日用百货,3,53.4,0,160.2,会员储值,小陈,否
2955,2026-09-07,14:39,S02,Catty店,9,红牛250ml,饮料,5,26.3,0.1,118.35,银行卡,小赵,否
3867,2026-09-07,14:49,S04,Shiba店,40,食用盐500g,粮油调味,3,55.7,0,167.1,现金,小刘,是
3834,2026-09-07,14:55,S01,Bear店,72,青岛啤酒500ml,酒水,2,58.2,0,116.4,现金,小张,否
3071,2026-09-07,14:59,S04,Shiba店,76,江小白,酒水,4,49.1,0,196.4,支付宝,小刘,否
4058,2026-09-07,15:07,S02,Catty店,18,好丽友巧克力派,零食,3,12.1,0,36.3,微信,小李,否
1367,2026-09-07,15:19,S01,Bear店,12,依云矿泉水,饮料,4,28.5,0,114,支付宝,小王,否
1455,2026-09-07,15:19,S03,Rabbit店,62,西兰花,生鲜,3,40.8,0,122.4,现金,小李,否
1210,2026-09-07,15:20,S01,Bear店,39,陈醋,粮油调味,4,15.2,0,60.8,现金,小陈,否
3832,2026-09-07,15:21,S02,Catty店,54,苹果,生鲜,2,21.1,0,42.2,会员储值,小李,否
1122,2026-09-07,15:42,S04,Shiba店,63,草莓,生鲜,2,23.3,0.15,39.61,支付宝,小李,否
450,2026-09-07,15:44,S03,Rabbit店,58,鸡胸肉,生鲜,1,39.7,0,39.7,银行卡,小赵,是
2964,2026-09-07,16:08,S01,Bear店,16,卫龙辣条,零食,4,29.4,0,117.6,银行卡,小刘,否
1004,2026-09-07,16:15,S02,Catty店,21,德芙丝滑巧克力,零食,4,23.2,0.1,83.52,银行卡,小王,否
84,2026-09-07,16:20,S04,Shiba店,13,乐事薯片原味,零食,4,59.6,0,238.4,支付宝,小张,是
1908,2026-09-07,16:21,S01,Bear店,33,德亚全脂牛奶,乳制品,4,2.6,0,10.4,会员储值,小刘,否
3352,2026-09-07,16:33,S01,Bear店,43,维达卷纸,日用百货,1,23.6,0,23.6,微信,小赵,否
962,2026-09-07,16:39,S02,Catty店,28,安慕希酸奶,乳制品,5,45.3,0,226.5,会员储值,小赵,是
3025,2026-09-07,16:44,S01,Bear店,7,椰树椰汁,饮料,5,32,0.1,144,支付宝,小李,否
2731,2026-09-07,16:51,S01,Bear店,46,高露洁牙膏,日用百货,3,53.4,0.1,144.18,银行卡,小王,否
926,2026-09-07,16:55,S01,Bear店,79,思念汤圆,冷冻食品,1,54.9,0,54.9,支付宝,小赵,否
3548,2026-09-07,17:04,S01,Bear店,25,伊利纯牛奶250ml,乳制品,5,47.9,0,239.5,会员储值,小赵,否
3244,2026-09-07,17:08,S02,Catty店,14,奥利奥原味,零食,3,11.6,0,34.8,微信,小李,否
2662,2026-09-07,17:14,S02,Catty店,27,光明鲜牛奶,乳制品,5,8.1,0,40.5,银行卡,小李,否
3718,2026-09-07,17:18,S04,Shiba店,22,洽洽小黄袋,零食,2,50.2,0,100.4,微信,小王,否
1914,2026-09-07,17:24,S03,Rabbit店,11,维他柠檬茶,饮料,1,52.8,0,52.8,会员储值,小刘,否
966,2026-09-07,17:27,S02,Catty店,8,脉动青柠,饮料,4,50.6,0,202.4,会员储值,小李,否
927,2026-09-07,17:30,S01,Bear店,54,苹果,生鲜,2,21.1,0.1,37.98,会员储值,小陈,否
1610,2026-09-07,17:47,S02,Catty店,74,牛栏山二锅头,酒水,5,59.6,0,298,银行卡,小王,否
1633,2026-09-07,17:49,S01,Bear店,52,本地西红柿,生鲜,3,43.2,0,129.6,支付宝,小李,否
2810,2026-09-07,17:54,S04,Shiba店,55,香蕉,生鲜,1,10.8,0.1,9.72,现金,小赵,否
685,2026-09-07,17:56,S03,Rabbit店,61,胡萝卜,生鲜,1,56,0,56,会员储值,小赵,否
517,2026-09-07,18:09,S03,Rabbit店,79,思念汤圆,冷冻食品,5,54.9,0,274.5,现金,小刘,否
1451,2026-09-07,18:32,S04,Shiba店,29,养乐多5连瓶,乳制品,3,39.4,0,118.2,微信,小李,否
3185,2026-09-07,18:45,S04,Shiba店,77,RIO鸡尾酒,酒水,3,29,0.1,78.3,银行卡,小陈,否
3128,2026-09-07,18:48,S04,Shiba店,10,康师傅冰红茶,饮料,3,34.3,0,102.9,支付宝,小刘,是
1913,2026-09-07,18:51,S02,Catty店,54,苹果,生鲜,3,21.1,0,63.3,微信,小赵,否
1897,2026-09-07,18:56,S04,Shiba店,30,简爱酸奶,乳制品,4,15.7,0.1,56.52,微信,小赵,否
520,2026-09-07,19:08,S02,Catty店,3,元气森林气泡水,饮料,3,24.4,0,73.2,微信,小刘,否
859,2026-09-07,19:12,S02,Catty店,81,和路雪甜筒,冷冻食品,5,39.7,0.1,178.65,现金,小张,是
2200,2026-09-07,19:12,S01,Bear店,54,苹果,生鲜,2,21.1,0,42.2,会员储值,小赵,否
3759,2026-09-07,19:14,S03,Rabbit店,65,茶叶蛋,熟食烘焙,4,4.3,0,17.2,银行卡,小赵,否
1235,2026-09-07,19:17,S03,Rabbit店,76,江小白,酒水,1,49.1,0,49.1,支付宝,小陈,否
4125,2026-09-07,19:18,S04,Shiba店,35,福临门大米5kg,粮油调味,5,31.8,0,159,现金,小张,是
152,2026-09-07,19:20,S01,Bear店,25,伊利纯牛奶250ml,乳制品,3,47.9,0,143.7,会员储值,小张,否
1938,2026-09-07,19:22,S03,Rabbit店,25,伊利纯牛奶250ml,乳制品,2,47.9,0,95.8,会员储值,小赵,否
677,2026-09-07,19:32,S01,Bear店,69,炸鸡腿,熟食烘焙,4,45.1,0,180.4,会员储值,小刘,否
3532,2026-09-07,19:34,S04,Shiba店,74,牛栏山二锅头,酒水,4,59.6,0,238.4,微信,小陈,否
1053,2026-09-07,19:41,S02,Catty店,20,士力架花生,零食,1,47.6,0,47.6,会员储值,小陈,是
3002,2026-09-07,19:49,S03,Rabbit店,15,旺旺雪饼,零食,3,33.4,0,100.2,银行卡,小陈,否
734,2026-09-07,19:55,S04,Shiba店,32,奶酪棒,乳制品,1,28.7,0.1,25.83,银行卡,小王,否
2191,2026-09-07,20:05,S04,Shiba店,44,蓝月亮洗衣液,日用百货,2,12.3,0.1,22.14,微信,小张,否
2478,2026-09-07,20:15,S04,Shiba店,7,椰树椰汁,饮料,3,32,0,96,会员储值,小张,否
2490,2026-09-07,20:20,S03,Rabbit店,44,蓝月亮洗衣液,日用百货,3,12.3,0,36.9,微信,小张,否
2361,2026-09-07,20:23,S02,Catty店,37,太太乐鸡精,粮油调味,5,34.2,0,171,支付宝,小王,否
163,2026-09-07,20:28,S02,Catty店,57,五花肉,生鲜,5,18.2,0.1,81.9,银行卡,小张,否
1048,2026-09-07,20:38,S01,Bear店,9,红牛250ml,饮料,3,26.3,0,78.9,银行卡,小刘,是
3845,2026-09-07,20:53,S04,Shiba店,34,金龙鱼食用油5L,粮油调味,5,45.2,0,226,支付宝,小张,否
3022,2026-09-07,20:54,S02,Catty店,55,香蕉,生鲜,5,10.8,0,54,会员储值,小赵,否
3377,2026-09-07,21:00,S02,Catty店,24,上好佳鲜虾片,零食,3,17.9,0,53.7,微信,小王,否
2688,2026-09-07,21:13,S01,Bear店,32,奶酪棒,乳制品,5,28.7,0,143.5,现金,小赵,是
2123,2026-09-07,21:18,S03,Rabbit店,1,可口可乐330ml,饮料,2,9.2,0,18.4,会员储值,小王,是
799,2026-09-07,21:29,S02,Catty店,16,卫龙辣条,零食,1,29.4,0.1,26.46,现金,小王,否
1087,2026-09-07,21:37,S04,Shiba店,82,冻薯条,冷冻食品,4,37.3,0,149.2,银行卡,小张,是
723,2026-09-07,21:46,S02,Catty店,52,本地西红柿,生鲜,4,43.2,0,172.8,现金,小陈,否
672,2026-09-07,21:53,S03,Rabbit店,31,旺仔牛奶,乳制品,4,24.4,0,97.6,银行卡,小刘,是
725,2026-09-07,21:57,S04,Shiba店,59,鲈鱼,生鲜,3,39.1,0,117.3,支付宝,小陈,否
825,2026-09-07,22:01,S04,Shiba店,4,东方树叶乌龙茶,饮料,3,49.8,0.1,134.46,会员储值,小李,否
374,2026-09-07,22:09,S04,Shiba店,64,鲜肉包子,熟食烘焙,4,6,0,24,现金,小赵,否
3540,2026-09-07,22:29,S04,Shiba店,53,黄瓜,生鲜,2,45.7,0,91.4,银行卡,小王,否
3599,2026-09-07,22:29,S01,Bear店,7,椰树椰汁,饮料,2,32,0,64,微信,小王,是
1481,2026-09-07,22:36,S03,Rabbit店,74,牛栏山二锅头,酒水,5,59.6,0,298,会员储值,小李,是
2819,2026-09-07,22:40,S04,Shiba店,71,三明治,熟食烘焙,1,40.7,0,40.7,支付宝,小李,否
1213,2026-09-07,22:55,S02,Catty店,67,面包吐司,熟食烘焙,5,15.9,0.15,67.58,现金,小陈,否
2153,2026-09-08,07:07,S03,Rabbit店,42,清风抽纸3层,日用百货,1,37.8,0,37.8,现金,小刘,否
330,2026-09-08,07:14,S01,Bear店,54,苹果,生鲜,5,21.1,0.1,94.95,银行卡,小王,否
1345,2026-09-08,07:15,S02,Catty店,75,长城干红,酒水,2,54.3,0,108.6,现金,小赵,否
1612,2026-09-08,07:15,S03,Rabbit店,54,苹果,生鲜,5,21.1,0,105.5,微信,小李,否
2534,2026-09-08,07:16,S03,Rabbit店,42,清风抽纸3层,日用百货,4,37.8,0,151.2,银行卡,小王,否
3300,2026-09-08,07:18,S03,Rabbit店,5,王老吉罐装,饮料,1,24.6,0,24.6,支付宝,小刘,是
2396,2026-09-08,07:37,S04,Shiba店,65,茶叶蛋,熟食烘焙,3,4.3,0,12.9,现金,小王,否
3461,2026-09-08,07:38,S03,Rabbit店,48,洗碗海绵,日用百货,5,37.5,0.1,168.75,会员储值,小李,否
1406,2026-09-08,07:42,S02,Catty店,39,陈醋,粮油调味,3,15.2,0,45.6,会员储值,小刘,否
1726,2026-09-08,07:45,S03,Rabbit店,31,旺仔牛奶,乳制品,5,24.4,0,122,会员储值,小刘,是
2505,2026-09-08,07:49,S04,Shiba店,3,元气森林气泡水,饮料,4,24.4,0.1,87.84,微信,小陈,否
2561,2026-09-08,08:00,S01,Bear店,49,保鲜膜,日用百货,1,50.2,0,50.2,现金,小张,否
2973,2026-09-08,08:03,S04,Shiba店,4,东方树叶乌龙茶,饮料,4,49.8,0.1,179.28,银行卡,小张,是
3965,2026-09-08,08:10,S02,Catty店,18,好丽友巧克力派,零食,2,12.1,0,24.2,支付宝,小张,否
3933,2026-09-08,08:19,S02,Catty店,8,脉动青柠,饮料,4,50.6,0,202.4,支付宝,小赵,是
4057,2026-09-08,08:22,S02,Catty店,21,德芙丝滑巧克力,零食,1,23.2,0,23.2,会员储值,小王,否
3390,2026-09-08,08:26,S01,Bear店,1,可口可乐330ml,饮料,1,9.2,0.1,8.28,微信,小陈,是
3681,2026-09-08,08:31,S03,Rabbit店,59,鲈鱼,生鲜,4,39.1,0,156.4,会员储值,小刘,否
2798,2026-09-08,08:35,S04,Shiba店,27,光明鲜牛奶,乳制品,3,8.1,0,24.3,支付宝,小张,是
1977,2026-09-08,08:42,S02,Catty店,65,茶叶蛋,熟食烘焙,1,4.3,0.15,3.65,现金,小李,是
1848,2026-09-08,08:46,S04,Shiba店,70,便当盒饭,熟食烘焙,2,28.5,0,57,现金,小刘,否
2464,2026-09-08,09:02,S04,Shiba店,5,王老吉罐装,饮料,4,24.6,0,98.4,银行卡,小赵,是
332,2026-09-08,09:13,S03,Rabbit店,10,康师傅冰红茶,饮料,4,34.3,0,137.2,银行卡,小李,否
824,2026-09-08,09:14,S01,Bear店,1,可口可乐330ml,饮料,4,9.2,0,36.8,支付宝,小刘,否
1825,2026-09-08,09:15,S02,Catty店,34,金龙鱼食用油5L,粮油调味,1,45.2,0,45.2,支付宝,小刘,否
1178,2026-09-08,09:18,S04,Shiba店,63,草莓,生鲜,1,23.3,0.1,20.97,银行卡,小陈,是
867,2026-09-08,09:35,S01,Bear店,32,奶酪棒,乳制品,3,28.7,0,86.1,银行卡,小陈,否
764,2026-09-08,09:39,S01,Bear店,69,炸鸡腿,熟食烘焙,5,45.1,0.1,202.95,现金,小赵,否
1302,2026-09-08,09:41,S04,Shiba店,72,青岛啤酒500ml,酒水,1,58.2,0,58.2,微信,小陈,否
3147,2026-09-08,09:43,S04,Shiba店,11,维他柠檬茶,饮料,1,52.8,0,52.8,微信,小刘,否
1528,2026-09-08,09:47,S03,Rabbit店,55,香蕉,生鲜,5,10.8,0,54,微信,小赵,否
3619,2026-09-08,09:49,S01,Bear店,54,苹果,生鲜,1,21.1,0.15,17.94,微信,小赵,否
93,2026-09-08,09:50,S03,Rabbit店,75,长城干红,酒水,5,54.3,0,271.5,现金,小李,否
494,2026-09-08,10:02,S02,Catty店,29,养乐多5连瓶,乳制品,4,39.4,0,157.6,银行卡,小王,否
1382,2026-09-08,10:09,S01,Bear店,11,维他柠檬茶,饮料,3,52.8,0,158.4,微信,小张,否
2982,2026-09-08,10:14,S01,Bear店,3,元气森林气泡水,饮料,5,24.4,0,122,微信,小赵,否
3065,2026-09-08,10:15,S02,Catty店,51,牙签,日用百货,4,18.3,0,73.2,银行卡,小赵,是
249,2026-09-08,10:17,S01,Bear店,67,面包吐司,熟食烘焙,3,15.9,0,47.7,现金,小李,是
2765,2026-09-08,10:19,S01,Bear店,60,土豆,生鲜,2,24.3,0,48.6,微信,小李,否
550,2026-09-08,10:22,S03,Rabbit店,25,伊利纯牛奶250ml,乳制品,5,47.9,0,239.5,会员储值,小陈,否
763,2026-09-08,10:28,S03,Rabbit店,64,鲜肉包子,熟食烘焙,3,6,0.1,16.2,微信,小张,否
2991,2026-09-08,10:45,S02,Catty店,60,土豆,生鲜,1,24.3,0,24.3,支付宝,小李,是
194,2026-09-08,10:50,S03,Rabbit店,21,德芙丝滑巧克力,零食,1,23.2,0,23.2,支付宝,小王,否
3061,2026-09-08,10:53,S04,Shiba店,25,伊利纯牛奶250ml,乳制品,2,47.9,0,95.8,会员储值,小李,否
748,2026-09-08,10:55,S02,Catty店,83,冻青豆玉米,冷冻食品,2,59.5,0.1,107.1,微信,小赵,否
1401,2026-09-08,11:02,S04,Shiba店,51,牙签,日用百货,3,18.3,0,54.9,银行卡,小王,否
2956,2026-09-08,11:03,S01,Bear店,15,旺旺雪饼,零食,3,33.4,0,100.2,会员储值,小陈,否
1935,2026-09-08,11:15,S01,Bear店,2,农夫山泉550ml,饮料,4,57,0,228,会员储值,小张,是
4060,2026-09-08,11:19,S03,Rabbit店,71,三明治,熟食烘焙,3,40.7,0,122.1,银行卡,小张,否
403,2026-09-08,11:20,S03,Rabbit店,82,冻薯条,冷冻食品,1,37.3,0.1,33.57,会员储值,小李,否
143,2026-09-08,11:26,S04,Shiba店,21,德芙丝滑巧克力,零食,4,23.2,0,92.8,现金,小王,否
420,2026-09-08,11:29,S01,Bear店,44,蓝月亮洗衣液,日用百货,2,12.3,0,24.6,会员储值,小王,否
3517,2026-09-08,11:35,S02,Catty店,18,好丽友巧克力派,零食,1,12.1,0.1,10.89,现金,小赵,是
1307,2026-09-08,11:36,S01,Bear店,76,江小白,酒水,5,49.1,0,245.5,银行卡,小赵,否
3389,2026-09-08,11:38,S01,Bear店,2,农夫山泉550ml,饮料,5,57,0,285,会员储值,小陈,否
2192,2026-09-08,11:41,S01,Bear店,73,雪花啤酒,酒水,4,35.1,0,140.4,会员储值,小刘,是
993,2026-09-08,11:53,S01,Bear店,83,冻青豆玉米,冷冻食品,4,59.5,0,238,支付宝,小赵,是
298,2026-09-08,11:58,S01,Bear店,10,康师傅冰红茶,饮料,4,34.3,0.1,123.48,银行卡,小赵,否
502,2026-09-08,12:03,S04,Shiba店,77,RIO鸡尾酒,酒水,3,29,0,87,现金,小李,是
2968,2026-09-08,12:05,S01,Bear店,48,洗碗海绵,日用百货,1,37.5,0.1,33.75,银行卡,小王,否
431,2026-09-08,12:07,S02,Catty店,38,老干妈辣椒酱,粮油调味,3,39.4,0,118.2,现金,小张,否
682,2026-09-08,12:16,S03,Rabbit店,49,保鲜膜,日用百货,4,50.2,0.1,180.72,微信,小王,否
2815,2026-09-08,12:28,S03,Rabbit店,13,乐事薯片原味,零食,1,59.6,0,59.6,微信,小李,否
1880,2026-09-08,12:54,S01,Bear店,8,脉动青柠,饮料,1,50.6,0,50.6,会员储值,小张,是
1821,2026-09-08,13:05,S01,Bear店,54,苹果,生鲜,2,21.1,0.15,35.87,现金,小王,否
1960,2026-09-08,13:15,S01,Bear店,21,德芙丝滑巧克力,零食,4,23.2,0,92.8,银行卡,小刘,否
641,2026-09-08,13:23,S03,Rabbit店,58,鸡胸肉,生鲜,5,39.7,0,198.5,微信,小李,否
854,2026-09-08,13:28,S03,Rabbit店,9,红牛250ml,饮料,1,26.3,0,26.3,支付宝,小赵,是
2491,2026-09-08,13:29,S04,Shiba店,64,鲜肉包子,熟食烘焙,3,6,0.15,15.3,现金,小李,否
400,2026-09-08,14:11,S04,Shiba店,11,维他柠檬茶,饮料,1,52.8,0,52.8,微信,小张,是
912,2026-09-08,14:13,S03,Rabbit店,40,食用盐500g,粮油调味,5,55.7,0,278.5,现金,小赵,否
3030,2026-09-08,14:13,S02,Catty店,66,关东煮,熟食烘焙,1,24.5,0,24.5,会员储值,小陈,否
2770,2026-09-08,14:16,S02,Catty店,73,雪花啤酒,酒水,2,35.1,0.1,63.18,支付宝,小赵,否
323,2026-09-08,14:35,S02,Catty店,75,长城干红,酒水,5,54.3,0,271.5,支付宝,小张,否
701,2026-09-08,14:46,S04,Shiba店,48,洗碗海绵,日用百货,2,37.5,0,75,支付宝,小刘,否
3971,2026-09-08,14:57,S04,Shiba店,5,王老吉罐装,饮料,4,24.6,0,98.4,银行卡,小陈,否
20,2026-09-08,14:59,S02,Catty店,11,维他柠檬茶,饮料,4,52.8,0,211.2,现金,小刘,否
3127,2026-09-08,15:11,S01,Bear店,40,食用盐500g,粮油调味,1,55.7,0,55.7,支付宝,小王,否
570,2026-09-08,15:14,S04,Shiba店,71,三明治,熟食烘焙,5,40.7,0,203.5,银行卡,小李,否
1457,2026-09-08,15:20,S04,Shiba店,16,卫龙辣条,零食,4,29.4,0,117.6,银行卡,小张,否
2509,2026-09-08,15:27,S02,Catty店,42,清风抽纸3层,日用百货,1,37.8,0,37.8,银行卡,小刘,否
1387,2026-09-08,15:31,S02,Catty店,29,养乐多5连瓶,乳制品,2,39.4,0,78.8,银行卡,小张,否
3134,2026-09-08,15:32,S01,Bear店,76,江小白,酒水,1,49.1,0.1,44.19,会员储值,小陈,否
3069,2026-09-08,15:33,S02,Catty店,76,江小白,酒水,3,49.1,0,147.3,会员储值,小赵,否
24,2026-09-08,15:39,S02,Catty店,42,清风抽纸3层,日用百货,5,37.8,0,189,现金,小陈,否
1312,2026-09-08,15:42,S04,Shiba店,9,红牛250ml,饮料,1,26.3,0,26.3,银行卡,小张,是
2874,2026-09-08,15:49,S02,Catty店,63,草莓,生鲜,3,23.3,0.1,62.91,银行卡,小张,否
3356,2026-09-08,15:56,S04,Shiba店,21,德芙丝滑巧克力,零食,1,23.2,0,23.2,现金,小张,是
2702,2026-09-08,15:57,S03,Rabbit店,32,奶酪棒,乳制品,1,28.7,0,28.7,支付宝,小刘,否
1084,2026-09-08,16:08,S01,Bear店,46,高露洁牙膏,日用百货,2,53.4,0,106.8,银行卡,小刘,否
2976,2026-09-08,16:08,S02,Catty店,57,五花肉,生鲜,4,18.2,0.1,65.52,银行卡,小李,否
2755,2026-09-08,16:12,S02,Catty店,13,乐事薯片原味,零食,4,59.6,0,238.4,会员储值,小陈,是
946,2026-09-08,16:27,S01,Bear店,71,三明治,熟食烘焙,3,40.7,0.15,103.79,会员储值,小李,否
582,2026-09-08,16:31,S02,Catty店,35,福临门大米5kg,粮油调味,3,31.8,0,95.4,银行卡,小李,否
3092,2026-09-08,16:45,S01,Bear店,10,康师傅冰红茶,饮料,3,34.3,0,102.9,支付宝,小张,否
1646,2026-09-08,16:47,S03,Rabbit店,61,胡萝卜,生鲜,1,56,0.1,50.4,支付宝,小李,否
3612,2026-09-08,16:47,S01,Bear店,67,面包吐司,熟食烘焙,2,15.9,0.15,27.03,现金,小张,否
3970,2026-09-08,16:52,S03,Rabbit店,26,蒙牛特仑苏,乳制品,2,29.2,0,58.4,银行卡,小赵,是
3976,2026-09-08,16:53,S01,Bear店,49,保鲜膜,日用百货,5,50.2,0.1,225.9,现金,小陈,否
3386,2026-09-08,17:13,S03,Rabbit店,26,蒙牛特仑苏,乳制品,1,29.2,0,29.2,会员储值,小张,否
3268,2026-09-08,17:18,S04,Shiba店,28,安慕希酸奶,乳制品,2,45.3,0.1,81.54,支付宝,小赵,否
135,2026-09-08,17:19,S02,Catty店,57,五花肉,生鲜,3,18.2,0,54.6,会员储值,小李,否
1128,2026-09-08,17:28,S02,Catty店,29,养乐多5连瓶,乳制品,2,39.4,0,78.8,银行卡,小陈,否
3288,2026-09-08,17:40,S02,Catty店,57,五花肉,生鲜,2,18.2,0,36.4,支付宝,小李,否
1679,2026-09-08,17:49,S01,Bear店,54,苹果,生鲜,1,21.1,0.1,18.99,支付宝,小张,是
2346,2026-09-08,17:50,S02,Catty店,17,恰恰香瓜子,零食,3,26.2,0,78.6,银行卡,小刘,否
3044,2026-09-08,17:53,S02,Catty店,76,江小白,酒水,5,49.1,0,245.5,微信,小陈,是
977,2026-09-08,17:55,S01,Bear店,66,关东煮,熟食烘焙,4,24.5,0,98,现金,小张,否
3527,2026-09-08,18:04,S01,Bear店,69,炸鸡腿,熟食烘焙,1,45.1,0.15,38.34,微信,小张,否
1831,2026-09-08,18:13,S02,Catty店,29,养乐多5连瓶,乳制品,2,39.4,0.1,70.92,银行卡,小李,否
2349,2026-09-08,18:16,S03,Rabbit店,59,鲈鱼,生鲜,4,39.1,0,156.4,银行卡,小李,否
1477,2026-09-08,18:21,S01,Bear店,45,舒肤佳香皂,日用百货,1,12.6,0,12.6,微信,小王,否
1644,2026-09-08,18:32,S04,Shiba店,80,雀巢冰淇淋,冷冻食品,4,11.6,0,46.4,微信,小李,否
242,2026-09-08,18:36,S04,Shiba店,40,食用盐500g,粮油调味,1,55.7,0,55.7,银行卡,小王,否
4156,2026-09-08,18:44,S04,Shiba店,69,炸鸡腿,熟食烘焙,5,45.1,0.1,202.95,会员储值,小李,是
4018,2026-09-08,18:48,S01,Bear店,30,简爱酸奶,乳制品,2,15.7,0,31.4,微信,小赵,否
1426,2026-09-08,18:53,S02,Catty店,32,奶酪棒,乳制品,5,28.7,0,143.5,微信,小李,是
2103,2026-09-08,18:54,S04,Shiba店,30,简爱酸奶,乳制品,4,15.7,0,62.8,支付宝,小刘,否
2219,2026-09-08,19:05,S01,Bear店,48,洗碗海绵,日用百货,2,37.5,0,75,现金,小刘,否
238,2026-09-08,19:06,S04,Shiba店,35,福临门大米5kg,粮油调味,2,31.8,0,63.6,银行卡,小赵,否
2337,2026-09-08,19:13,S03,Rabbit店,81,和路雪甜筒,冷冻食品,5,39.7,0.1,178.65,现金,小王,否
207,2026-09-08,19:21,S04,Shiba店,3,元气森林气泡水,饮料,3,24.4,0,73.2,银行卡,小李,是
1627,2026-09-08,19:29,S03,Rabbit店,79,思念汤圆,冷冻食品,2,54.9,0,109.8,现金,小陈,否
2938,2026-09-08,19:31,S01,Bear店,32,奶酪棒,乳制品,2,28.7,0,57.4,银行卡,小刘,是
3814,2026-09-08,19:31,S01,Bear店,56,鸡蛋30枚,生鲜,5,23.1,0,115.5,支付宝,小赵,否
869,2026-09-08,19:34,S01,Bear店,21,德芙丝滑巧克力,零食,5,23.2,0,116,微信,小赵,否
2602,2026-09-08,19:50,S04,Shiba店,33,德亚全脂牛奶,乳制品,2,2.6,0,5.2,现金,小陈,否
688,2026-09-08,19:55,S01,Bear店,16,卫龙辣条,零食,5,29.4,0,147,现金,小王,否
2799,2026-09-08,20:18,S01,Bear店,81,和路雪甜筒,冷冻食品,2,39.7,0,79.4,会员储值,小赵,否
344,2026-09-08,20:19,S02,Catty店,60,土豆,生鲜,1,24.3,0.15,20.66,会员储值,小赵,否
1857,2026-09-08,20:26,S01,Bear店,66,关东煮,熟食烘焙,4,24.5,0,98,微信,小赵,是
226,2026-09-08,20:36,S01,Bear店,57,五花肉,生鲜,1,18.2,0,18.2,会员储值,小赵,否
1265,2026-09-08,20:46,S02,Catty店,32,奶酪棒,乳制品,5,28.7,0,143.5,微信,小王,否
1859,2026-09-08,21:01,S02,Catty店,53,黄瓜,生鲜,1,45.7,0.15,38.84,支付宝,小王,否
857,2026-09-08,21:16,S02,Catty店,23,比比赞面包,零食,4,65,0,260,银行卡,小陈,否
153,2026-09-08,21:21,S01,Bear店,24,上好佳鲜虾片,零食,4,17.9,0.1,64.44,现金,小赵,否
3053,2026-09-08,21:23,S04,Shiba店,49,保鲜膜,日用百货,3,50.2,0,150.6,现金,小陈,否
2680,2026-09-08,21:39,S01,Bear店,14,奥利奥原味,零食,4,11.6,0,46.4,现金,小张,否
2270,2026-09-08,21:41,S02,Catty店,9,红牛250ml,饮料,4,26.3,0,105.2,现金,小张,否
44,2026-09-08,21:44,S02,Catty店,52,本地西红柿,生鲜,2,43.2,0.15,73.44,微信,小赵,否
375,2026-09-08,21:45,S02,Catty店,59,鲈鱼,生鲜,4,39.1,0.1,140.76,会员储值,小赵,否
3863,2026-09-08,21:52,S03,Rabbit店,24,上好佳鲜虾片,零食,1,17.9,0,17.9,支付宝,小赵,否
1446,2026-09-08,21:54,S01,Bear店,24,上好佳鲜虾片,零食,3,17.9,0,53.7,现金,小陈,否
4199,2026-09-08,22:12,S02,Catty店,36,海天生抽,粮油调味,5,31.2,0,156,银行卡,小王,否
2792,2026-09-08,22:16,S04,Shiba店,45,舒肤佳香皂,日用百货,3,12.6,0,37.8,支付宝,小刘,否
868,2026-09-08,22:17,S02,Catty店,55,香蕉,生鲜,2,10.8,0,21.6,支付宝,小王,否
1051,2026-09-08,22:25,S01,Bear店,18,好丽友巧克力派,零食,1,12.1,0,12.1,银行卡,小李,否
2970,2026-09-08,22:29,S02,Catty店,78,湾仔码头水饺,冷冻食品,5,11.2,0,56,会员储值,小张,否
1083,2026-09-08,22:44,S02,Catty店,7,椰树椰汁,饮料,1,32,0.1,28.8,现金,小李,否
3663,2026-09-08,22:50,S02,Catty店,60,土豆,生鲜,1,24.3,0,24.3,支付宝,小陈,否
1900,2026-09-09,07:01,S03,Rabbit店,60,土豆,生鲜,2,24.3,0,48.6,微信,小赵,否
3423,2026-09-09,07:09,S01,Bear店,83,冻青豆玉米,冷冻食品,5,59.5,0.1,267.75,支付宝,小陈,否
4114,2026-09-09,07:10,S02,Catty店,46,高露洁牙膏,日用百货,5,53.4,0,267,支付宝,小刘,否
1368,2026-09-09,07:12,S03,Rabbit店,32,奶酪棒,乳制品,2,28.7,0,57.4,微信,小李,否
1556,2026-09-09,07:18,S03,Rabbit店,75,长城干红,酒水,2,54.3,0,108.6,现金,小陈,否
1501,2026-09-09,07:20,S01,Bear店,27,光明鲜牛奶,乳制品,1,8.1,0,8.1,银行卡,小刘,否
3325,2026-09-09,07:31,S02,Catty店,46,高露洁牙膏,日用百货,4,53.4,0,213.6,微信,小赵,是
3922,2026-09-09,07:39,S04,Shiba店,42,清风抽纸3层,日用百货,4,37.8,0,151.2,支付宝,小王,否
3144,2026-09-09,07:47,S03,Rabbit店,12,依云矿泉水,饮料,1,28.5,0.1,25.65,银行卡,小刘,是
1932,2026-09-09,07:55,S01,Bear店,2,农夫山泉550ml,饮料,1,57,0,57,微信,小王,否
3701,2026-09-09,07:59,S01,Bear店,45,舒肤佳香皂,日用百货,2,12.6,0,25.2,银行卡,小刘,是
3280,2026-09-09,08:03,S01,Bear店,62,西兰花,生鲜,4,40.8,0.15,138.72,会员储值,小李,否
2074,2026-09-09,08:05,S03,Rabbit店,28,安慕希酸奶,乳制品,4,45.3,0,181.2,银行卡,小赵,否
2499,2026-09-09,08:07,S02,Catty店,12,依云矿泉水,饮料,4,28.5,0,114,微信,小赵,否
491,2026-09-09,08:15,S02,Catty店,61,胡萝卜,生鲜,1,56,0,56,微信,小陈,否
3126,2026-09-09,08:17,S01,Bear店,23,比比赞面包,零食,3,65,0,195,现金,小陈,否
1652,2026-09-09,08:56,S03,Rabbit店,54,苹果,生鲜,4,21.1,0,84.4,会员储值,小王,否
2314,2026-09-09,09:09,S01,Bear店,11,维他柠檬茶,饮料,2,52.8,0,105.6,会员储值,小赵,是
2965,2026-09-09,09:14,S01,Bear店,57,五花肉,生鲜,1,18.2,0.15,15.47,支付宝,小刘,否
3973,2026-09-09,09:21,S04,Shiba店,1,可口可乐330ml,饮料,3,9.2,0,27.6,微信,小赵,否
3766,2026-09-09,09:22,S04,Shiba店,82,冻薯条,冷冻食品,1,37.3,0,37.3,微信,小赵,是
2231,2026-09-09,09:29,S02,Catty店,1,可口可乐330ml,饮料,4,9.2,0.1,33.12,现金,小王,是
1454,2026-09-09,09:38,S03,Rabbit店,42,清风抽纸3层,日用百货,3,37.8,0,113.4,银行卡,小赵,否
62,2026-09-09,09:40,S03,Rabbit店,18,好丽友巧克力派,零食,4,12.1,0,48.4,支付宝,小刘,否
2342,2026-09-09,09:45,S02,Catty店,21,德芙丝滑巧克力,零食,5,23.2,0.1,104.4,现金,小赵,否
1132,2026-09-09,09:46,S01,Bear店,40,食用盐500g,粮油调味,4,55.7,0.1,200.52,微信,小赵,否
942,2026-09-09,09:50,S01,Bear店,61,胡萝卜,生鲜,3,56,0.1,151.2,微信,小王,否
3317,2026-09-09,10:05,S02,Catty店,16,卫龙辣条,零食,5,29.4,0,147,支付宝,小刘,否
2125,2026-09-09,10:11,S03,Rabbit店,66,关东煮,熟食烘焙,1,24.5,0.15,20.82,银行卡,小赵,否
15,2026-09-09,10:15,S04,Shiba店,16,卫龙辣条,零食,3,29.4,0,88.2,银行卡,小李,否
1231,2026-09-09,10:42,S04,Shiba店,76,江小白,酒水,2,49.1,0,98.2,微信,小李,否
3545,2026-09-09,10:44,S03,Rabbit店,34,金龙鱼食用油5L,粮油调味,4,45.2,0,180.8,银行卡,小刘,是
2890,2026-09-09,11:21,S04,Shiba店,26,蒙牛特仑苏,乳制品,1,29.2,0.1,26.28,现金,小陈,是
290,2026-09-09,11:26,S04,Shiba店,7,椰树椰汁,饮料,4,32,0,128,会员储值,小陈,否
1846,2026-09-09,11:27,S03,Rabbit店,3,元气森林气泡水,饮料,2,24.4,0,48.8,银行卡,小李,否
2945,2026-09-09,11:37,S01,Bear店,52,本地西红柿,生鲜,4,43.2,0,172.8,会员储值,小张,否
1818,2026-09-09,11:39,S04,Shiba店,54,苹果,生鲜,5,21.1,0.1,94.95,会员储值,小张,否
1052,2026-09-09,11:48,S03,Rabbit店,56,鸡蛋30枚,生鲜,1,23.1,0,23.1,会员储值,小赵,是
2353,2026-09-09,11:56,S02,Catty店,49,保鲜膜,日用百货,1,50.2,0.1,45.18,银行卡,小赵,否
3073,2026-09-09,12:04,S01,Bear店,16,卫龙辣条,零食,4,29.4,0,117.6,微信,小陈,是
2394,2026-09-09,12:08,S01,Bear店,29,养乐多5连瓶,乳制品,5,39.4,0.1,177.3,支付宝,小李,否
724,2026-09-09,12:25,S02,Catty店,10,康师傅冰红茶,饮料,1,34.3,0,34.3,微信,小王,是
874,2026-09-09,12:26,S03,Rabbit店,2,农夫山泉550ml,饮料,5,57,0,285,现金,小张,否
2834,2026-09-09,12:32,S01,Bear店,11,维他柠檬茶,饮料,3,52.8,0,158.4,现金,小张,是
123,2026-09-09,12:33,S02,Catty店,6,美汁源果粒橙,饮料,5,28.8,0,144,支付宝,小王,否
440,2026-09-09,12:50,S03,Rabbit店,41,白糖1kg,粮油调味,3,37.3,0,111.9,支付宝,小赵,否
1570,2026-09-09,12:50,S03,Rabbit店,78,湾仔码头水饺,冷冻食品,3,11.2,0,33.6,支付宝,小陈,否
1113,2026-09-09,13:15,S01,Bear店,35,福临门大米5kg,粮油调味,4,31.8,0,127.2,现金,小王,否
3670,2026-09-09,13:17,S01,Bear店,81,和路雪甜筒,冷冻食品,5,39.7,0,198.5,银行卡,小赵,否
2794,2026-09-09,13:30,S01,Bear店,11,维他柠檬茶,饮料,2,52.8,0.1,95.04,微信,小王,否
755,2026-09-09,13:42,S03,Rabbit店,52,本地西红柿,生鲜,2,43.2,0,86.4,支付宝,小李,是
3767,2026-09-09,13:58,S03,Rabbit店,37,太太乐鸡精,粮油调味,5,34.2,0,171,微信,小刘,否
2035,2026-09-09,13:59,S01,Bear店,41,白糖1kg,粮油调味,4,37.3,0,149.2,银行卡,小陈,是
2179,2026-09-09,14:20,S01,Bear店,27,光明鲜牛奶,乳制品,3,8.1,0,24.3,银行卡,小陈,是
1313,2026-09-09,14:22,S01,Bear店,4,东方树叶乌龙茶,饮料,2,49.8,0,99.6,现金,小王,否
2508,2026-09-09,14:23,S02,Catty店,4,东方树叶乌龙茶,饮料,4,49.8,0,199.2,微信,小赵,否
2049,2026-09-09,14:29,S04,Shiba店,10,康师傅冰红茶,饮料,4,34.3,0,137.2,会员储值,小赵,否
2620,2026-09-09,14:35,S02,Catty店,43,维达卷纸,日用百货,5,23.6,0,118,现金,小李,否
3996,2026-09-09,14:45,S02,Catty店,71,三明治,熟食烘焙,1,40.7,0,40.7,支付宝,小张,否
856,2026-09-09,14:52,S02,Catty店,42,清风抽纸3层,日用百货,3,37.8,0,113.4,会员储值,小张,否
3839,2026-09-09,14:53,S03,Rabbit店,16,卫龙辣条,零食,5,29.4,0,147,银行卡,小李,是
2376,2026-09-09,14:56,S04,Shiba店,70,便当盒饭,熟食烘焙,5,28.5,0,142.5,会员储值,小陈,是
2978,2026-09-09,15:04,S01,Bear店,22,洽洽小黄袋,零食,2,50.2,0,100.4,银行卡,小赵,否
1118,2026-09-09,15:12,S02,Catty店,4,东方树叶乌龙茶,饮料,4,49.8,0,199.2,支付宝,小王,否
1108,2026-09-09,15:13,S02,Catty店,76,江小白,酒水,4,49.1,0,196.4,支付宝,小赵,否
2395,2026-09-09,15:23,S02,Catty店,45,舒肤佳香皂,日用百货,1,12.6,0,12.6,微信,小陈,否
1813,2026-09-09,15:24,S04,Shiba店,17,恰恰香瓜子,零食,5,26.2,0,131,现金,小刘,否
2402,2026-09-09,15:24,S04,Shiba店,12,依云矿泉水,饮料,1,28.5,0,28.5,现金,小刘,是
2514,2026-09-09,15:31,S02,Catty店,50,电池5号,日用百货,3,36.6,0.1,98.82,现金,小刘,是
3923,2026-09-09,15:35,S04,Shiba店,2,农夫山泉550ml,饮料,4,57,0.1,205.2,现金,小刘,否
235,2026-09-09,15:46,S01,Bear店,53,黄瓜,生鲜,2,45.7,0,91.4,银行卡,小陈,否
3024,2026-09-09,15:53,S01,Bear店,81,和路雪甜筒,冷冻食品,2,39.7,0,79.4,微信,小陈,否
1134,2026-09-09,16:00,S02,Catty店,24,上好佳鲜虾片,零食,4,17.9,0.1,64.44,银行卡,小陈,否
1772,2026-09-09,16:01,S02,Catty店,67,面包吐司,熟食烘焙,4,15.9,0,63.6,微信,小陈,否
3919,2026-09-09,16:14,S04,Shiba店,54,苹果,生鲜,5,21.1,0,105.5,现金,小陈,否
90,2026-09-09,16:24,S01,Bear店,74,牛栏山二锅头,酒水,3,59.6,0,178.8,微信,小王,是
3183,2026-09-09,16:25,S01,Bear店,69,炸鸡腿,熟食烘焙,5,45.1,0.15,191.67,会员储值,小李,否
2324,2026-09-09,16:26,S03,Rabbit店,80,雀巢冰淇淋,冷冻食品,5,11.6,0.1,52.2,银行卡,小张,否
462,2026-09-09,16:34,S04,Shiba店,7,椰树椰汁,饮料,4,32,0,128,微信,小赵,否
920,2026-09-09,16:36,S03,Rabbit店,28,安慕希酸奶,乳制品,5,45.3,0,226.5,微信,小刘,是
1877,2026-09-09,16:37,S02,Catty店,47,垃圾袋50只,日用百货,4,2.1,0,8.4,会员储值,小刘,是
3547,2026-09-09,16:39,S03,Rabbit店,75,长城干红,酒水,2,54.3,0,108.6,会员储值,小王,否
474,2026-09-09,16:41,S01,Bear店,80,雀巢冰淇淋,冷冻食品,1,11.6,0,11.6,现金,小刘,是
3439,2026-09-09,16:48,S02,Catty店,73,雪花啤酒,酒水,4,35.1,0,140.4,银行卡,小陈,否
39,2026-09-09,17:03,S04,Shiba店,61,胡萝卜,生鲜,3,56,0,168,银行卡,小张,否
2846,2026-09-09,17:05,S04,Shiba店,27,光明鲜牛奶,乳制品,1,8.1,0,8.1,微信,小刘,否
372,2026-09-09,17:13,S02,Catty店,53,黄瓜,生鲜,4,45.7,0.1,164.52,银行卡,小陈,否
833,2026-09-09,17:15,S02,Catty店,37,太太乐鸡精,粮油调味,5,34.2,0,171,现金,小赵,是
3477,2026-09-09,17:17,S03,Rabbit店,57,五花肉,生鲜,1,18.2,0,18.2,现金,小刘,否
2449,2026-09-09,17:24,S03,Rabbit店,59,鲈鱼,生鲜,1,39.1,0.15,33.23,会员储值,小张,否
1014,2026-09-09,17:28,S04,Shiba店,14,奥利奥原味,零食,4,11.6,0,46.4,微信,小赵,否
3668,2026-09-09,17:28,S03,Rabbit店,1,可口可乐330ml,饮料,5,9.2,0.1,41.4,微信,小赵,是
1309,2026-09-09,17:29,S03,Rabbit店,7,椰树椰汁,饮料,3,32,0,96,支付宝,小张,否
1783,2026-09-09,17:33,S01,Bear店,57,五花肉,生鲜,5,18.2,0.1,81.9,银行卡,小王,否
3395,2026-09-09,17:41,S04,Shiba店,49,保鲜膜,日用百货,2,50.2,0,100.4,会员储值,小李,否
2575,2026-09-09,17:48,S02,Catty店,5,王老吉罐装,饮料,1,24.6,0,24.6,支付宝,小刘,否
2821,2026-09-09,17:50,S04,Shiba店,27,光明鲜牛奶,乳制品,5,8.1,0,40.5,会员储值,小赵,是
1453,2026-09-09,18:03,S03,Rabbit店,17,恰恰香瓜子,零食,3,26.2,0,78.6,银行卡,小李,是
3330,2026-09-09,18:06,S03,Rabbit店,22,洽洽小黄袋,零食,3,50.2,0,150.6,微信,小王,否
293,2026-09-09,18:16,S02,Catty店,13,乐事薯片原味,零食,1,59.6,0,59.6,会员储值,小王,否
3538,2026-09-09,18:27,S01,Bear店,44,蓝月亮洗衣液,日用百货,4,12.3,0.1,44.28,支付宝,小王,是
3110,2026-09-09,18:31,S02,Catty店,17,恰恰香瓜子,零食,4,26.2,0.1,94.32,支付宝,小刘,是
2401,2026-09-09,18:35,S03,Rabbit店,15,旺旺雪饼,零食,4,33.4,0,133.6,现金,小陈,否
1361,2026-09-09,18:44,S03,Rabbit店,58,鸡胸肉,生鲜,2,39.7,0,79.4,支付宝,小李,否
288,2026-09-09,19:03,S04,Shiba店,48,洗碗海绵,日用百货,2,37.5,0,75,现金,小刘,否
1521,2026-09-09,19:03,S01,Bear店,76,江小白,酒水,2,49.1,0,98.2,会员储值,小刘,否
3188,2026-09-09,19:06,S04,Shiba店,5,王老吉罐装,饮料,3,24.6,0,73.8,银行卡,小陈,否
483,2026-09-09,19:20,S04,Shiba店,59,鲈鱼,生鲜,3,39.1,0,117.3,支付宝,小陈,否
3041,2026-09-09,19:35,S02,Catty店,79,思念汤圆,冷冻食品,1,54.9,0,54.9,银行卡,小陈,否
4124,2026-09-09,19:39,S04,Shiba店,21,德芙丝滑巧克力,零食,1,23.2,0.1,20.88,会员储值,小刘,否
1116,2026-09-09,19:41,S03,Rabbit店,15,旺旺雪饼,零食,4,33.4,0,133.6,银行卡,小赵,是
3020,2026-09-09,19:43,S03,Rabbit店,65,茶叶蛋,熟食烘焙,5,4.3,0,21.5,会员储值,小赵,否
2260,2026-09-09,19:45,S01,Bear店,22,洽洽小黄袋,零食,4,50.2,0,200.8,支付宝,小赵,否
1383,2026-09-09,19:47,S04,Shiba店,7,椰树椰汁,饮料,2,32,0.1,57.6,支付宝,小陈,是
2015,2026-09-09,19:58,S02,Catty店,54,苹果,生鲜,3,21.1,0,63.3,支付宝,小刘,否
4008,2026-09-09,20:11,S02,Catty店,12,依云矿泉水,饮料,5,28.5,0,142.5,现金,小赵,是
2215,2026-09-09,20:15,S02,Catty店,4,东方树叶乌龙茶,饮料,3,49.8,0,149.4,微信,小张,是
257,2026-09-09,20:20,S01,Bear店,6,美汁源果粒橙,饮料,1,28.8,0,28.8,会员储值,小刘,否
430,2026-09-09,20:36,S01,Bear店,24,上好佳鲜虾片,零食,3,17.9,0,53.7,支付宝,小赵,否
284,2026-09-09,20:48,S01,Bear店,59,鲈鱼,生鲜,2,39.1,0,78.2,现金,小李,否
1407,2026-09-09,20:53,S04,Shiba店,36,海天生抽,粮油调味,2,31.2,0.1,56.16,微信,小王,否
1354,2026-09-09,21:19,S04,Shiba店,48,洗碗海绵,日用百货,1,37.5,0.1,33.75,银行卡,小刘,否
3764,2026-09-09,21:30,S03,Rabbit店,45,舒肤佳香皂,日用百货,5,12.6,0,63,会员储值,小张,否
25,2026-09-09,21:33,S02,Catty店,73,雪花啤酒,酒水,3,35.1,0,105.3,微信,小刘,否
438,2026-09-09,21:44,S03,Rabbit店,6,美汁源果粒橙,饮料,3,28.8,0,86.4,银行卡,小李,否
3898,2026-09-09,21:46,S01,Bear店,36,海天生抽,粮油调味,4,31.2,0,124.8,微信,小刘,是
1760,2026-09-09,22:05,S03,Rabbit店,21,德芙丝滑巧克力,零食,4,23.2,0,92.8,会员储值,小赵,否
3848,2026-09-09,22:05,S02,Catty店,77,RIO鸡尾酒,酒水,1,29,0,29,会员储值,小赵,否
2355,2026-09-09,22:08,S02,Catty店,67,面包吐司,熟食烘焙,4,15.9,0,63.6,微信,小刘,否
3414,2026-09-09,22:24,S04,Shiba店,5,王老吉罐装,饮料,1,24.6,0,24.6,支付宝,小李,否
3484,2026-09-10,07:06,S03,Rabbit店,62,西兰花,生鲜,5,40.8,0.15,173.4,银行卡,小赵,否
2907,2026-09-10,07:11,S02,Catty店,53,黄瓜,生鲜,3,45.7,0,137.1,银行卡,小刘,是
3448,2026-09-10,07:16,S01,Bear店,32,奶酪棒,乳制品,4,28.7,0.1,103.32,支付宝,小陈,否
3688,2026-09-10,07:19,S03,Rabbit店,70,便当盒饭,熟食烘焙,3,28.5,0,85.5,会员储值,小李,否
1698,2026-09-10,07:36,S03,Rabbit店,7,椰树椰汁,饮料,5,32,0,160,银行卡,小李,否
1403,2026-09-10,07:37,S01,Bear店,8,脉动青柠,饮料,4,50.6,0,202.4,微信,小赵,是
2206,2026-09-10,07:37,S01,Bear店,34,金龙鱼食用油5L,粮油调味,4,45.2,0,180.8,微信,小陈,否
1144,2026-09-10,08:02,S01,Bear店,43,维达卷纸,日用百货,4,23.6,0,94.4,微信,小赵,是
1713,2026-09-10,08:16,S04,Shiba店,37,太太乐鸡精,粮油调味,5,34.2,0.1,153.9,银行卡,小刘,否
772,2026-09-10,08:17,S02,Catty店,57,五花肉,生鲜,1,18.2,0.1,16.38,会员储值,小李,否
3567,2026-09-10,08:26,S04,Shiba店,41,白糖1kg,粮油调味,4,37.3,0,149.2,会员储值,小王,否
396,2026-09-10,08:27,S04,Shiba店,59,鲈鱼,生鲜,4,39.1,0,156.4,微信,小陈,否
3417,2026-09-10,08:32,S04,Shiba店,81,和路雪甜筒,冷冻食品,2,39.7,0,79.4,支付宝,小刘,否
1254,2026-09-10,08:34,S04,Shiba店,40,食用盐500g,粮油调味,4,55.7,0,222.8,银行卡,小陈,否
2251,2026-09-10,08:34,S03,Rabbit店,29,养乐多5连瓶,乳制品,2,39.4,0,78.8,会员储值,小陈,否
1965,2026-09-10,08:35,S01,Bear店,63,草莓,生鲜,4,23.3,0.1,83.88,现金,小赵,是
1666,2026-09-10,08:42,S02,Catty店,1,可口可乐330ml,饮料,5,9.2,0,46,支付宝,小张,否
3926,2026-09-10,08:58,S03,Rabbit店,4,东方树叶乌龙茶,饮料,5,49.8,0,249,银行卡,小张,否
501,2026-09-10,08:59,S03,Rabbit店,62,西兰花,生鲜,3,40.8,0.1,110.16,银行卡,小刘,是
1686,2026-09-10,09:00,S01,Bear店,39,陈醋,粮油调味,5,15.2,0,76,微信,小刘,是
1701,2026-09-10,09:04,S03,Rabbit店,17,恰恰香瓜子,零食,1,26.2,0.1,23.58,会员储值,小陈,否
3066,2026-09-10,09:06,S03,Rabbit店,45,舒肤佳香皂,日用百货,2,12.6,0.1,22.68,银行卡,小赵,否
3903,2026-09-10,09:17,S02,Catty店,41,白糖1kg,粮油调味,3,37.3,0,111.9,银行卡,小刘,否
2520,2026-09-10,09:21,S03,Rabbit店,7,椰树椰汁,饮料,2,32,0,64,支付宝,小刘,否
3679,2026-09-10,09:35,S02,Catty店,67,面包吐司,熟食烘焙,3,15.9,0,47.7,会员储值,小赵,否
965,2026-09-10,09:45,S01,Bear店,51,牙签,日用百货,1,18.3,0.1,16.47,银行卡,小张,否
3492,2026-09-10,09:47,S02,Catty店,70,便当盒饭,熟食烘焙,3,28.5,0,85.5,微信,小王,否
1678,2026-09-10,09:51,S02,Catty店,19,三只松鼠每日坚果,零食,1,53.1,0,53.1,现金,小王,否
3413,2026-09-10,09:55,S02,Catty店,40,食用盐500g,粮油调味,3,55.7,0,167.1,会员储值,小陈,否
584,2026-09-10,10:05,S03,Rabbit店,82,冻薯条,冷冻食品,3,37.3,0,111.9,微信,小赵,否
297,2026-09-10,10:08,S01,Bear店,27,光明鲜牛奶,乳制品,5,8.1,0,40.5,支付宝,小李,否
1447,2026-09-10,10:30,S03,Rabbit店,35,福临门大米5kg,粮油调味,1,31.8,0,31.8,会员储值,小陈,否
2208,2026-09-10,10:32,S01,Bear店,39,陈醋,粮油调味,5,15.2,0.1,68.4,银行卡,小赵,否
2109,2026-09-10,10:34,S02,Catty店,27,光明鲜牛奶,乳制品,2,8.1,0,16.2,银行卡,小刘,否
2135,2026-09-10,10:56,S02,Catty店,54,苹果,生鲜,4,21.1,0,84.4,会员储值,小王,否
847,2026-09-10,10:58,S01,Bear店,15,旺旺雪饼,零食,3,33.4,0,100.2,支付宝,小刘,是
3878,2026-09-10,11:03,S02,Catty店,64,鲜肉包子,熟食烘焙,4,6,0,24,支付宝,小赵,否
227,2026-09-10,11:12,S03,Rabbit店,25,伊利纯牛奶250ml,乳制品,5,47.9,0,239.5,银行卡,小张,否
3586,2026-09-10,11:16,S02,Catty店,48,洗碗海绵,日用百货,2,37.5,0.1,67.5,会员储值,小李,否
3506,2026-09-10,11:17,S04,Shiba店,3,元气森林气泡水,饮料,2,24.4,0,48.8,现金,小刘,否
1306,2026-09-10,11:36,S04,Shiba店,31,旺仔牛奶,乳制品,2,24.4,0,48.8,银行卡,小陈,否
2868,2026-09-10,11:42,S02,Catty店,46,高露洁牙膏,日用百货,4,53.4,0,213.6,现金,小张,是
2743,2026-09-10,11:51,S04,Shiba店,14,奥利奥原味,零食,5,11.6,0,58,银行卡,小李,否
2775,2026-09-10,11:51,S04,Shiba店,55,香蕉,生鲜,4,10.8,0,43.2,微信,小王,否
2032,2026-09-10,12:01,S04,Shiba店,21,德芙丝滑巧克力,零食,1,23.2,0.1,20.88,银行卡,小张,是
2986,2026-09-10,12:06,S01,Bear店,2,农夫山泉550ml,饮料,1,57,0,57,微信,小李,否
173,2026-09-10,12:07,S02,Catty店,18,好丽友巧克力派,零食,4,12.1,0,48.4,银行卡,小赵,是
531,2026-09-10,12:14,S03,Rabbit店,43,维达卷纸,日用百货,5,23.6,0,118,微信,小陈,否
3519,2026-09-10,12:18,S02,Catty店,31,旺仔牛奶,乳制品,3,24.4,0,73.2,银行卡,小李,是
2536,2026-09-10,12:19,S02,Catty店,63,草莓,生鲜,5,23.3,0.15,99.02,微信,小赵,否
2686,2026-09-10,12:21,S03,Rabbit店,1,可口可乐330ml,饮料,2,9.2,0,18.4,微信,小李,否
3471,2026-09-10,12:36,S04,Shiba店,70,便当盒饭,熟食烘焙,5,28.5,0,142.5,现金,小陈,否
1942,2026-09-10,12:37,S02,Catty店,46,高露洁牙膏,日用百货,5,53.4,0,267,银行卡,小赵,是
2243,2026-09-10,12:57,S02,Catty店,2,农夫山泉550ml,饮料,3,57,0,171,会员储值,小陈,否
1548,2026-09-10,13:14,S04,Shiba店,65,茶叶蛋,熟食烘焙,2,4.3,0.15,7.31,现金,小王,否
2831,2026-09-10,13:14,S04,Shiba店,81,和路雪甜筒,冷冻食品,4,39.7,0,158.8,银行卡,小张,否
1165,2026-09-10,13:28,S02,Catty店,34,金龙鱼食用油5L,粮油调味,2,45.2,0,90.4,现金,小李,是
3409,2026-09-10,13:30,S03,Rabbit店,28,安慕希酸奶,乳制品,1,45.3,0,45.3,银行卡,小陈,否
1208,2026-09-10,13:31,S01,Bear店,65,茶叶蛋,熟食烘焙,3,4.3,0,12.9,会员储值,小李,否
639,2026-09-10,13:34,S03,Rabbit店,76,江小白,酒水,1,49.1,0.1,44.19,现金,小陈,否
1540,2026-09-10,13:53,S04,Shiba店,46,高露洁牙膏,日用百货,4,53.4,0,213.6,现金,小张,否
1655,2026-09-10,14:10,S03,Rabbit店,60,土豆,生鲜,1,24.3,0,24.3,会员储值,小李,是
4140,2026-09-10,14:16,S02,Catty店,37,太太乐鸡精,粮油调味,2,34.2,0,68.4,银行卡,小张,否
2122,2026-09-10,14:33,S04,Shiba店,14,奥利奥原味,零食,3,11.6,0,34.8,银行卡,小刘,是
1787,2026-09-10,14:35,S02,Catty店,19,三只松鼠每日坚果,零食,5,53.1,0.1,238.95,微信,小张,否
2568,2026-09-10,14:37,S02,Catty店,76,江小白,酒水,3,49.1,0,147.3,银行卡,小刘,否
346,2026-09-10,14:47,S01,Bear店,21,德芙丝滑巧克力,零食,4,23.2,0,92.8,支付宝,小王,否
1607,2026-09-10,14:55,S01,Bear店,40,食用盐500g,粮油调味,4,55.7,0.1,200.52,会员储值,小王,否
1239,2026-09-10,15:10,S04,Shiba店,53,黄瓜,生鲜,3,45.7,0,137.1,现金,小赵,是
3358,2026-09-10,15:24,S03,Rabbit店,50,电池5号,日用百货,1,36.6,0.1,32.94,现金,小张,否
1561,2026-09-10,15:33,S03,Rabbit店,35,福临门大米5kg,粮油调味,2,31.8,0.1,57.24,微信,小王,否
2503,2026-09-10,15:45,S02,Catty店,51,牙签,日用百货,5,18.3,0.1,82.35,现金,小李,否
598,2026-09-10,15:47,S04,Shiba店,63,草莓,生鲜,3,23.3,0.1,62.91,微信,小张,是
1125,2026-09-10,15:50,S02,Catty店,23,比比赞面包,零食,4,65,0,260,现金,小陈,否
2752,2026-09-10,15:51,S01,Bear店,46,高露洁牙膏,日用百货,4,53.4,0,213.6,会员储值,小李,否
1287,2026-09-10,15:53,S04,Shiba店,26,蒙牛特仑苏,乳制品,1,29.2,0,29.2,银行卡,小李,是
1847,2026-09-10,15:54,S02,Catty店,36,海天生抽,粮油调味,5,31.2,0,156,会员储值,小李,否
1085,2026-09-10,15:55,S03,Rabbit店,61,胡萝卜,生鲜,1,56,0.15,47.6,银行卡,小陈,否
125,2026-09-10,16:04,S03,Rabbit店,79,思念汤圆,冷冻食品,3,54.9,0,164.7,现金,小刘,否
9,2026-09-10,16:08,S04,Shiba店,10,康师傅冰红茶,饮料,4,34.3,0,137.2,微信,小陈,否
1097,2026-09-10,16:17,S01,Bear店,21,德芙丝滑巧克力,零食,4,23.2,0,92.8,支付宝,小陈,是
3946,2026-09-10,16:20,S01,Bear店,81,和路雪甜筒,冷冻食品,5,39.7,0,198.5,微信,小陈,否
669,2026-09-10,16:26,S01,Bear店,49,保鲜膜,日用百货,1,50.2,0,50.2,微信,小陈,否
2110,2026-09-10,16:29,S02,Catty店,57,五花肉,生鲜,2,18.2,0.1,32.76,会员储值,小王,否
627,2026-09-10,16:48,S02,Catty店,82,冻薯条,冷冻食品,4,37.3,0,149.2,微信,小王,否
3247,2026-09-10,16:50,S03,Rabbit店,19,三只松鼠每日坚果,零食,2,53.1,0,106.2,微信,小王,否
3580,2026-09-10,16:51,S04,Shiba店,8,脉动青柠,饮料,4,50.6,0,202.4,银行卡,小李,是
1735,2026-09-10,16:54,S02,Catty店,36,海天生抽,粮油调味,1,31.2,0,31.2,支付宝,小王,否
4079,2026-09-10,16:57,S02,Catty店,1,可口可乐330ml,饮料,2,9.2,0,18.4,支付宝,小刘,是
3687,2026-09-10,17:08,S04,Shiba店,28,安慕希酸奶,乳制品,5,45.3,0,226.5,支付宝,小刘,否
1392,2026-09-10,17:14,S02,Catty店,78,湾仔码头水饺,冷冻食品,4,11.2,0.1,40.32,会员储值,小张,否
3323,2026-09-10,17:15,S04,Shiba店,81,和路雪甜筒,冷冻食品,3,39.7,0,119.1,支付宝,小赵,是
2488,2026-09-10,17:19,S03,Rabbit店,56,鸡蛋30枚,生鲜,5,23.1,0.15,98.17,银行卡,小王,否
2877,2026-09-10,17:19,S01,Bear店,36,海天生抽,粮油调味,2,31.2,0,62.4,会员储值,小李,否
1736,2026-09-10,17:20,S02,Catty店,59,鲈鱼,生鲜,4,39.1,0.1,140.76,支付宝,小张,是
1088,2026-09-10,17:27,S03,Rabbit店,24,上好佳鲜虾片,零食,2,17.9,0,35.8,银行卡,小王,是
3177,2026-09-10,17:34,S03,Rabbit店,16,卫龙辣条,零食,4,29.4,0,117.6,微信,小王,否
3088,2026-09-10,17:38,S02,Catty店,50,电池5号,日用百货,3,36.6,0,109.8,会员储值,小陈,否
174,2026-09-10,17:47,S04,Shiba店,71,三明治,熟食烘焙,5,40.7,0.1,183.15,现金,小刘,否
1599,2026-09-10,18:07,S03,Rabbit店,83,冻青豆玉米,冷冻食品,2,59.5,0.1,107.1,现金,小李,是
2657,2026-09-10,18:25,S01,Bear店,2,农夫山泉550ml,饮料,5,57,0.1,256.5,会员储值,小张,否
882,2026-09-10,18:30,S04,Shiba店,48,洗碗海绵,日用百货,4,37.5,0,150,支付宝,小赵,否
3411,2026-09-10,18:31,S04,Shiba店,32,奶酪棒,乳制品,2,28.7,0,57.4,微信,小王,否
637,2026-09-10,18:40,S03,Rabbit店,78,湾仔码头水饺,冷冻食品,5,11.2,0,56,银行卡,小张,否
2322,2026-09-10,18:47,S03,Rabbit店,80,雀巢冰淇淋,冷冻食品,1,11.6,0,11.6,银行卡,小赵,否
3242,2026-09-10,18:57,S04,Shiba店,83,冻青豆玉米,冷冻食品,3,59.5,0,178.5,支付宝,小陈,否
31,2026-09-10,19:15,S04,Shiba店,52,本地西红柿,生鲜,1,43.2,0,43.2,现金,小陈,是
510,2026-09-10,19:29,S04,Shiba店,17,恰恰香瓜子,零食,2,26.2,0,52.4,银行卡,小王,是
1993,2026-09-10,19:31,S02,Catty店,77,RIO鸡尾酒,酒水,2,29,0,58,会员储值,小王,是
2556,2026-09-10,19:32,S02,Catty店,45,舒肤佳香皂,日用百货,1,12.6,0,12.6,银行卡,小赵,否
61,2026-09-10,19:33,S01,Bear店,47,垃圾袋50只,日用百货,3,2.1,0,6.3,现金,小王,否
2165,2026-09-10,19:33,S01,Bear店,43,维达卷纸,日用百货,5,23.6,0,118,现金,小张,否
3610,2026-09-10,19:37,S03,Rabbit店,5,王老吉罐装,饮料,1,24.6,0,24.6,微信,小陈,否
3167,2026-09-10,19:41,S01,Bear店,24,上好佳鲜虾片,零食,4,17.9,0,71.6,微信,小王,否
3778,2026-09-10,19:42,S01,Bear店,22,洽洽小黄袋,零食,1,50.2,0,50.2,支付宝,小王,否
2163,2026-09-10,19:48,S01,Bear店,11,维他柠檬茶,饮料,4,52.8,0,211.2,微信,小刘,否
957,2026-09-10,19:54,S02,Catty店,60,土豆,生鲜,2,24.3,0,48.6,银行卡,小李,是
4036,2026-09-10,20:04,S03,Rabbit店,46,高露洁牙膏,日用百货,2,53.4,0.1,96.12,会员储值,小张,否
3467,2026-09-10,20:10,S02,Catty店,23,比比赞面包,零食,4,65,0,260,银行卡,小王,否
1062,2026-09-10,20:11,S04,Shiba店,58,鸡胸肉,生鲜,3,39.7,0,119.1,支付宝,小陈,否
1591,2026-09-10,20:11,S04,Shiba店,72,青岛啤酒500ml,酒水,1,58.2,0,58.2,现金,小李,否
2104,2026-09-10,20:17,S02,Catty店,59,鲈鱼,生鲜,3,39.1,0,117.3,微信,小李,是
3291,2026-09-10,20:25,S02,Catty店,43,维达卷纸,日用百货,5,23.6,0,118,会员储值,小李,否
328,2026-09-10,20:33,S04,Shiba店,16,卫龙辣条,零食,3,29.4,0.1,79.38,支付宝,小王,是
2528,2026-09-10,20:39,S03,Rabbit店,73,雪花啤酒,酒水,5,35.1,0,175.5,支付宝,小李,否
3146,2026-09-10,21:29,S02,Catty店,55,香蕉,生鲜,5,10.8,0,54,支付宝,小赵,是
3754,2026-09-10,21:34,S03,Rabbit店,21,德芙丝滑巧克力,零食,4,23.2,0,92.8,银行卡,小王,否
1142,2026-09-10,21:39,S03,Rabbit店,10,康师傅冰红茶,饮料,3,34.3,0,102.9,银行卡,小李,否
3333,2026-09-10,21:44,S02,Catty店,21,德芙丝滑巧克力,零食,2,23.2,0.1,41.76,微信,小王,否
1346,2026-09-10,22:03,S03,Rabbit店,32,奶酪棒,乳制品,3,28.7,0,86.1,支付宝,小张,否
3806,2026-09-10,22:14,S03,Rabbit店,27,光明鲜牛奶,乳制品,1,8.1,0,8.1,会员储值,小张,是
325,2026-09-10,22:33,S04,Shiba店,72,青岛啤酒500ml,酒水,1,58.2,0,58.2,现金,小陈,否
1229,2026-09-10,22:35,S02,Catty店,37,太太乐鸡精,粮油调味,1,34.2,0,34.2,微信,小赵,否
3256,2026-09-10,22:39,S02,Catty店,73,雪花啤酒,酒水,5,35.1,0.1,157.95,银行卡,小刘,否
1112,2026-09-10,22:40,S03,Rabbit店,54,苹果,生鲜,5,21.1,0.15,89.67,现金,小陈,是
1972,2026-09-10,22:47,S04,Shiba店,28,安慕希酸奶,乳制品,3,45.3,0,135.9,微信,小张,否
1671,2026-09-10,22:51,S04,Shiba店,71,三明治,熟食烘焙,1,40.7,0.15,34.59,会员储值,小李,否
2754,2026-09-10,22:52,S04,Shiba店,7,椰树椰汁,饮料,4,32,0,128,会员储值,小张,否
2330,2026-09-10,22:55,S02,Catty店,70,便当盒饭,熟食烘焙,1,28.5,0.1,25.65,微信,小王,否
3342,2026-09-10,22:55,S03,Rabbit店,29,养乐多5连瓶,乳制品,5,39.4,0,197,会员储值,小李,是
2321,2026-09-10,22:56,S01,Bear店,30,简爱酸奶,乳制品,2,15.7,0,31.4,现金,小李,否
4029,2026-09-11,07:02,S04,Shiba店,57,五花肉,生鲜,4,18.2,0,72.8,现金,小张,是
2635,2026-09-11,07:06,S04,Shiba店,16,卫龙辣条,零食,3,29.4,0,88.2,银行卡,小王,否
3870,2026-09-11,07:07,S03,Rabbit店,64,鲜肉包子,熟食烘焙,3,6,0,18,现金,小赵,否
3309,2026-09-11,07:16,S01,Bear店,70,便当盒饭,熟食烘焙,1,28.5,0.1,25.65,会员储值,小陈,是
64,2026-09-11,07:18,S02,Catty店,51,牙签,日用百货,1,18.3,0,18.3,会员储值,小张,否
1559,2026-09-11,07:35,S04,Shiba店,67,面包吐司,熟食烘焙,1,15.9,0,15.9,会员储值,小张,否
961,2026-09-11,07:40,S02,Catty店,72,青岛啤酒500ml,酒水,4,58.2,0,232.8,银行卡,小王,否
2597,2026-09-11,07:41,S02,Catty店,54,苹果,生鲜,4,21.1,0,84.4,现金,小李,是
718,2026-09-11,07:57,S03,Rabbit店,12,依云矿泉水,饮料,4,28.5,0,114,现金,小李,否
2088,2026-09-11,08:02,S02,Catty店,20,士力架花生,零食,1,47.6,0,47.6,支付宝,小王,是
992,2026-09-11,08:09,S02,Catty店,31,旺仔牛奶,乳制品,3,24.4,0,73.2,支付宝,小李,否
1091,2026-09-11,08:12,S04,Shiba店,61,胡萝卜,生鲜,4,56,0,224,会员储值,小李,否
2309,2026-09-11,08:12,S02,Catty店,56,鸡蛋30枚,生鲜,3,23.1,0.15,58.91,支付宝,小陈,否
1179,2026-09-11,08:13,S02,Catty店,10,康师傅冰红茶,饮料,3,34.3,0,102.9,支付宝,小张,否
636,2026-09-11,08:15,S04,Shiba店,68,蛋挞,熟食烘焙,3,35.8,0,107.4,会员储值,小李,否
557,2026-09-11,08:25,S04,Shiba店,73,雪花啤酒,酒水,5,35.1,0,175.5,微信,小陈,否
3175,2026-09-11,08:25,S03,Rabbit店,31,旺仔牛奶,乳制品,2,24.4,0,48.8,现金,小张,否
1789,2026-09-11,08:34,S04,Shiba店,34,金龙鱼食用油5L,粮油调味,3,45.2,0.1,122.04,现金,小赵,否
801,2026-09-11,08:49,S01,Bear店,78,湾仔码头水饺,冷冻食品,4,11.2,0,44.8,支付宝,小张,是
1445,2026-09-11,09:11,S02,Catty店,77,RIO鸡尾酒,酒水,1,29,0,29,会员储值,小赵,否
2068,2026-09-11,09:11,S03,Rabbit店,57,五花肉,生鲜,4,18.2,0.1,65.52,会员储值,小刘,否
3815,2026-09-11,09:14,S03,Rabbit店,53,黄瓜,生鲜,2,45.7,0.15,77.69,现金,小赵,否
626,2026-09-11,09:21,S01,Bear店,69,炸鸡腿,熟食烘焙,3,45.1,0.15,115.01,现金,小赵,否
2397,2026-09-11,09:35,S03,Rabbit店,15,旺旺雪饼,零食,4,33.4,0,133.6,现金,小王,是
2574,2026-09-11,09:39,S04,Shiba店,51,牙签,日用百货,3,18.3,0,54.9,会员储值,小李,否
713,2026-09-11,09:43,S03,Rabbit店,79,思念汤圆,冷冻食品,2,54.9,0,109.8,银行卡,小赵,否
316,2026-09-11,09:46,S02,Catty店,36,海天生抽,粮油调味,5,31.2,0,156,会员储值,小陈,是
1664,2026-09-11,09:46,S03,Rabbit店,13,乐事薯片原味,零食,5,59.6,0,298,会员储值,小李,否
124,2026-09-11,09:56,S01,Bear店,39,陈醋,粮油调味,2,15.2,0,30.4,会员储值,小李,是
1695,2026-09-11,10:00,S04,Shiba店,30,简爱酸奶,乳制品,3,15.7,0,47.1,支付宝,小张,否
3498,2026-09-11,10:15,S02,Catty店,21,德芙丝滑巧克力,零食,5,23.2,0,116,会员储值,小王,否
777,2026-09-11,10:16,S01,Bear店,45,舒肤佳香皂,日用百货,2,12.6,0,25.2,银行卡,小张,是
592,2026-09-11,10:19,S04,Shiba店,32,奶酪棒,乳制品,2,28.7,0,57.4,微信,小李,否
3799,2026-09-11,10:20,S04,Shiba店,37,太太乐鸡精,粮油调味,4,34.2,0,136.8,银行卡,小刘,否
3441,2026-09-11,10:27,S03,Rabbit店,43,维达卷纸,日用百货,3,23.6,0,70.8,银行卡,小赵,是
161,2026-09-11,10:28,S03,Rabbit店,45,舒肤佳香皂,日用百货,3,12.6,0,37.8,现金,小张,否
3582,2026-09-11,10:36,S01,Bear店,49,保鲜膜,日用百货,1,50.2,0,50.2,微信,小王,否
2776,2026-09-11,10:40,S01,Bear店,29,养乐多5连瓶,乳制品,2,39.4,0,78.8,会员储值,小刘,否
3617,2026-09-11,10:57,S02,Catty店,73,雪花啤酒,酒水,3,35.1,0,105.3,银行卡,小陈,否
2069,2026-09-11,11:01,S01,Bear店,79,思念汤圆,冷冻食品,4,54.9,0,219.6,银行卡,小李,否
1469,2026-09-11,11:11,S01,Bear店,37,太太乐鸡精,粮油调味,2,34.2,0,68.4,现金,小刘,否
2348,2026-09-11,11:17,S02,Catty店,54,苹果,生鲜,2,21.1,0,42.2,银行卡,小赵,是
3749,2026-09-11,11:44,S04,Shiba店,72,青岛啤酒500ml,酒水,3,58.2,0,174.6,会员储值,小赵,否
251,2026-09-11,11:51,S01,Bear店,48,洗碗海绵,日用百货,3,37.5,0,112.5,微信,小王,否
2436,2026-09-11,12:05,S04,Shiba店,40,食用盐500g,粮油调味,5,55.7,0.1,250.65,现金,小王,是
865,2026-09-11,12:22,S01,Bear店,66,关东煮,熟食烘焙,3,24.5,0,73.5,会员储值,小赵,否
2653,2026-09-11,12:33,S04,Shiba店,44,蓝月亮洗衣液,日用百货,3,12.3,0,36.9,支付宝,小刘,是
3920,2026-09-11,12:42,S03,Rabbit店,63,草莓,生鲜,1,23.3,0.15,19.8,现金,小陈,否
4064,2026-09-11,12:45,S03,Rabbit店,50,电池5号,日用百货,1,36.6,0,36.6,支付宝,小张,否
628,2026-09-11,13:25,S03,Rabbit店,78,湾仔码头水饺,冷冻食品,1,11.2,0.1,10.08,现金,小张,否
2985,2026-09-11,13:29,S04,Shiba店,75,长城干红,酒水,5,54.3,0,271.5,会员储值,小陈,否
259,2026-09-11,13:35,S02,Catty店,19,三只松鼠每日坚果,零食,4,53.1,0.1,191.16,微信,小李,否
1303,2026-09-11,13:42,S01,Bear店,54,苹果,生鲜,1,21.1,0,21.1,会员储值,小李,否
281,2026-09-11,13:53,S03,Rabbit店,36,海天生抽,粮油调味,3,31.2,0,93.6,支付宝,小赵,否
1585,2026-09-11,14:01,S03,Rabbit店,67,面包吐司,熟食烘焙,3,15.9,0.15,40.55,会员储值,小李,否
279,2026-09-11,14:06,S02,Catty店,34,金龙鱼食用油5L,粮油调味,3,45.2,0,135.6,支付宝,小陈,是
1650,2026-09-11,14:14,S01,Bear店,52,本地西红柿,生鲜,2,43.2,0,86.4,银行卡,小张,是
534,2026-09-11,14:16,S04,Shiba店,23,比比赞面包,零食,1,65,0,65,会员储值,小王,否
1099,2026-09-11,14:30,S01,Bear店,56,鸡蛋30枚,生鲜,1,23.1,0.15,19.64,会员储值,小赵,否
904,2026-09-11,14:35,S01,Bear店,73,雪花啤酒,酒水,3,35.1,0,105.3,支付宝,小张,否
2142,2026-09-11,14:49,S03,Rabbit店,39,陈醋,粮油调味,2,15.2,0.1,27.36,银行卡,小李,是
436,2026-09-11,15:00,S03,Rabbit店,73,雪花啤酒,酒水,5,35.1,0,175.5,会员储值,小赵,否
266,2026-09-11,15:01,S01,Bear店,47,垃圾袋50只,日用百货,4,2.1,0,8.4,会员储值,小陈,否
453,2026-09-11,15:01,S03,Rabbit店,22,洽洽小黄袋,零食,2,50.2,0,100.4,银行卡,小陈,否
813,2026-09-11,15:17,S04,Shiba店,68,蛋挞,熟食烘焙,3,35.8,0,107.4,现金,小王,否
2645,2026-09-11,15:22,S01,Bear店,64,鲜肉包子,熟食烘焙,4,6,0.15,20.4,会员储值,小李,否
3536,2026-09-11,15:46,S02,Catty店,65,茶叶蛋,熟食烘焙,3,4.3,0,12.9,银行卡,小刘,是
3949,2026-09-11,15:46,S04,Shiba店,41,白糖1kg,粮油调味,3,37.3,0.1,100.71,微信,小赵,否
575,2026-09-11,15:50,S02,Catty店,55,香蕉,生鲜,3,10.8,0,32.4,银行卡,小陈,是
3967,2026-09-11,15:54,S02,Catty店,74,牛栏山二锅头,酒水,4,59.6,0,238.4,微信,小王,否
1485,2026-09-11,16:10,S02,Catty店,14,奥利奥原味,零食,1,11.6,0.1,10.44,现金,小王,否
1823,2026-09-11,16:26,S01,Bear店,29,养乐多5连瓶,乳制品,1,39.4,0,39.4,微信,小赵,否
1386,2026-09-11,16:29,S04,Shiba店,33,德亚全脂牛奶,乳制品,2,2.6,0.1,4.68,支付宝,小陈,是
1767,2026-09-11,16:35,S02,Catty店,34,金龙鱼食用油5L,粮油调味,4,45.2,0,180.8,现金,小陈,是
3947,2026-09-11,17:03,S03,Rabbit店,71,三明治,熟食烘焙,2,40.7,0,81.4,支付宝,小刘,否
994,2026-09-11,17:10,S04,Shiba店,63,草莓,生鲜,5,23.3,0,116.5,支付宝,小赵,否
3376,2026-09-11,17:16,S01,Bear店,12,依云矿泉水,饮料,1,28.5,0,28.5,会员储值,小赵,否
646,2026-09-11,17:22,S03,Rabbit店,50,电池5号,日用百货,3,36.6,0,109.8,微信,小陈,否
1121,2026-09-11,17:30,S02,Catty店,51,牙签,日用百货,3,18.3,0,54.9,现金,小王,否
4138,2026-09-11,17:43,S01,Bear店,18,好丽友巧克力派,零食,3,12.1,0.1,32.67,支付宝,小王,否
3694,2026-09-11,17:45,S03,Rabbit店,24,上好佳鲜虾片,零食,1,17.9,0.1,16.11,现金,小李,否
1690,2026-09-11,18:08,S02,Catty店,27,光明鲜牛奶,乳制品,2,8.1,0,16.2,现金,小刘,否
2609,2026-09-11,18:09,S03,Rabbit店,73,雪花啤酒,酒水,3,35.1,0,105.3,会员储值,小陈,否
2746,2026-09-11,18:24,S01,Bear店,18,好丽友巧克力派,零食,5,12.1,0,60.5,银行卡,小李,是
228,2026-09-11,18:25,S02,Catty店,37,太太乐鸡精,粮油调味,2,34.2,0,68.4,微信,小赵,否
3345,2026-09-11,18:26,S01,Bear店,56,鸡蛋30枚,生鲜,2,23.1,0,46.2,支付宝,小刘,是
532,2026-09-11,18:44,S03,Rabbit店,22,洽洽小黄袋,零食,3,50.2,0,150.6,会员储值,小王,否
1180,2026-09-11,18:54,S03,Rabbit店,38,老干妈辣椒酱,粮油调味,4,39.4,0,157.6,支付宝,小赵,否
3887,2026-09-11,18:54,S04,Shiba店,18,好丽友巧克力派,零食,3,12.1,0.1,32.67,微信,小李,否
2289,2026-09-11,19:10,S01,Bear店,58,鸡胸肉,生鲜,3,39.7,0,119.1,微信,小陈,否
1429,2026-09-11,19:26,S02,Catty店,62,西兰花,生鲜,5,40.8,0,204,现金,小王,是
1279,2026-09-11,19:29,S02,Catty店,9,红牛250ml,饮料,4,26.3,0,105.2,银行卡,小李,否
69,2026-09-11,19:32,S04,Shiba店,50,电池5号,日用百货,1,36.6,0,36.6,会员储值,小张,否
2995,2026-09-11,19:35,S02,Catty店,49,保鲜膜,日用百货,5,50.2,0,251,微信,小赵,否
4050,2026-09-11,19:39,S02,Catty店,33,德亚全脂牛奶,乳制品,4,2.6,0,10.4,银行卡,小王,否
2262,2026-09-11,19:42,S04,Shiba店,57,五花肉,生鲜,3,18.2,0,54.6,会员储值,小陈,是
2290,2026-09-11,19:50,S03,Rabbit店,4,东方树叶乌龙茶,饮料,1,49.8,0,49.8,会员储值,小刘,是
3809,2026-09-11,20:02,S01,Bear店,35,福临门大米5kg,粮油调味,4,31.8,0.1,114.48,现金,小陈,是
89,2026-09-11,20:04,S04,Shiba店,66,关东煮,熟食烘焙,1,24.5,0.15,20.82,微信,小陈,是
3287,2026-09-11,20:04,S02,Catty店,47,垃圾袋50只,日用百货,4,2.1,0.1,7.56,支付宝,小李,否
2781,2026-09-11,20:05,S04,Shiba店,27,光明鲜牛奶,乳制品,5,8.1,0,40.5,支付宝,小赵,否
831,2026-09-11,20:13,S02,Catty店,30,简爱酸奶,乳制品,2,15.7,0,31.4,支付宝,小刘,否
3200,2026-09-11,20:17,S02,Catty店,37,太太乐鸡精,粮油调味,1,34.2,0,34.2,现金,小陈,是
278,2026-09-11,20:20,S02,Catty店,26,蒙牛特仑苏,乳制品,2,29.2,0,58.4,微信,小王,否
1408,2026-09-11,20:21,S04,Shiba店,78,湾仔码头水饺,冷冻食品,5,11.2,0,56,微信,小刘,否
2910,2026-09-11,20:22,S01,Bear店,22,洽洽小黄袋,零食,1,50.2,0.1,45.18,支付宝,小王,否
3560,2026-09-11,20:25,S04,Shiba店,59,鲈鱼,生鲜,4,39.1,0.15,132.94,微信,小王,否
3451,2026-09-11,20:27,S04,Shiba店,50,电池5号,日用百货,1,36.6,0,36.6,支付宝,小王,否
3501,2026-09-11,20:29,S04,Shiba店,77,RIO鸡尾酒,酒水,2,29,0,58,支付宝,小张,否
1769,2026-09-11,20:35,S03,Rabbit店,19,三只松鼠每日坚果,零食,3,53.1,0.1,143.37,银行卡,小刘,否
2080,2026-09-11,20:35,S02,Catty店,66,关东煮,熟食烘焙,1,24.5,0.15,20.82,支付宝,小陈,是
1251,2026-09-11,20:45,S04,Shiba店,59,鲈鱼,生鲜,2,39.1,0.1,70.38,会员储值,小赵,否
2356,2026-09-11,21:05,S04,Shiba店,78,湾仔码头水饺,冷冻食品,4,11.2,0.1,40.32,银行卡,小刘,否
1892,2026-09-11,21:17,S02,Catty店,54,苹果,生鲜,4,21.1,0,84.4,会员储值,小王,是
3156,2026-09-11,21:21,S03,Rabbit店,51,牙签,日用百货,3,18.3,0,54.9,支付宝,小刘,否
1569,2026-09-11,21:33,S01,Bear店,22,洽洽小黄袋,零食,2,50.2,0,100.4,会员储值,小张,否
3597,2026-09-11,21:35,S02,Catty店,2,农夫山泉550ml,饮料,4,57,0,228,现金,小赵,否
2344,2026-09-11,21:48,S04,Shiba店,12,依云矿泉水,饮料,2,28.5,0,57,支付宝,小赵,否
131,2026-09-11,21:49,S03,Rabbit店,50,电池5号,日用百货,3,36.6,0,109.8,支付宝,小赵,否
4165,2026-09-11,21:51,S02,Catty店,66,关东煮,熟食烘焙,4,24.5,0,98,支付宝,小张,否
3852,2026-09-11,21:57,S01,Bear店,80,雀巢冰淇淋,冷冻食品,5,11.6,0,58,支付宝,小李,否
4108,2026-09-11,21:58,S03,Rabbit店,11,维他柠檬茶,饮料,3,52.8,0,158.4,会员储值,小王,是
394,2026-09-11,22:01,S01,Bear店,70,便当盒饭,熟食烘焙,4,28.5,0.15,96.9,支付宝,小赵,否
1946,2026-09-11,22:07,S03,Rabbit店,46,高露洁牙膏,日用百货,1,53.4,0.1,48.06,支付宝,小陈,是
301,2026-09-11,22:08,S03,Rabbit店,16,卫龙辣条,零食,4,29.4,0,117.6,会员储值,小王,否
2560,2026-09-11,22:15,S04,Shiba店,26,蒙牛特仑苏,乳制品,3,29.2,0,87.6,支付宝,小王,否
3176,2026-09-11,22:15,S02,Catty店,13,乐事薯片原味,零食,3,59.6,0,178.8,银行卡,小王,是
1752,2026-09-11,22:50,S01,Bear店,74,牛栏山二锅头,酒水,1,59.6,0,59.6,微信,小张,否
3444,2026-09-12,07:07,S04,Shiba店,78,湾仔码头水饺,冷冻食品,2,11.2,0,22.4,银行卡,小刘,是
2882,2026-09-12,07:34,S03,Rabbit店,6,美汁源果粒橙,饮料,4,28.8,0.1,103.68,微信,小赵,否
270,2026-09-12,07:39,S01,Bear店,35,福临门大米5kg,粮油调味,5,31.8,0.1,143.1,支付宝,小王,否
1693,2026-09-12,07:40,S01,Bear店,7,椰树椰汁,饮料,3,32,0.1,86.4,银行卡,小陈,是
2426,2026-09-12,07:52,S04,Shiba店,56,鸡蛋30枚,生鲜,3,23.1,0,69.3,银行卡,小张,否
1863,2026-09-12,07:53,S02,Catty店,38,老干妈辣椒酱,粮油调味,2,39.4,0,78.8,支付宝,小陈,否
1918,2026-09-12,07:58,S01,Bear店,21,德芙丝滑巧克力,零食,1,23.2,0,23.2,支付宝,小李,否
3241,2026-09-12,08:00,S04,Shiba店,10,康师傅冰红茶,饮料,4,34.3,0,137.2,支付宝,小赵,否
619,2026-09-12,08:04,S02,Catty店,47,垃圾袋50只,日用百货,5,2.1,0,10.5,银行卡,小陈,否
2949,2026-09-12,08:07,S01,Bear店,77,RIO鸡尾酒,酒水,4,29,0,116,银行卡,小刘,否
180,2026-09-12,08:11,S03,Rabbit店,26,蒙牛特仑苏,乳制品,1,29.2,0,29.2,会员储值,小张,否
1557,2026-09-12,08:35,S02,Catty店,2,农夫山泉550ml,饮料,3,57,0,171,支付宝,小赵,否
54,2026-09-12,08:38,S01,Bear店,54,苹果,生鲜,3,21.1,0.15,53.8,会员储值,小赵,否
2453,2026-09-12,08:46,S04,Shiba店,73,雪花啤酒,酒水,4,35.1,0,140.4,会员储值,小刘,否
3012,2026-09-12,09:01,S03,Rabbit店,49,保鲜膜,日用百货,1,50.2,0,50.2,支付宝,小李,否
2637,2026-09-12,09:11,S02,Catty店,60,土豆,生鲜,4,24.3,0,97.2,银行卡,小陈,否
3963,2026-09-12,09:15,S02,Catty店,30,简爱酸奶,乳制品,1,15.7,0,15.7,银行卡,小刘,是
690,2026-09-12,09:24,S01,Bear店,13,乐事薯片原味,零食,5,59.6,0,298,会员储值,小陈,否
1675,2026-09-12,09:46,S04,Shiba店,75,长城干红,酒水,4,54.3,0.1,195.48,会员储值,小赵,否
2224,2026-09-12,09:48,S01,Bear店,34,金龙鱼食用油5L,粮油调味,2,45.2,0,90.4,银行卡,小李,是
3039,2026-09-12,09:50,S02,Catty店,4,东方树叶乌龙茶,饮料,2,49.8,0,99.6,会员储值,小刘,否
1459,2026-09-12,10:02,S04,Shiba店,72,青岛啤酒500ml,酒水,2,58.2,0,116.4,会员储值,小刘,否
3307,2026-09-12,10:19,S03,Rabbit店,63,草莓,生鲜,3,23.3,0,69.9,支付宝,小陈,否
1049,2026-09-12,10:28,S01,Bear店,80,雀巢冰淇淋,冷冻食品,2,11.6,0.1,20.88,现金,小刘,否
1943,2026-09-12,10:28,S04,Shiba店,19,三只松鼠每日坚果,零食,4,53.1,0.1,191.16,支付宝,小陈,否
918,2026-09-12,10:34,S04,Shiba店,75,长城干红,酒水,1,54.3,0,54.3,现金,小张,否
1018,2026-09-12,10:37,S01,Bear店,66,关东煮,熟食烘焙,4,24.5,0,98,微信,小刘,是
3522,2026-09-12,10:48,S03,Rabbit店,79,思念汤圆,冷冻食品,3,54.9,0,164.7,微信,小王,否
536,2026-09-12,10:50,S04,Shiba店,47,垃圾袋50只,日用百货,1,2.1,0,2.1,微信,小赵,否
4100,2026-09-12,10:59,S03,Rabbit店,44,蓝月亮洗衣液,日用百货,3,12.3,0,36.9,支付宝,小陈,是
1630,2026-09-12,11:01,S01,Bear店,69,炸鸡腿,熟食烘焙,4,45.1,0,180.4,现金,小张,否
2960,2026-09-12,11:18,S01,Bear店,21,德芙丝滑巧克力,零食,2,23.2,0,46.4,现金,小陈,是
3042,2026-09-12,11:23,S04,Shiba店,65,茶叶蛋,熟食烘焙,2,4.3,0,8.6,微信,小王,否
2741,2026-09-12,11:27,S01,Bear店,19,三只松鼠每日坚果,零食,3,53.1,0.1,143.37,会员储值,小王,否
211,2026-09-12,11:36,S03,Rabbit店,73,雪花啤酒,酒水,1,35.1,0,35.1,支付宝,小赵,是
2175,2026-09-12,11:38,S04,Shiba店,37,太太乐鸡精,粮油调味,1,34.2,0,34.2,微信,小张,否
3387,2026-09-12,11:38,S03,Rabbit店,34,金龙鱼食用油5L,粮油调味,5,45.2,0,226,会员储值,小张,否
1362,2026-09-12,11:40,S02,Catty店,14,奥利奥原味,零食,4,11.6,0,46.4,现金,小李,否
1705,2026-09-12,11:41,S02,Catty店,80,雀巢冰淇淋,冷冻食品,5,11.6,0,58,现金,小王,否
3236,2026-09-12,11:41,S02,Catty店,46,高露洁牙膏,日用百货,5,53.4,0,267,微信,小赵,否
2747,2026-09-12,11:44,S04,Shiba店,48,洗碗海绵,日用百货,5,37.5,0.1,168.75,银行卡,小刘,否
3915,2026-09-12,12:11,S02,Catty店,63,草莓,生鲜,5,23.3,0.1,104.85,银行卡,小陈,是
782,2026-09-12,12:22,S03,Rabbit店,28,安慕希酸奶,乳制品,1,45.3,0.1,40.77,银行卡,小李,否
3257,2026-09-12,12:24,S03,Rabbit店,17,恰恰香瓜子,零食,5,26.2,0,131,支付宝,小陈,否
4197,2026-09-12,12:37,S02,Catty店,63,草莓,生鲜,4,23.3,0.1,83.88,微信,小李,是
1549,2026-09-12,12:57,S03,Rabbit店,60,土豆,生鲜,4,24.3,0.1,87.48,会员储值,小李,否
3446,2026-09-12,12:57,S03,Rabbit店,38,老干妈辣椒酱,粮油调味,4,39.4,0,157.6,支付宝,小刘,否
3796,2026-09-12,13:01,S01,Bear店,75,长城干红,酒水,4,54.3,0,217.2,银行卡,小李,否
2631,2026-09-12,13:02,S01,Bear店,31,旺仔牛奶,乳制品,5,24.4,0,122,会员储值,小陈,否
3213,2026-09-12,13:03,S02,Catty店,74,牛栏山二锅头,酒水,5,59.6,0,298,银行卡,小刘,否
3945,2026-09-12,13:04,S03,Rabbit店,2,农夫山泉550ml,饮料,3,57,0,171,微信,小陈,否
750,2026-09-12,13:12,S04,Shiba店,68,蛋挞,熟食烘焙,3,35.8,0.15,91.29,支付宝,小王,否
2387,2026-09-12,13:15,S01,Bear店,41,白糖1kg,粮油调味,4,37.3,0,149.2,会员储值,小王,否
4023,2026-09-12,13:16,S04,Shiba店,40,食用盐500g,粮油调味,1,55.7,0,55.7,微信,小王,否
1511,2026-09-12,13:19,S04,Shiba店,43,维达卷纸,日用百货,4,23.6,0.1,84.96,银行卡,小赵,是
2483,2026-09-12,13:31,S04,Shiba店,38,老干妈辣椒酱,粮油调味,3,39.4,0,118.2,银行卡,小李,是
2172,2026-09-12,13:40,S01,Bear店,21,德芙丝滑巧克力,零食,3,23.2,0,69.6,支付宝,小陈,是
3270,2026-09-12,13:47,S03,Rabbit店,49,保鲜膜,日用百货,3,50.2,0,150.6,微信,小王,否
3667,2026-09-12,13:48,S02,Catty店,14,奥利奥原味,零食,4,11.6,0,46.4,微信,小李,否
2041,2026-09-12,13:57,S01,Bear店,17,恰恰香瓜子,零食,1,26.2,0,26.2,支付宝,小赵,否
3802,2026-09-12,13:58,S01,Bear店,40,食用盐500g,粮油调味,5,55.7,0,278.5,微信,小陈,否
2681,2026-09-12,14:04,S03,Rabbit店,54,苹果,生鲜,5,21.1,0.1,94.95,现金,小陈,否
1936,2026-09-12,14:05,S03,Rabbit店,57,五花肉,生鲜,1,18.2,0.1,16.38,银行卡,小赵,否
3318,2026-09-12,14:11,S01,Bear店,49,保鲜膜,日用百货,5,50.2,0.1,225.9,现金,小李,否
923,2026-09-12,14:14,S01,Bear店,42,清风抽纸3层,日用百货,1,37.8,0,37.8,微信,小赵,否
604,2026-09-12,14:24,S03,Rabbit店,38,老干妈辣椒酱,粮油调味,3,39.4,0.1,106.38,支付宝,小王,否
338,2026-09-12,14:28,S03,Rabbit店,46,高露洁牙膏,日用百货,3,53.4,0,160.2,支付宝,小张,否
3381,2026-09-12,14:33,S01,Bear店,14,奥利奥原味,零食,3,11.6,0,34.8,微信,小赵,否
4063,2026-09-12,14:37,S03,Rabbit店,75,长城干红,酒水,2,54.3,0,108.6,银行卡,小李,是
905,2026-09-12,14:40,S02,Catty店,5,王老吉罐装,饮料,3,24.6,0,73.8,支付宝,小陈,否
7,2026-09-12,14:46,S03,Rabbit店,69,炸鸡腿,熟食烘焙,1,45.1,0.15,38.34,现金,小张,是
240,2026-09-12,14:46,S01,Bear店,59,鲈鱼,生鲜,1,39.1,0,39.1,现金,小刘,否
1794,2026-09-12,14:52,S02,Catty店,22,洽洽小黄袋,零食,1,50.2,0.1,45.18,银行卡,小李,是
3613,2026-09-12,14:52,S03,Rabbit店,30,简爱酸奶,乳制品,1,15.7,0.1,14.13,支付宝,小李,否
3436,2026-09-12,14:55,S03,Rabbit店,65,茶叶蛋,熟食烘焙,3,4.3,0,12.9,会员储值,小陈,否
3180,2026-09-12,14:58,S01,Bear店,6,美汁源果粒橙,饮料,3,28.8,0,86.4,微信,小赵,是
1039,2026-09-12,14:59,S02,Catty店,52,本地西红柿,生鲜,5,43.2,0,216,银行卡,小陈,是
464,2026-09-12,15:03,S03,Rabbit店,28,安慕希酸奶,乳制品,4,45.3,0.1,163.08,微信,小张,是
4031,2026-09-12,15:20,S04,Shiba店,45,舒肤佳香皂,日用百货,4,12.6,0,50.4,支付宝,小陈,否
3997,2026-09-12,15:25,S01,Bear店,38,老干妈辣椒酱,粮油调味,5,39.4,0,197,现金,小陈,否
996,2026-09-12,15:28,S02,Catty店,73,雪花啤酒,酒水,4,35.1,0,140.4,支付宝,小陈,是
4107,2026-09-12,15:28,S02,Catty店,80,雀巢冰淇淋,冷冻食品,3,11.6,0,34.8,微信,小陈,否
2181,2026-09-12,15:31,S01,Bear店,77,RIO鸡尾酒,酒水,3,29,0,87,银行卡,小刘,否
3678,2026-09-12,15:56,S01,Bear店,65,茶叶蛋,熟食烘焙,3,4.3,0.1,11.61,银行卡,小刘,否
559,2026-09-12,16:20,S03,Rabbit店,68,蛋挞,熟食烘焙,5,35.8,0,179,银行卡,小赵,否
86,2026-09-12,16:21,S04,Shiba店,5,王老吉罐装,饮料,5,24.6,0,123,微信,小陈,否
2145,2026-09-12,16:28,S04,Shiba店,49,保鲜膜,日用百货,2,50.2,0,100.4,支付宝,小李,否
3184,2026-09-12,16:31,S04,Shiba店,58,鸡胸肉,生鲜,5,39.7,0,198.5,支付宝,小刘,否
2496,2026-09-12,16:36,S01,Bear店,47,垃圾袋50只,日用百货,5,2.1,0,10.5,微信,小赵,否
2842,2026-09-12,16:40,S04,Shiba店,61,胡萝卜,生鲜,5,56,0,280,现金,小赵,否
3142,2026-09-12,16:43,S01,Bear店,63,草莓,生鲜,1,23.3,0,23.3,现金,小王,否
2920,2026-09-12,16:54,S02,Catty店,14,奥利奥原味,零食,4,11.6,0,46.4,会员储值,小张,否
1763,2026-09-12,17:05,S04,Shiba店,57,五花肉,生鲜,4,18.2,0,72.8,微信,小刘,是
1109,2026-09-12,17:15,S04,Shiba店,56,鸡蛋30枚,生鲜,3,23.1,0.1,62.37,支付宝,小李,否
2733,2026-09-12,17:15,S04,Shiba店,8,脉动青柠,饮料,1,50.6,0,50.6,支付宝,小张,是
612,2026-09-12,17:29,S02,Catty店,77,RIO鸡尾酒,酒水,4,29,0.1,104.4,支付宝,小李,是
4104,2026-09-12,17:32,S03,Rabbit店,6,美汁源果粒橙,饮料,5,28.8,0,144,微信,小王,是
1335,2026-09-12,17:52,S01,Bear店,54,苹果,生鲜,4,21.1,0.1,75.96,现金,小王,是
516,2026-09-12,18:03,S01,Bear店,39,陈醋,粮油调味,5,15.2,0,76,会员储值,小张,否
530,2026-09-12,18:08,S01,Bear店,47,垃圾袋50只,日用百货,4,2.1,0,8.4,现金,小陈,否
1493,2026-09-12,18:08,S01,Bear店,68,蛋挞,熟食烘焙,2,35.8,0,71.6,银行卡,小李,否
780,2026-09-12,18:19,S03,Rabbit店,27,光明鲜牛奶,乳制品,4,8.1,0,32.4,银行卡,小张,是
3405,2026-09-12,18:25,S02,Catty店,58,鸡胸肉,生鲜,5,39.7,0.1,178.65,现金,小张,否
1282,2026-09-12,18:26,S03,Rabbit店,82,冻薯条,冷冻食品,1,37.3,0,37.3,会员储值,小赵,否
3314,2026-09-12,18:27,S01,Bear店,67,面包吐司,熟食烘焙,4,15.9,0,63.6,会员储值,小刘,否
952,2026-09-12,18:28,S03,Rabbit店,14,奥利奥原味,零食,3,11.6,0,34.8,会员储值,小陈,否
1824,2026-09-12,18:36,S02,Catty店,38,老干妈辣椒酱,粮油调味,4,39.4,0,157.6,微信,小刘,否
2604,2026-09-12,18:38,S02,Catty店,71,三明治,熟食烘焙,5,40.7,0,203.5,会员储值,小刘,是
3813,2026-09-12,18:41,S01,Bear店,16,卫龙辣条,零食,3,29.4,0.1,79.38,支付宝,小刘,是
2039,2026-09-12,18:43,S03,Rabbit店,51,牙签,日用百货,3,18.3,0,54.9,银行卡,小陈,否
3051,2026-09-12,18:45,S01,Bear店,9,红牛250ml,饮料,1,26.3,0,26.3,微信,小刘,否
2386,2026-09-12,18:54,S04,Shiba店,11,维他柠檬茶,饮料,4,52.8,0,211.2,银行卡,小张,是
3043,2026-09-12,19:01,S02,Catty店,72,青岛啤酒500ml,酒水,3,58.2,0,174.6,支付宝,小陈,否
3497,2026-09-12,19:01,S02,Catty店,36,海天生抽,粮油调味,1,31.2,0,31.2,会员储值,小王,是
49,2026-09-12,19:03,S02,Catty店,13,乐事薯片原味,零食,2,59.6,0.1,107.28,银行卡,小陈,是
3438,2026-09-12,19:03,S04,Shiba店,60,土豆,生鲜,4,24.3,0,97.2,微信,小李,否
1185,2026-09-12,19:05,S04,Shiba店,59,鲈鱼,生鲜,1,39.1,0.1,35.19,银行卡,小王,否
3135,2026-09-12,19:06,S03,Rabbit店,47,垃圾袋50只,日用百货,2,2.1,0,4.2,现金,小张,否
3260,2026-09-12,19:06,S04,Shiba店,30,简爱酸奶,乳制品,1,15.7,0,15.7,银行卡,小王,否
361,2026-09-12,19:07,S01,Bear店,61,胡萝卜,生鲜,5,56,0.1,252,微信,小陈,否
2854,2026-09-12,19:07,S02,Catty店,12,依云矿泉水,饮料,1,28.5,0,28.5,支付宝,小刘,否
4117,2026-09-12,19:22,S02,Catty店,83,冻青豆玉米,冷冻食品,2,59.5,0,119,微信,小陈,否
378,2026-09-12,19:32,S01,Bear店,40,食用盐500g,粮油调味,2,55.7,0,111.4,支付宝,小刘,否
3018,2026-09-12,19:38,S01,Bear店,83,冻青豆玉米,冷冻食品,2,59.5,0,119,支付宝,小王,是
3530,2026-09-12,20:03,S02,Catty店,53,黄瓜,生鲜,2,45.7,0.15,77.69,微信,小赵,是
3108,2026-09-12,20:09,S02,Catty店,66,关东煮,熟食烘焙,2,24.5,0,49,会员储值,小刘,否
769,2026-09-12,20:14,S03,Rabbit店,35,福临门大米5kg,粮油调味,2,31.8,0,63.6,支付宝,小陈,否
693,2026-09-12,20:16,S04,Shiba店,79,思念汤圆,冷冻食品,1,54.9,0,54.9,支付宝,小张,是
3578,2026-09-12,20:20,S04,Shiba店,41,白糖1kg,粮油调味,1,37.3,0,37.3,支付宝,小李,否
3968,2026-09-12,20:24,S03,Rabbit店,8,脉动青柠,饮料,5,50.6,0,253,支付宝,小赵,否
704,2026-09-12,20:33,S04,Shiba店,82,冻薯条,冷冻食品,5,37.3,0,186.5,银行卡,小王,否
3452,2026-09-12,20:38,S01,Bear店,65,茶叶蛋,熟食烘焙,1,4.3,0,4.3,会员储值,小李,否
2160,2026-09-12,20:45,S03,Rabbit店,80,雀巢冰淇淋,冷冻食品,3,11.6,0,34.8,微信,小李,否
47,2026-09-12,20:46,S03,Rabbit店,23,比比赞面包,零食,4,65,0.1,234,支付宝,小赵,否
3864,2026-09-12,20:50,S04,Shiba店,78,湾仔码头水饺,冷冻食品,2,11.2,0,22.4,银行卡,小王,否
2791,2026-09-12,21:08,S04,Shiba店,68,蛋挞,熟食烘焙,1,35.8,0.1,32.22,银行卡,小赵,否
2058,2026-09-12,21:14,S04,Shiba店,31,旺仔牛奶,乳制品,1,24.4,0,24.4,会员储值,小陈,是
3861,2026-09-12,21:23,S04,Shiba店,16,卫龙辣条,零食,3,29.4,0,88.2,微信,小陈,否
1483,2026-09-12,21:24,S03,Rabbit店,83,冻青豆玉米,冷冻食品,4,59.5,0.1,214.2,现金,小李,否
1260,2026-09-12,21:28,S04,Shiba店,10,康师傅冰红茶,饮料,2,34.3,0,68.6,现金,小刘,否
585,2026-09-12,21:32,S03,Rabbit店,30,简爱酸奶,乳制品,1,15.7,0,15.7,银行卡,小刘,否
3894,2026-09-12,21:48,S03,Rabbit店,44,蓝月亮洗衣液,日用百货,5,12.3,0,61.5,银行卡,小张,否
3211,2026-09-12,21:57,S03,Rabbit店,67,面包吐司,熟食烘焙,1,15.9,0.1,14.31,会员储值,小张,否
3089,2026-09-12,22:22,S01,Bear店,82,冻薯条,冷冻食品,1,37.3,0.1,33.57,会员储值,小王,否
949,2026-09-12,22:34,S04,Shiba店,29,养乐多5连瓶,乳制品,4,39.4,0,157.6,现金,小王,否
275,2026-09-12,22:39,S02,Catty店,24,上好佳鲜虾片,零食,5,17.9,0,89.5,微信,小刘,是
2004,2026-09-12,22:46,S03,Rabbit店,37,太太乐鸡精,粮油调味,5,34.2,0,171,现金,小陈,否
99,2026-09-12,22:50,S03,Rabbit店,52,本地西红柿,生鲜,1,43.2,0,43.2,现金,小陈,否
3693,2026-09-12,22:57,S01,Bear店,67,面包吐司,熟食烘焙,5,15.9,0,79.5,现金,小李,否
186,2026-09-13,07:02,S03,Rabbit店,26,蒙牛特仑苏,乳制品,2,29.2,0,58.4,微信,小李,是
586,2026-09-13,07:07,S01,Bear店,1,可口可乐330ml,饮料,1,9.2,0,9.2,会员储值,小陈,否
333,2026-09-13,07:12,S02,Catty店,18,好丽友巧克力派,零食,4,12.1,0.1,43.56,微信,小刘,否
1725,2026-09-13,07:15,S04,Shiba店,54,苹果,生鲜,4,21.1,0,84.4,微信,小刘,否
3064,2026-09-13,07:19,S01,Bear店,41,白糖1kg,粮油调味,2,37.3,0.1,67.14,支付宝,小赵,否
3639,2026-09-13,07:30,S01,Bear店,33,德亚全脂牛奶,乳制品,4,2.6,0,10.4,微信,小李,否
1342,2026-09-13,07:37,S01,Bear店,20,士力架花生,零食,5,47.6,0,238,现金,小李,否
1131,2026-09-13,07:40,S03,Rabbit店,16,卫龙辣条,零食,1,29.4,0,29.4,银行卡,小赵,否
696,2026-09-13,07:50,S04,Shiba店,81,和路雪甜筒,冷冻食品,2,39.7,0,79.4,支付宝,小赵,否
733,2026-09-13,07:59,S04,Shiba店,14,奥利奥原味,零食,2,11.6,0.1,20.88,现金,小陈,否
63,2026-09-13,08:17,S03,Rabbit店,33,德亚全脂牛奶,乳制品,4,2.6,0,10.4,银行卡,小陈,否
347,2026-09-13,08:17,S01,Bear店,48,洗碗海绵,日用百货,3,37.5,0,112.5,会员储值,小张,否
493,2026-09-13,08:19,S04,Shiba店,36,海天生抽,粮油调味,1,31.2,0,31.2,微信,小陈,否
3980,2026-09-13,08:19,S01,Bear店,58,鸡胸肉,生鲜,4,39.7,0,158.8,支付宝,小陈,否
2422,2026-09-13,08:29,S01,Bear店,73,雪花啤酒,酒水,2,35.1,0,70.2,银行卡,小陈,否
2600,2026-09-13,08:34,S01,Bear店,18,好丽友巧克力派,零食,3,12.1,0,36.3,现金,小王,否
791,2026-09-13,08:49,S03,Rabbit店,22,洽洽小黄袋,零食,1,50.2,0,50.2,会员储值,小王,否
903,2026-09-13,08:54,S03,Rabbit店,43,维达卷纸,日用百货,3,23.6,0,70.8,会员储值,小赵,否
3982,2026-09-13,09:14,S01,Bear店,68,蛋挞,熟食烘焙,5,35.8,0.15,152.15,会员储值,小赵,否
145,2026-09-13,09:17,S03,Rabbit店,14,奥利奥原味,零食,4,11.6,0,46.4,支付宝,小李,否
2,2026-09-13,09:23,S01,Bear店,14,奥利奥原味,零食,2,11.6,0,23.2,银行卡,小陈,是
1804,2026-09-13,09:30,S02,Catty店,69,炸鸡腿,熟食烘焙,2,45.1,0.15,76.67,现金,小陈,是
2385,2026-09-13,09:54,S01,Bear店,77,RIO鸡尾酒,酒水,5,29,0,145,支付宝,小王,是
3921,2026-09-13,09:57,S03,Rabbit店,30,简爱酸奶,乳制品,2,15.7,0.1,28.26,银行卡,小陈,否
2217,2026-09-13,10:00,S02,Catty店,22,洽洽小黄袋,零食,1,50.2,0,50.2,支付宝,小赵,否
8,2026-09-13,10:13,S03,Rabbit店,20,士力架花生,零食,3,47.6,0,142.8,现金,小陈,否
1816,2026-09-13,10:26,S02,Catty店,13,乐事薯片原味,零食,4,59.6,0.1,214.56,会员储值,小王,否
1328,2026-09-13,10:31,S02,Catty店,13,乐事薯片原味,零食,4,59.6,0.1,214.56,会员储值,小陈,否
3493,2026-09-13,10:31,S04,Shiba店,39,陈醋,粮油调味,1,15.2,0,15.2,会员储值,小赵,是
185,2026-09-13,10:33,S03,Rabbit店,32,奶酪棒,乳制品,2,28.7,0,57.4,会员储值,小陈,否
2098,2026-09-13,10:52,S04,Shiba店,31,旺仔牛奶,乳制品,1,24.4,0,24.4,支付宝,小李,是
3825,2026-09-13,10:52,S01,Bear店,18,好丽友巧克力派,零食,1,12.1,0,12.1,银行卡,小王,否
1702,2026-09-13,10:58,S03,Rabbit店,16,卫龙辣条,零食,2,29.4,0,58.8,会员储值,小王,否
498,2026-09-13,11:02,S04,Shiba店,4,东方树叶乌龙茶,饮料,4,49.8,0,199.2,会员储值,小张,否
2581,2026-09-13,11:30,S04,Shiba店,64,鲜肉包子,熟食烘焙,5,6,0.1,27,银行卡,小王,否
42,2026-09-13,11:33,S04,Shiba店,34,金龙鱼食用油5L,粮油调味,2,45.2,0,90.4,支付宝,小刘,是
3775,2026-09-13,11:42,S04,Shiba店,16,卫龙辣条,零食,5,29.4,0.1,132.3,现金,小张,否
2374,2026-09-13,11:51,S01,Bear店,17,恰恰香瓜子,零食,5,26.2,0.1,117.9,微信,小李,是
1436,2026-09-13,12:00,S04,Shiba店,29,养乐多5连瓶,乳制品,1,39.4,0,39.4,会员储值,小赵,否
1785,2026-09-13,12:02,S02,Catty店,36,海天生抽,粮油调味,4,31.2,0,124.8,支付宝,小王,是
1802,2026-09-13,12:03,S01,Bear店,70,便当盒饭,熟食烘焙,2,28.5,0,57,现金,小陈,否
1537,2026-09-13,12:06,S04,Shiba店,33,德亚全脂牛奶,乳制品,2,2.6,0.1,4.68,现金,小李,否
948,2026-09-13,12:07,S03,Rabbit店,11,维他柠檬茶,饮料,2,52.8,0,105.6,银行卡,小李,否
2071,2026-09-13,12:31,S01,Bear店,5,王老吉罐装,饮料,3,24.6,0.1,66.42,支付宝,小赵,是
3675,2026-09-13,12:38,S03,Rabbit店,39,陈醋,粮油调味,3,15.2,0,45.6,现金,小陈,否
3361,2026-09-13,12:44,S02,Catty店,23,比比赞面包,零食,5,65,0,325,支付宝,小张,否
3884,2026-09-13,13:24,S03,Rabbit店,48,洗碗海绵,日用百货,4,37.5,0.1,135,会员储值,小李,是
3553,2026-09-13,13:27,S04,Shiba店,54,苹果,生鲜,2,21.1,0,42.2,现金,小陈,否
2736,2026-09-13,13:37,S02,Catty店,33,德亚全脂牛奶,乳制品,3,2.6,0,7.8,支付宝,小赵,是
3368,2026-09-13,13:39,S02,Catty店,43,维达卷纸,日用百货,2,23.6,0.1,42.48,微信,小赵,是
2962,2026-09-13,14:12,S02,Catty店,76,江小白,酒水,1,49.1,0,49.1,银行卡,小陈,否
2391,2026-09-13,14:19,S03,Rabbit店,16,卫龙辣条,零食,1,29.4,0,29.4,微信,小赵,否
1089,2026-09-13,14:21,S03,Rabbit店,45,舒肤佳香皂,日用百货,2,12.6,0,25.2,支付宝,小刘,是
1189,2026-09-13,14:21,S01,Bear店,45,舒肤佳香皂,日用百货,5,12.6,0,63,银行卡,小张,否
3033,2026-09-13,14:28,S04,Shiba店,7,椰树椰汁,饮料,2,32,0,64,支付宝,小王,否
512,2026-09-13,14:50,S04,Shiba店,73,雪花啤酒,酒水,4,35.1,0,140.4,银行卡,小赵,否
1246,2026-09-13,14:53,S02,Catty店,64,鲜肉包子,熟食烘焙,5,6,0,30,银行卡,小李,否
3398,2026-09-13,15:13,S01,Bear店,42,清风抽纸3层,日用百货,2,37.8,0,75.6,现金,小陈,否
414,2026-09-13,15:19,S04,Shiba店,5,王老吉罐装,饮料,4,24.6,0,98.4,会员储值,小王,是
2788,2026-09-13,15:19,S03,Rabbit店,79,思念汤圆,冷冻食品,4,54.9,0,219.6,现金,小刘,否
248,2026-09-13,15:25,S01,Bear店,63,草莓,生鲜,1,23.3,0.15,19.8,银行卡,小刘,否
1728,2026-09-13,15:33,S01,Bear店,74,牛栏山二锅头,酒水,5,59.6,0,298,支付宝,小赵,否
1063,2026-09-13,15:39,S03,Rabbit店,83,冻青豆玉米,冷冻食品,3,59.5,0,178.5,现金,小李,是
3037,2026-09-13,15:39,S01,Bear店,6,美汁源果粒橙,饮料,4,28.8,0,115.2,微信,小刘,是
3526,2026-09-13,15:50,S02,Catty店,83,冻青豆玉米,冷冻食品,4,59.5,0,238,微信,小李,是
2223,2026-09-13,15:54,S04,Shiba店,83,冻青豆玉米,冷冻食品,5,59.5,0,297.5,现金,小张,否
2790,2026-09-13,15:57,S04,Shiba店,33,德亚全脂牛奶,乳制品,1,2.6,0,2.6,微信,小赵,是
3111,2026-09-13,15:59,S01,Bear店,2,农夫山泉550ml,饮料,5,57,0,285,支付宝,小刘,否
1184,2026-09-13,16:10,S03,Rabbit店,12,依云矿泉水,饮料,4,28.5,0,114,支付宝,小李,是
3122,2026-09-13,16:13,S02,Catty店,39,陈醋,粮油调味,3,15.2,0,45.6,支付宝,小李,否
67,2026-09-13,16:16,S01,Bear店,2,农夫山泉550ml,饮料,5,57,0.1,256.5,现金,小张,否
1374,2026-09-13,16:45,S01,Bear店,76,江小白,酒水,2,49.1,0.1,88.38,会员储值,小陈,否
2760,2026-09-13,16:47,S04,Shiba店,5,王老吉罐装,饮料,4,24.6,0,98.4,现金,小张,是
150,2026-09-13,16:57,S04,Shiba店,77,RIO鸡尾酒,酒水,4,29,0,116,现金,小张,否
2133,2026-09-13,17:01,S02,Catty店,18,好丽友巧克力派,零食,2,12.1,0,24.2,微信,小赵,否
3964,2026-09-13,17:11,S02,Catty店,32,奶酪棒,乳制品,3,28.7,0.1,77.49,现金,小陈,否
999,2026-09-13,17:12,S01,Bear店,79,思念汤圆,冷冻食品,1,54.9,0.1,49.41,微信,小陈,否
818,2026-09-13,17:19,S03,Rabbit店,4,东方树叶乌龙茶,饮料,3,49.8,0.1,134.46,银行卡,小李,是
3899,2026-09-13,17:19,S02,Catty店,24,上好佳鲜虾片,零食,3,17.9,0,53.7,微信,小王,否
2784,2026-09-13,17:27,S04,Shiba店,47,垃圾袋50只,日用百货,4,2.1,0,8.4,微信,小王,否
146,2026-09-13,17:30,S01,Bear店,42,清风抽纸3层,日用百货,2,37.8,0,75.6,银行卡,小张,否
83,2026-09-13,17:31,S04,Shiba店,38,老干妈辣椒酱,粮油调味,2,39.4,0,78.8,会员储值,小刘,否
429,2026-09-13,17:35,S02,Catty店,41,白糖1kg,粮油调味,3,37.3,0,111.9,现金,小张,否
4071,2026-09-13,17:39,S03,Rabbit店,39,陈醋,粮油调味,5,15.2,0,76,会员储值,小陈,否
779,2026-09-13,17:40,S01,Bear店,54,苹果,生鲜,4,21.1,0,84.4,会员储值,小张,否
3162,2026-09-13,17:54,S01,Bear店,34,金龙鱼食用油5L,粮油调味,2,45.2,0,90.4,会员储值,小王,是
3380,2026-09-13,17:55,S01,Bear店,70,便当盒饭,熟食烘焙,1,28.5,0.1,25.65,现金,小赵,是
1373,2026-09-13,18:00,S04,Shiba店,50,电池5号,日用百货,1,36.6,0,36.6,微信,小赵,否
3645,2026-09-13,18:16,S01,Bear店,1,可口可乐330ml,饮料,4,9.2,0,36.8,会员储值,小赵,是
3634,2026-09-13,18:18,S03,Rabbit店,66,关东煮,熟食烘焙,4,24.5,0,98,微信,小王,否
458,2026-09-13,18:34,S04,Shiba店,79,思念汤圆,冷冻食品,3,54.9,0,164.7,会员储值,小刘,是
405,2026-09-13,18:39,S03,Rabbit店,49,保鲜膜,日用百货,4,50.2,0,200.8,支付宝,小赵,否
1358,2026-09-13,18:42,S04,Shiba店,78,湾仔码头水饺,冷冻食品,3,11.2,0,33.6,支付宝,小赵,否
1299,2026-09-13,18:47,S01,Bear店,18,好丽友巧克力派,零食,3,12.1,0,36.3,支付宝,小李,是
3362,2026-09-13,18:58,S01,Bear店,65,茶叶蛋,熟食烘焙,3,4.3,0,12.9,支付宝,小刘,是
482,2026-09-13,19:07,S04,Shiba店,28,安慕希酸奶,乳制品,2,45.3,0.1,81.54,银行卡,小刘,否
744,2026-09-13,19:09,S04,Shiba店,29,养乐多5连瓶,乳制品,3,39.4,0,118.2,支付宝,小赵,否
2334,2026-09-13,19:09,S01,Bear店,49,保鲜膜,日用百货,1,50.2,0,50.2,银行卡,小刘,否
3743,2026-09-13,19:14,S03,Rabbit店,8,脉动青柠,饮料,5,50.6,0.1,227.7,微信,小陈,是
3849,2026-09-13,19:22,S03,Rabbit店,5,王老吉罐装,饮料,3,24.6,0,73.8,会员储值,小刘,是
1220,2026-09-13,19:28,S01,Bear店,10,康师傅冰红茶,饮料,3,34.3,0.1,92.61,微信,小张,否
1494,2026-09-13,19:28,S01,Bear店,13,乐事薯片原味,零食,3,59.6,0,178.8,现金,小陈,否
50,2026-09-13,19:38,S02,Catty店,17,恰恰香瓜子,零食,2,26.2,0.1,47.16,现金,小李,否
2506,2026-09-13,19:42,S04,Shiba店,69,炸鸡腿,熟食烘焙,2,45.1,0,90.2,微信,小赵,否
2406,2026-09-13,19:46,S04,Shiba店,10,康师傅冰红茶,饮料,1,34.3,0,34.3,微信,小李,否
1339,2026-09-13,19:50,S03,Rabbit店,71,三明治,熟食烘焙,3,40.7,0.1,109.89,现金,小李,否
1161,2026-09-13,19:53,S01,Bear店,22,洽洽小黄袋,零食,2,50.2,0,100.4,支付宝,小陈,否
1149,2026-09-13,20:00,S03,Rabbit店,18,好丽友巧克力派,零食,5,12.1,0,60.5,支付宝,小王,否
2028,2026-09-13,20:05,S04,Shiba店,26,蒙牛特仑苏,乳制品,1,29.2,0.1,26.28,会员储值,小王,否
187,2026-09-13,20:07,S02,Catty店,81,和路雪甜筒,冷冻食品,1,39.7,0,39.7,支付宝,小陈,否
1311,2026-09-13,20:44,S04,Shiba店,79,思念汤圆,冷冻食品,3,54.9,0,164.7,会员储值,小刘,否
1691,2026-09-13,20:52,S02,Catty店,56,鸡蛋30枚,生鲜,1,23.1,0.1,20.79,微信,小陈,否
2354,2026-09-13,20:59,S01,Bear店,49,保鲜膜,日用百货,4,50.2,0,200.8,微信,小刘,否
3359,2026-09-13,21:05,S03,Rabbit店,49,保鲜膜,日用百货,4,50.2,0,200.8,微信,小王,是
2895,2026-09-13,21:19,S02,Catty店,10,康师傅冰红茶,饮料,4,34.3,0,137.2,微信,小李,否
241,2026-09-13,21:45,S04,Shiba店,70,便当盒饭,熟食烘焙,4,28.5,0,114,会员储值,小陈,是
2460,2026-09-13,22:04,S03,Rabbit店,33,德亚全脂牛奶,乳制品,1,2.6,0,2.6,银行卡,小赵,否
2011,2026-09-13,22:06,S03,Rabbit店,62,西兰花,生鲜,1,40.8,0.15,34.68,银行卡,小李,是
2751,2026-09-13,22:14,S03,Rabbit店,58,鸡胸肉,生鲜,3,39.7,0,119.1,现金,小陈,否
2884,2026-09-13,22:14,S03,Rabbit店,72,青岛啤酒500ml,酒水,4,58.2,0,232.8,现金,小陈,否
1862,2026-09-13,22:26,S03,Rabbit店,38,老干妈辣椒酱,粮油调味,3,39.4,0,118.2,支付宝,小王,否
1912,2026-09-13,22:29,S01,Bear店,49,保鲜膜,日用百货,4,50.2,0,200.8,银行卡,小刘,是
109,2026-09-13,22:32,S04,Shiba店,69,炸鸡腿,熟食烘焙,1,45.1,0.1,40.59,现金,小刘,否
2724,2026-09-13,22:42,S01,Bear店,3,元气森林气泡水,饮料,2,24.4,0,48.8,现金,小张,否
2456,2026-09-13,22:51,S04,Shiba店,41,白糖1kg,粮油调味,1,37.3,0,37.3,银行卡,小刘,否
2466,2026-09-13,22:58,S02,Catty店,44,蓝月亮洗衣液,日用百货,2,12.3,0,24.6,微信,小王,否
3308,2026-09-13,22:58,S02,Catty店,51,牙签,日用百货,5,18.3,0,91.5,会员储值,小王,否
3822,2026-09-14,07:03,S04,Shiba店,71,三明治,熟食烘焙,1,40.7,0,40.7,银行卡,小李,否
3869,2026-09-14,07:15,S02,Catty店,33,德亚全脂牛奶,乳制品,1,2.6,0,2.6,银行卡,小刘,否
144,2026-09-14,07:17,S02,Catty店,64,鲜肉包子,熟食烘焙,3,6,0,18,支付宝,小陈,是
3290,2026-09-14,07:21,S03,Rabbit店,72,青岛啤酒500ml,酒水,3,58.2,0,174.6,微信,小张,否
1037,2026-09-14,07:41,S04,Shiba店,18,好丽友巧克力派,零食,3,12.1,0.1,32.67,微信,小王,否
3908,2026-09-14,07:48,S01,Bear店,29,养乐多5连瓶,乳制品,4,39.4,0,157.6,现金,小赵,是
1684,2026-09-14,08:01,S04,Shiba店,44,蓝月亮洗衣液,日用百货,5,12.3,0,61.5,现金,小王,是
775,2026-09-14,08:05,S04,Shiba店,41,白糖1kg,粮油调味,2,37.3,0.1,67.14,微信,小赵,是
717,2026-09-14,08:08,S01,Bear店,43,维达卷纸,日用百货,1,23.6,0.1,21.24,会员储值,小刘,是
1660,2026-09-14,08:10,S03,Rabbit店,1,可口可乐330ml,饮料,2,9.2,0,18.4,支付宝,小赵,否
88,2026-09-14,08:16,S02,Catty店,31,旺仔牛奶,乳制品,1,24.4,0,24.4,微信,小刘,否
1276,2026-09-14,08:33,S02,Catty店,11,维他柠檬茶,饮料,3,52.8,0.1,142.56,会员储值,小李,否
3152,2026-09-14,08:42,S01,Bear店,12,依云矿泉水,饮料,4,28.5,0,114,银行卡,小张,否
683,2026-09-14,08:43,S03,Rabbit店,19,三只松鼠每日坚果,零食,4,53.1,0,212.4,现金,小张,否
855,2026-09-14,08:45,S04,Shiba店,65,茶叶蛋,熟食烘焙,2,4.3,0,8.6,微信,小张,否
3331,2026-09-14,08:46,S04,Shiba店,82,冻薯条,冷冻食品,3,37.3,0,111.9,银行卡,小张,否
2388,2026-09-14,09:16,S04,Shiba店,57,五花肉,生鲜,5,18.2,0.15,77.35,会员储值,小张,否
2187,2026-09-14,09:23,S01,Bear店,36,海天生抽,粮油调味,4,31.2,0,124.8,微信,小赵,是
2714,2026-09-14,09:23,S04,Shiba店,36,海天生抽,粮油调味,4,31.2,0,124.8,会员储值,小王,是
2244,2026-09-14,09:25,S03,Rabbit店,57,五花肉,生鲜,1,18.2,0,18.2,微信,小张,否
2176,2026-09-14,09:31,S02,Catty店,20,士力架花生,零食,3,47.6,0,142.8,会员储值,小陈,否
781,2026-09-14,09:51,S02,Catty店,21,德芙丝滑巧克力,零食,4,23.2,0,92.8,支付宝,小王,否
2416,2026-09-14,10:20,S01,Bear店,43,维达卷纸,日用百货,5,23.6,0,118,微信,小陈,否
423,2026-09-14,10:28,S01,Bear店,48,洗碗海绵,日用百货,1,37.5,0.1,33.75,支付宝,小陈,否
1522,2026-09-14,10:36,S02,Catty店,2,农夫山泉550ml,饮料,3,57,0.1,153.9,会员储值,小陈,否
2297,2026-09-14,10:58,S01,Bear店,59,鲈鱼,生鲜,4,39.1,0.1,140.76,支付宝,小陈,否
4194,2026-09-14,10:59,S02,Catty店,51,牙签,日用百货,4,18.3,0,73.2,现金,小赵,否
2692,2026-09-14,11:01,S02,Catty店,55,香蕉,生鲜,1,10.8,0,10.8,银行卡,小赵,否
1315,2026-09-14,11:09,S03,Rabbit店,46,高露洁牙膏,日用百货,1,53.4,0,53.4,微信,小赵,否
1253,2026-09-14,11:27,S04,Shiba店,81,和路雪甜筒,冷冻食品,1,39.7,0,39.7,银行卡,小王,否
2242,2026-09-14,11:30,S03,Rabbit店,42,清风抽纸3层,日用百货,1,37.8,0,37.8,支付宝,小刘,是
484,2026-09-14,11:33,S04,Shiba店,41,白糖1kg,粮油调味,1,37.3,0,37.3,现金,小王,否
1009,2026-09-14,11:41,S02,Catty店,65,茶叶蛋,熟食烘焙,5,4.3,0,21.5,银行卡,小张,是
3365,2026-09-14,11:50,S02,Catty店,43,维达卷纸,日用百货,2,23.6,0,47.2,银行卡,小刘,否
2871,2026-09-14,11:53,S02,Catty店,26,蒙牛特仑苏,乳制品,1,29.2,0,29.2,会员储值,小张,否
475,2026-09-14,11:54,S02,Catty店,3,元气森林气泡水,饮料,1,24.4,0.1,21.96,微信,小李,否
3116,2026-09-14,11:54,S02,Catty店,70,便当盒饭,熟食烘焙,2,28.5,0.15,48.45,银行卡,小刘,否
40,2026-09-14,11:57,S03,Rabbit店,13,乐事薯片原味,零食,4,59.6,0,238.4,现金,小刘,否
1347,2026-09-14,11:59,S04,Shiba店,26,蒙牛特仑苏,乳制品,3,29.2,0,87.6,会员储值,小刘,否
625,2026-09-14,12:07,S03,Rabbit店,18,好丽友巧克力派,零食,2,12.1,0,24.2,微信,小张,否
877,2026-09-14,12:09,S04,Shiba店,44,蓝月亮洗衣液,日用百货,2,12.3,0,24.6,微信,小王,否
1217,2026-09-14,12:17,S01,Bear店,71,三明治,熟食烘焙,4,40.7,0,162.8,会员储值,小赵,是
3966,2026-09-14,12:25,S01,Bear店,57,五花肉,生鲜,3,18.2,0.1,49.14,微信,小王,否
1758,2026-09-14,12:27,S02,Catty店,39,陈醋,粮油调味,4,15.2,0,60.8,现金,小张,否
337,2026-09-14,12:28,S03,Rabbit店,13,乐事薯片原味,零食,3,59.6,0,178.8,会员储值,小赵,否
3455,2026-09-14,12:36,S02,Catty店,42,清风抽纸3层,日用百货,5,37.8,0,189,支付宝,小赵,否
2669,2026-09-14,12:38,S04,Shiba店,60,土豆,生鲜,2,24.3,0.1,43.74,支付宝,小陈,否
1214,2026-09-14,12:48,S04,Shiba店,20,士力架花生,零食,5,47.6,0,238,支付宝,小李,否
3871,2026-09-14,13:13,S02,Catty店,64,鲜肉包子,熟食烘焙,3,6,0,18,银行卡,小赵,是
2156,2026-09-14,13:36,S02,Catty店,70,便当盒饭,熟食烘焙,5,28.5,0,142.5,支付宝,小刘,否
1672,2026-09-14,13:40,S04,Shiba店,69,炸鸡腿,熟食烘焙,1,45.1,0,45.1,现金,小陈,否
2777,2026-09-14,13:49,S02,Catty店,24,上好佳鲜虾片,零食,1,17.9,0,17.9,会员储值,小刘,是
4045,2026-09-14,13:50,S04,Shiba店,1,可口可乐330ml,饮料,1,9.2,0,9.2,支付宝,小张,是
2470,2026-09-14,13:51,S04,Shiba店,11,维他柠檬茶,饮料,4,52.8,0,211.2,现金,小陈,是
3410,2026-09-14,13:51,S04,Shiba店,12,依云矿泉水,饮料,1,28.5,0,28.5,微信,小赵,是
3192,2026-09-14,13:55,S01,Bear店,49,保鲜膜,日用百货,4,50.2,0,200.8,现金,小王,否
476,2026-09-14,14:03,S03,Rabbit店,20,士力架花生,零食,3,47.6,0,142.8,微信,小陈,否
2454,2026-09-14,14:05,S04,Shiba店,19,三只松鼠每日坚果,零食,2,53.1,0,106.2,支付宝,小李,否
2137,2026-09-14,14:06,S03,Rabbit店,27,光明鲜牛奶,乳制品,4,8.1,0,32.4,现金,小张,是
2323,2026-09-14,14:13,S03,Rabbit店,54,苹果,生鲜,1,21.1,0,21.1,会员储值,小陈,是
3674,2026-09-14,14:15,S01,Bear店,68,蛋挞,熟食烘焙,4,35.8,0,143.2,银行卡,小李,否
3466,2026-09-14,14:16,S04,Shiba店,31,旺仔牛奶,乳制品,1,24.4,0,24.4,银行卡,小陈,否
2930,2026-09-14,14:31,S02,Catty店,52,本地西红柿,生鲜,2,43.2,0,86.4,会员储值,小陈,否
2268,2026-09-14,14:33,S04,Shiba店,58,鸡胸肉,生鲜,2,39.7,0,79.4,微信,小陈,否
4098,2026-09-14,14:33,S01,Bear店,39,陈醋,粮油调味,3,15.2,0.1,41.04,微信,小王,否
2852,2026-09-14,14:35,S04,Shiba店,70,便当盒饭,熟食烘焙,5,28.5,0,142.5,银行卡,小张,是
3510,2026-09-14,14:38,S04,Shiba店,75,长城干红,酒水,5,54.3,0,271.5,银行卡,小赵,否
3912,2026-09-14,14:38,S03,Rabbit店,40,食用盐500g,粮油调味,4,55.7,0,222.8,现金,小赵,是
499,2026-09-14,14:47,S04,Shiba店,36,海天生抽,粮油调味,1,31.2,0,31.2,现金,小赵,否
1177,2026-09-14,14:54,S01,Bear店,20,士力架花生,零食,4,47.6,0,190.4,会员储值,小刘,是
3891,2026-09-14,15:04,S01,Bear店,64,鲜肉包子,熟食烘焙,2,6,0,12,银行卡,小陈,是
1836,2026-09-14,15:11,S01,Bear店,14,奥利奥原味,零食,1,11.6,0,11.6,支付宝,小陈,否
304,2026-09-14,15:17,S02,Catty店,48,洗碗海绵,日用百货,3,37.5,0,112.5,支付宝,小李,否
2336,2026-09-14,15:29,S02,Catty店,34,金龙鱼食用油5L,粮油调味,3,45.2,0,135.6,微信,小赵,否
1626,2026-09-14,15:31,S03,Rabbit店,68,蛋挞,熟食烘焙,2,35.8,0.1,64.44,银行卡,小陈,否
3130,2026-09-14,15:38,S01,Bear店,75,长城干红,酒水,1,54.3,0,54.3,支付宝,小张,否
1190,2026-09-14,15:45,S04,Shiba店,76,江小白,酒水,1,49.1,0,49.1,现金,小李,否
1692,2026-09-14,15:45,S02,Catty店,74,牛栏山二锅头,酒水,3,59.6,0,178.8,银行卡,小张,是
1527,2026-09-14,15:47,S01,Bear店,34,金龙鱼食用油5L,粮油调味,1,45.2,0,45.2,会员储值,小赵,否
308,2026-09-14,16:05,S04,Shiba店,10,康师傅冰红茶,饮料,5,34.3,0,171.5,现金,小王,否
3269,2026-09-14,16:05,S04,Shiba店,22,洽洽小黄袋,零食,4,50.2,0,200.8,微信,小赵,否
2682,2026-09-14,16:17,S02,Catty店,79,思念汤圆,冷冻食品,4,54.9,0,219.6,微信,小陈,否
1094,2026-09-14,16:26,S03,Rabbit店,21,德芙丝滑巧克力,零食,3,23.2,0,69.6,会员储值,小王,否
294,2026-09-14,16:28,S04,Shiba店,13,乐事薯片原味,零食,5,59.6,0,298,支付宝,小李,是
3491,2026-09-14,16:31,S04,Shiba店,31,旺仔牛奶,乳制品,1,24.4,0.1,21.96,现金,小王,否
2594,2026-09-14,16:35,S01,Bear店,42,清风抽纸3层,日用百货,5,37.8,0,189,银行卡,小李,否
1907,2026-09-14,16:41,S03,Rabbit店,37,太太乐鸡精,粮油调味,5,34.2,0.1,153.9,微信,小刘,否
3102,2026-09-14,16:52,S02,Catty店,24,上好佳鲜虾片,零食,4,17.9,0.1,64.44,微信,小王,是
3163,2026-09-14,16:55,S02,Catty店,17,恰恰香瓜子,零食,1,26.2,0,26.2,支付宝,小王,否
3434,2026-09-14,17:25,S02,Catty店,70,便当盒饭,熟食烘焙,3,28.5,0,85.5,微信,小刘,是
3216,2026-09-14,17:33,S01,Bear店,74,牛栏山二锅头,酒水,4,59.6,0.1,214.56,现金,小李,否
1033,2026-09-14,17:45,S02,Catty店,76,江小白,酒水,4,49.1,0,196.4,微信,小王,否
2658,2026-09-14,17:48,S04,Shiba店,27,光明鲜牛奶,乳制品,2,8.1,0.1,14.58,银行卡,小王,是
444,2026-09-14,18:08,S02,Catty店,5,王老吉罐装,饮料,2,24.6,0,49.2,银行卡,小刘,否
3570,2026-09-14,18:16,S03,Rabbit店,54,苹果,生鲜,5,21.1,0.15,89.67,会员储值,小李,是
4101,2026-09-14,18:19,S01,Bear店,31,旺仔牛奶,乳制品,4,24.4,0,97.6,微信,小王,否
168,2026-09-14,18:22,S01,Bear店,64,鲜肉包子,熟食烘焙,5,6,0,30,微信,小王,否
4176,2026-09-14,18:22,S01,Bear店,80,雀巢冰淇淋,冷冻食品,5,11.6,0.1,52.2,支付宝,小陈,是
529,2026-09-14,18:30,S03,Rabbit店,5,王老吉罐装,饮料,1,24.6,0,24.6,支付宝,小赵,否
2615,2026-09-14,18:47,S04,Shiba店,24,上好佳鲜虾片,零食,1,17.9,0,17.9,会员储值,小赵,是
1625,2026-09-14,19:06,S03,Rabbit店,49,保鲜膜,日用百货,1,50.2,0,50.2,现金,小陈,否
2398,2026-09-14,19:22,S01,Bear店,32,奶酪棒,乳制品,3,28.7,0,86.1,会员储值,小张,是
730,2026-09-14,19:45,S04,Shiba店,50,电池5号,日用百货,1,36.6,0,36.6,现金,小王,否
3150,2026-09-14,19:56,S01,Bear店,43,维达卷纸,日用百货,4,23.6,0,94.4,会员储值,小张,否
3866,2026-09-14,19:59,S04,Shiba店,35,福临门大米5kg,粮油调味,4,31.8,0.1,114.48,微信,小陈,是
2836,2026-09-14,20:00,S02,Catty店,58,鸡胸肉,生鲜,1,39.7,0,39.7,银行卡,小刘,否
1715,2026-09-14,20:01,S02,Catty店,34,金龙鱼食用油5L,粮油调味,5,45.2,0,226,支付宝,小李,否
3895,2026-09-14,20:08,S01,Bear店,35,福临门大米5kg,粮油调味,3,31.8,0,95.4,微信,小陈,否
770,2026-09-14,20:20,S04,Shiba店,72,青岛啤酒500ml,酒水,5,58.2,0,291,现金,小王,否
2544,2026-09-14,20:58,S01,Bear店,70,便当盒饭,熟食烘焙,3,28.5,0.15,72.67,银行卡,小刘,是
3559,2026-09-14,21:00,S02,Catty店,70,便当盒饭,熟食烘焙,1,28.5,0,28.5,微信,小张,否
1462,2026-09-14,21:04,S02,Catty店,82,冻薯条,冷冻食品,5,37.3,0,186.5,银行卡,小张,否
643,2026-09-14,21:06,S02,Catty店,60,土豆,生鲜,5,24.3,0,121.5,支付宝,小王,否
3943,2026-09-14,21:06,S04,Shiba店,53,黄瓜,生鲜,2,45.7,0,91.4,支付宝,小赵,是
1114,2026-09-14,21:22,S03,Rabbit店,45,舒肤佳香皂,日用百货,4,12.6,0,50.4,会员储值,小王,否
1378,2026-09-14,21:33,S02,Catty店,25,伊利纯牛奶250ml,乳制品,1,47.9,0,47.9,会员储值,小赵,否
2418,2026-09-14,21:34,S01,Bear店,78,湾仔码头水饺,冷冻食品,5,11.2,0,56,现金,小王,否
4110,2026-09-14,21:35,S01,Bear店,34,金龙鱼食用油5L,粮油调味,3,45.2,0,135.6,现金,小李,是
3904,2026-09-14,21:52,S02,Catty店,75,长城干红,酒水,2,54.3,0,108.6,会员储值,小陈,否
727,2026-09-14,21:59,S02,Catty店,34,金龙鱼食用油5L,粮油调味,5,45.2,0,226,现金,小张,否
631,2026-09-14,22:08,S03,Rabbit店,75,长城干红,酒水,4,54.3,0,217.2,现金,小张,否
1670,2026-09-14,22:15,S02,Catty店,69,炸鸡腿,熟食烘焙,3,45.1,0.15,115.01,银行卡,小王,否
2983,2026-09-14,22:34,S04,Shiba店,32,奶酪棒,乳制品,4,28.7,0,114.8,银行卡,小赵,否
3998,2026-09-14,22:37,S02,Catty店,42,清风抽纸3层,日用百货,4,37.8,0,151.2,支付宝,小李,是
1956,2026-09-14,22:41,S04,Shiba店,20,士力架花生,零食,4,47.6,0,190.4,银行卡,小李,否
679,2026-09-14,22:45,S04,Shiba店,36,海天生抽,粮油调味,1,31.2,0.1,28.08,微信,小刘,否
3726,2026-09-14,22:50,S04,Shiba店,82,冻薯条,冷冻食品,2,37.3,0,74.6,现金,小陈,是
1258,2026-09-14,22:53,S01,Bear店,13,乐事薯片原味,零食,2,59.6,0,119.2,会员储值,小李,否
1292,2026-09-15,07:01,S03,Rabbit店,22,洽洽小黄袋,零食,1,50.2,0,50.2,支付宝,小张,否
695,2026-09-15,07:11,S03,Rabbit店,13,乐事薯片原味,零食,4,59.6,0,238.4,银行卡,小张,否
398,2026-09-15,07:32,S02,Catty店,42,清风抽纸3层,日用百货,4,37.8,0,151.2,现金,小李,否
1860,2026-09-15,07:46,S04,Shiba店,52,本地西红柿,生鲜,2,43.2,0,86.4,现金,小赵,否
1896,2026-09-15,08:23,S04,Shiba店,72,青岛啤酒500ml,酒水,1,58.2,0,58.2,现金,小李,否
3234,2026-09-15,08:32,S02,Catty店,61,胡萝卜,生鲜,5,56,0.15,238,现金,小赵,是
3626,2026-09-15,08:32,S04,Shiba店,15,旺旺雪饼,零食,2,33.4,0.1,60.12,现金,小刘,是
2866,2026-09-15,08:35,S02,Catty店,76,江小白,酒水,2,49.1,0.1,88.38,微信,小陈,是
3551,2026-09-15,08:35,S01,Bear店,68,蛋挞,熟食烘焙,1,35.8,0.1,32.22,银行卡,小刘,否
814,2026-09-15,08:39,S04,Shiba店,60,土豆,生鲜,5,24.3,0,121.5,现金,小陈,否
3237,2026-09-15,08:43,S01,Bear店,53,黄瓜,生鲜,2,45.7,0.15,77.69,支付宝,小张,否
1945,2026-09-15,08:51,S01,Bear店,51,牙签,日用百货,5,18.3,0,91.5,支付宝,小刘,否
2793,2026-09-15,08:53,S03,Rabbit店,4,东方树叶乌龙茶,饮料,4,49.8,0.1,179.28,会员储值,小李,否
2455,2026-09-15,09:09,S02,Catty店,76,江小白,酒水,4,49.1,0,196.4,微信,小刘,是
2467,2026-09-15,09:27,S04,Shiba店,2,农夫山泉550ml,饮料,3,57,0,171,支付宝,小王,否
118,2026-09-15,09:30,S02,Catty店,68,蛋挞,熟食烘焙,2,35.8,0,71.6,现金,小王,是
533,2026-09-15,09:33,S04,Shiba店,78,湾仔码头水饺,冷冻食品,3,11.2,0,33.6,微信,小赵,是
3278,2026-09-15,09:35,S03,Rabbit店,15,旺旺雪饼,零食,1,33.4,0,33.4,会员储值,小李,是
4056,2026-09-15,09:39,S01,Bear店,58,鸡胸肉,生鲜,5,39.7,0,198.5,微信,小李,否
2830,2026-09-15,09:50,S04,Shiba店,18,好丽友巧克力派,零食,3,12.1,0,36.3,支付宝,小张,是
2863,2026-09-15,09:54,S04,Shiba店,46,高露洁牙膏,日用百货,1,53.4,0.1,48.06,银行卡,小刘,否
2301,2026-09-15,09:56,S03,Rabbit店,37,太太乐鸡精,粮油调味,4,34.2,0,136.8,支付宝,小李,否
1505,2026-09-15,10:02,S01,Bear店,57,五花肉,生鲜,4,18.2,0.1,65.52,微信,小张,是
2619,2026-09-15,10:02,S01,Bear店,51,牙签,日用百货,1,18.3,0,18.3,银行卡,小赵,否
2237,2026-09-15,10:06,S04,Shiba店,65,茶叶蛋,熟食烘焙,2,4.3,0.1,7.74,支付宝,小刘,否
2911,2026-09-15,10:17,S02,Catty店,3,元气森林气泡水,饮料,2,24.4,0,48.8,现金,小刘,是
671,2026-09-15,10:24,S03,Rabbit店,41,白糖1kg,粮油调味,5,37.3,0,186.5,会员储值,小刘,否
938,2026-09-15,10:32,S01,Bear店,20,士力架花生,零食,5,47.6,0,238,银行卡,小陈,否
1288,2026-09-15,10:42,S02,Catty店,37,太太乐鸡精,粮油调味,1,34.2,0,34.2,支付宝,小李,是
3706,2026-09-15,10:44,S02,Catty店,83,冻青豆玉米,冷冻食品,3,59.5,0.1,160.65,银行卡,小刘,否
3367,2026-09-15,10:55,S02,Catty店,21,德芙丝滑巧克力,零食,5,23.2,0,116,现金,小陈,否
2477,2026-09-15,11:09,S01,Bear店,49,保鲜膜,日用百货,3,50.2,0,150.6,会员储值,小李,否
3115,2026-09-15,11:09,S02,Catty店,5,王老吉罐装,饮料,5,24.6,0,123,现金,小张,否
614,2026-09-15,11:25,S03,Rabbit店,43,维达卷纸,日用百货,1,23.6,0.1,21.24,银行卡,小赵,是
1817,2026-09-15,11:36,S04,Shiba店,43,维达卷纸,日用百货,5,23.6,0,118,银行卡,小刘,否
1722,2026-09-15,11:44,S01,Bear店,7,椰树椰汁,饮料,3,32,0,96,会员储值,小王,否
1376,2026-09-15,11:46,S04,Shiba店,37,太太乐鸡精,粮油调味,4,34.2,0.1,123.12,支付宝,小陈,否
3811,2026-09-15,11:46,S04,Shiba店,32,奶酪棒,乳制品,3,28.7,0,86.1,支付宝,小刘,是
2320,2026-09-15,11:48,S04,Shiba店,64,鲜肉包子,熟食烘焙,3,6,0,18,支付宝,小王,是
2607,2026-09-15,11:57,S03,Rabbit店,36,海天生抽,粮油调味,5,31.2,0,156,现金,小李,是
2997,2026-09-15,11:58,S04,Shiba店,73,雪花啤酒,酒水,3,35.1,0,105.3,现金,小张,是
615,2026-09-15,12:05,S02,Catty店,27,光明鲜牛奶,乳制品,1,8.1,0.1,7.29,银行卡,小赵,否
371,2026-09-15,12:07,S03,Rabbit店,4,东方树叶乌龙茶,饮料,4,49.8,0,199.2,银行卡,小李,否
986,2026-09-15,12:07,S03,Rabbit店,82,冻薯条,冷冻食品,4,37.3,0,149.2,微信,小王,否
3418,2026-09-15,12:19,S02,Catty店,39,陈醋,粮油调味,3,15.2,0,45.6,会员储值,小张,否
3853,2026-09-15,12:37,S03,Rabbit店,33,德亚全脂牛奶,乳制品,1,2.6,0,2.6,微信,小刘,否
2649,2026-09-15,13:00,S02,Catty店,14,奥利奥原味,零食,4,11.6,0,46.4,会员储值,小陈,否
1727,2026-09-15,13:10,S02,Catty店,64,鲜肉包子,熟食烘焙,2,6,0,12,支付宝,小赵,否
1151,2026-09-15,13:36,S02,Catty店,77,RIO鸡尾酒,酒水,2,29,0.1,52.2,现金,小王,否
219,2026-09-15,13:37,S03,Rabbit店,6,美汁源果粒橙,饮料,4,28.8,0,115.2,现金,小王,是
1159,2026-09-15,13:37,S03,Rabbit店,75,长城干红,酒水,4,54.3,0,217.2,现金,小张,否
645,2026-09-15,13:48,S02,Catty店,16,卫龙辣条,零食,3,29.4,0,88.2,微信,小陈,否
875,2026-09-15,13:57,S02,Catty店,65,茶叶蛋,熟食烘焙,4,4.3,0.15,14.62,会员储值,小刘,否
452,2026-09-15,14:11,S04,Shiba店,31,旺仔牛奶,乳制品,1,24.4,0.1,21.96,微信,小李,否
2914,2026-09-15,14:27,S04,Shiba店,26,蒙牛特仑苏,乳制品,4,29.2,0,116.8,微信,小陈,否
351,2026-09-15,14:42,S04,Shiba店,22,洽洽小黄袋,零食,2,50.2,0.1,90.36,支付宝,小赵,否
3635,2026-09-15,14:44,S03,Rabbit店,35,福临门大米5kg,粮油调味,5,31.8,0,159,现金,小李,否
1575,2026-09-15,14:49,S01,Bear店,36,海天生抽,粮油调味,5,31.2,0,156,银行卡,小王,否
2533,2026-09-15,14:53,S03,Rabbit店,21,德芙丝滑巧克力,零食,4,23.2,0,92.8,微信,小李,是
2888,2026-09-15,14:53,S02,Catty店,23,比比赞面包,零食,5,65,0,325,微信,小张,是
705,2026-09-15,14:55,S04,Shiba店,14,奥利奥原味,零食,2,11.6,0,23.2,会员储值,小赵,否
1708,2026-09-15,14:59,S03,Rabbit店,53,黄瓜,生鲜,4,45.7,0.1,164.52,银行卡,小王,否
2822,2026-09-15,15:01,S02,Catty店,14,奥利奥原味,零食,3,11.6,0,34.8,支付宝,小王,是
3306,2026-09-15,15:02,S03,Rabbit店,83,冻青豆玉米,冷冻食品,1,59.5,0,59.5,银行卡,小张,否
2144,2026-09-15,15:11,S02,Catty店,70,便当盒饭,熟食烘焙,2,28.5,0.15,48.45,微信,小陈,否
442,2026-09-15,15:13,S03,Rabbit店,24,上好佳鲜虾片,零食,4,17.9,0,71.6,会员储值,小王,否
1495,2026-09-15,15:17,S02,Catty店,72,青岛啤酒500ml,酒水,1,58.2,0,58.2,现金,小陈,是
1175,2026-09-15,15:28,S04,Shiba店,38,老干妈辣椒酱,粮油调味,1,39.4,0,39.4,会员储值,小李,否
3590,2026-09-15,15:29,S04,Shiba店,31,旺仔牛奶,乳制品,2,24.4,0,48.8,现金,小陈,是
1015,2026-09-15,15:47,S03,Rabbit店,27,光明鲜牛奶,乳制品,5,8.1,0,40.5,支付宝,小陈,否
3391,2026-09-15,15:47,S04,Shiba店,54,苹果,生鲜,4,21.1,0.1,75.96,微信,小张,否
1621,2026-09-15,16:16,S03,Rabbit店,65,茶叶蛋,熟食烘焙,1,4.3,0.1,3.87,支付宝,小张,否
3890,2026-09-15,16:23,S01,Bear店,4,东方树叶乌龙茶,饮料,2,49.8,0.1,89.64,会员储值,小王,否
2038,2026-09-15,16:27,S03,Rabbit店,55,香蕉,生鲜,5,10.8,0.1,48.6,现金,小王,否
3090,2026-09-15,16:33,S01,Bear店,29,养乐多5连瓶,乳制品,2,39.4,0.1,70.92,现金,小李,否
2180,2026-09-15,16:49,S01,Bear店,60,土豆,生鲜,5,24.3,0,121.5,现金,小王,否
2757,2026-09-15,17:04,S04,Shiba店,38,老干妈辣椒酱,粮油调味,2,39.4,0,78.8,银行卡,小赵,否
2211,2026-09-15,17:16,S04,Shiba店,58,鸡胸肉,生鲜,2,39.7,0.15,67.49,微信,小张,否
3798,2026-09-15,17:16,S01,Bear店,79,思念汤圆,冷冻食品,3,54.9,0,164.7,微信,小赵,否
503,2026-09-15,17:22,S01,Bear店,8,脉动青柠,饮料,3,50.6,0,151.8,银行卡,小陈,否
492,2026-09-15,17:23,S02,Catty店,37,太太乐鸡精,粮油调味,5,34.2,0,171,银行卡,小张,否
2595,2026-09-15,17:28,S02,Catty店,6,美汁源果粒橙,饮料,4,28.8,0,115.2,会员储值,小王,是
1620,2026-09-15,17:39,S03,Rabbit店,9,红牛250ml,饮料,1,26.3,0,26.3,会员储值,小刘,否
3910,2026-09-15,17:39,S04,Shiba店,64,鲜肉包子,熟食烘焙,1,6,0.1,5.4,现金,小陈,否
3986,2026-09-15,17:41,S01,Bear店,22,洽洽小黄袋,零食,2,50.2,0,100.4,支付宝,小刘,否
3050,2026-09-15,17:42,S03,Rabbit店,55,香蕉,生鲜,3,10.8,0,32.4,微信,小王,否
1316,2026-09-15,17:45,S01,Bear店,33,德亚全脂牛奶,乳制品,3,2.6,0,7.8,现金,小陈,否
1006,2026-09-15,17:47,S03,Rabbit店,70,便当盒饭,熟食烘焙,1,28.5,0.1,25.65,会员储值,小刘,否
245,2026-09-15,17:49,S03,Rabbit店,73,雪花啤酒,酒水,1,35.1,0,35.1,微信,小王,否
3763,2026-09-15,17:54,S02,Catty店,23,比比赞面包,零食,4,65,0,260,现金,小张,否
2998,2026-09-15,17:56,S03,Rabbit店,79,思念汤圆,冷冻食品,2,54.9,0,109.8,微信,小陈,否
3397,2026-09-15,18:02,S04,Shiba店,62,西兰花,生鲜,5,40.8,0,204,现金,小赵,是
1865,2026-09-15,18:04,S02,Catty店,16,卫龙辣条,零食,2,29.4,0,58.8,会员储值,小张,否
1351,2026-09-15,18:16,S04,Shiba店,14,奥利奥原味,零食,3,11.6,0.1,31.32,会员储值,小李,否
3131,2026-09-15,18:30,S04,Shiba店,66,关东煮,熟食烘焙,2,24.5,0,49,会员储值,小王,否
3349,2026-09-15,18:35,S03,Rabbit店,8,脉动青柠,饮料,2,50.6,0,101.2,银行卡,小张,否
2168,2026-09-15,18:40,S02,Catty店,17,恰恰香瓜子,零食,3,26.2,0,78.6,银行卡,小赵,否
349,2026-09-15,18:43,S03,Rabbit店,61,胡萝卜,生鲜,2,56,0.1,100.8,会员储值,小李,否
1921,2026-09-15,18:45,S03,Rabbit店,29,养乐多5连瓶,乳制品,5,39.4,0.1,177.3,现金,小赵,是
3958,2026-09-15,18:53,S03,Rabbit店,79,思念汤圆,冷冻食品,4,54.9,0,219.6,支付宝,小王,否
2650,2026-09-15,18:56,S01,Bear店,29,养乐多5连瓶,乳制品,2,39.4,0,78.8,现金,小王,否
998,2026-09-15,18:59,S04,Shiba店,26,蒙牛特仑苏,乳制品,4,29.2,0.1,105.12,银行卡,小陈,否
1256,2026-09-15,19:08,S04,Shiba店,79,思念汤圆,冷冻食品,4,54.9,0.1,197.64,支付宝,小陈,否
3315,2026-09-15,19:09,S03,Rabbit店,18,好丽友巧克力派,零食,3,12.1,0,36.3,微信,小刘,是
3666,2026-09-15,19:09,S03,Rabbit店,6,美汁源果粒橙,饮料,4,28.8,0.1,103.68,银行卡,小陈,否
102,2026-09-15,19:12,S04,Shiba店,36,海天生抽,粮油调味,4,31.2,0,124.8,会员储值,小刘,否
1851,2026-09-15,19:17,S04,Shiba店,82,冻薯条,冷冻食品,1,37.3,0,37.3,会员储值,小王,否
2913,2026-09-15,19:20,S03,Rabbit店,55,香蕉,生鲜,5,10.8,0.15,45.9,现金,小王,否
4041,2026-09-15,19:40,S03,Rabbit店,42,清风抽纸3层,日用百货,1,37.8,0,37.8,现金,小陈,是
2504,2026-09-15,19:44,S02,Catty店,51,牙签,日用百货,2,18.3,0,36.6,微信,小李,否
302,2026-09-15,19:49,S04,Shiba店,51,牙签,日用百货,4,18.3,0,73.2,支付宝,小王,否
1137,2026-09-15,19:59,S04,Shiba店,40,食用盐500g,粮油调味,1,55.7,0,55.7,现金,小张,否
4051,2026-09-15,19:59,S01,Bear店,30,简爱酸奶,乳制品,4,15.7,0,62.8,微信,小刘,是
189,2026-09-15,20:04,S01,Bear店,33,德亚全脂牛奶,乳制品,4,2.6,0,10.4,支付宝,小张,否
3712,2026-09-15,20:11,S04,Shiba店,34,金龙鱼食用油5L,粮油调味,5,45.2,0,226,会员储值,小王,否
2389,2026-09-15,20:24,S03,Rabbit店,76,江小白,酒水,3,49.1,0,147.3,支付宝,小张,是
3702,2026-09-15,20:34,S01,Bear店,38,老干妈辣椒酱,粮油调味,1,39.4,0,39.4,会员储值,小李,否
841,2026-09-15,20:43,S03,Rabbit店,80,雀巢冰淇淋,冷冻食品,5,11.6,0,58,现金,小张,否
3751,2026-09-15,20:51,S02,Catty店,40,食用盐500g,粮油调味,1,55.7,0,55.7,会员储值,小李,否
176,2026-09-15,20:52,S02,Catty店,42,清风抽纸3层,日用百货,1,37.8,0.1,34.02,微信,小王,否
973,2026-09-15,20:58,S03,Rabbit店,3,元气森林气泡水,饮料,2,24.4,0.1,43.92,支付宝,小赵,是
3575,2026-09-15,20:59,S03,Rabbit店,12,依云矿泉水,饮料,3,28.5,0,85.5,会员储值,小赵,否
467,2026-09-15,21:16,S03,Rabbit店,26,蒙牛特仑苏,乳制品,2,29.2,0.1,52.56,支付宝,小李,否
326,2026-09-15,21:32,S02,Catty店,12,依云矿泉水,饮料,1,28.5,0,28.5,现金,小刘,否
1370,2026-09-15,21:38,S02,Catty店,13,乐事薯片原味,零食,4,59.6,0,238.4,银行卡,小张,是
2592,2026-09-15,21:41,S01,Bear店,7,椰树椰汁,饮料,1,32,0,32,支付宝,小刘,否
2247,2026-09-15,22:18,S04,Shiba店,76,江小白,酒水,3,49.1,0,147.3,微信,小张,否
2288,2026-09-15,22:19,S03,Rabbit店,27,光明鲜牛奶,乳制品,3,8.1,0,24.3,支付宝,小张,否
835,2026-09-15,22:25,S04,Shiba店,36,海天生抽,粮油调味,1,31.2,0,31.2,银行卡,小刘,否
1807,2026-09-15,22:31,S03,Rabbit店,24,上好佳鲜虾片,零食,2,17.9,0,35.8,支付宝,小刘,否
1985,2026-09-15,22:57,S03,Rabbit店,5,王老吉罐装,饮料,2,24.6,0,49.2,会员储值,小赵,否
2333,2026-09-15,22:58,S01,Bear店,48,洗碗海绵,日用百货,5,37.5,0,187.5,会员储值,小刘,否
252,2026-09-16,07:04,S01,Bear店,35,福临门大米5kg,粮油调味,4,31.8,0.1,114.48,微信,小李,否
1305,2026-09-16,07:11,S02,Catty店,24,上好佳鲜虾片,零食,2,17.9,0,35.8,支付宝,小赵,否
2166,2026-09-16,07:11,S02,Catty店,46,高露洁牙膏,日用百货,2,53.4,0,106.8,现金,小赵,是
3149,2026-09-16,07:13,S01,Bear店,71,三明治,熟食烘焙,1,40.7,0,40.7,支付宝,小赵,否
2158,2026-09-16,07:27,S02,Catty店,1,可口可乐330ml,饮料,5,9.2,0,46,支付宝,小李,否
1689,2026-09-16,07:35,S03,Rabbit店,79,思念汤圆,冷冻食品,5,54.9,0,274.5,微信,小陈,是
3677,2026-09-16,07:36,S03,Rabbit店,65,茶叶蛋,熟食烘焙,2,4.3,0.15,7.31,现金,小陈,否
3057,2026-09-16,07:40,S01,Bear店,49,保鲜膜,日用百货,2,50.2,0,100.4,现金,小张,否
3139,2026-09-16,07:41,S02,Catty店,60,土豆,生鲜,5,24.3,0.15,103.27,现金,小刘,否
1160,2026-09-16,07:42,S03,Rabbit店,14,奥利奥原味,零食,4,11.6,0.1,41.76,现金,小刘,否
2530,2026-09-16,07:50,S03,Rabbit店,42,清风抽纸3层,日用百货,1,37.8,0,37.8,银行卡,小刘,否
149,2026-09-16,07:56,S02,Catty店,12,依云矿泉水,饮料,4,28.5,0,114,银行卡,小陈,是
4028,2026-09-16,07:57,S03,Rabbit店,35,福临门大米5kg,粮油调味,4,31.8,0.1,114.48,现金,小王,否
2618,2026-09-16,08:02,S02,Catty店,46,高露洁牙膏,日用百货,1,53.4,0.1,48.06,支付宝,小刘,否
3281,2026-09-16,08:08,S02,Catty店,53,黄瓜,生鲜,1,45.7,0.15,38.84,支付宝,小刘,否
1353,2026-09-16,08:09,S03,Rabbit店,23,比比赞面包,零食,1,65,0,65,微信,小王,否
2824,2026-09-16,08:11,S04,Shiba店,45,舒肤佳香皂,日用百货,3,12.6,0.1,34.02,银行卡,小李,否
4190,2026-09-16,08:17,S01,Bear店,11,维他柠檬茶,饮料,2,52.8,0,105.6,微信,小李,否
3730,2026-09-16,08:28,S04,Shiba店,75,长城干红,酒水,3,54.3,0.1,146.61,微信,小李,否
1442,2026-09-16,08:32,S02,Catty店,11,维他柠檬茶,饮料,4,52.8,0.1,190.08,会员储值,小李,是
488,2026-09-16,08:34,S03,Rabbit店,8,脉动青柠,饮料,2,50.6,0,101.2,银行卡,小李,否
1212,2026-09-16,08:39,S04,Shiba店,38,老干妈辣椒酱,粮油调味,4,39.4,0,157.6,支付宝,小陈,否
1680,2026-09-16,08:50,S01,Bear店,23,比比赞面包,零食,3,65,0,195,银行卡,小刘,是
1078,2026-09-16,08:52,S02,Catty店,80,雀巢冰淇淋,冷冻食品,3,11.6,0.1,31.32,会员储值,小赵,否
3593,2026-09-16,09:03,S02,Catty店,46,高露洁牙膏,日用百货,1,53.4,0,53.4,银行卡,小赵,否
497,2026-09-16,09:09,S01,Bear店,4,东方树叶乌龙茶,饮料,2,49.8,0,99.6,支付宝,小刘,是
3881,2026-09-16,09:19,S03,Rabbit店,47,垃圾袋50只,日用百货,3,2.1,0.1,5.67,银行卡,小刘,是
1244,2026-09-16,09:20,S03,Rabbit店,19,三只松鼠每日坚果,零食,1,53.1,0,53.1,支付宝,小陈,是
4168,2026-09-16,09:35,S04,Shiba店,54,苹果,生鲜,4,21.1,0,84.4,会员储值,小刘,否
1971,2026-09-16,09:39,S04,Shiba店,26,蒙牛特仑苏,乳制品,4,29.2,0,116.8,支付宝,小刘,否
749,2026-09-16,09:42,S02,Catty店,81,和路雪甜筒,冷冻食品,5,39.7,0,198.5,支付宝,小刘,否
1742,2026-09-16,10:03,S02,Catty店,55,香蕉,生鲜,1,10.8,0.1,9.72,支付宝,小赵,否
3107,2026-09-16,10:22,S03,Rabbit店,57,五花肉,生鲜,1,18.2,0,18.2,微信,小李,否
2572,2026-09-16,10:23,S01,Bear店,16,卫龙辣条,零食,5,29.4,0.1,132.3,会员储值,小刘,否
1188,2026-09-16,10:25,S02,Catty店,32,奶酪棒,乳制品,5,28.7,0,143.5,银行卡,小王,是
461,2026-09-16,10:28,S02,Catty店,76,江小白,酒水,4,49.1,0,196.4,现金,小刘,否
3476,2026-09-16,10:31,S03,Rabbit店,61,胡萝卜,生鲜,1,56,0.15,47.6,现金,小张,否
3948,2026-09-16,10:31,S03,Rabbit店,22,洽洽小黄袋,零食,1,50.2,0,50.2,支付宝,小刘,是
1156,2026-09-16,10:33,S02,Catty店,43,维达卷纸,日用百货,5,23.6,0,118,现金,小陈,否
3009,2026-09-16,10:47,S02,Catty店,80,雀巢冰淇淋,冷冻食品,2,11.6,0,23.2,支付宝,小张,否
913,2026-09-16,10:51,S04,Shiba店,29,养乐多5连瓶,乳制品,5,39.4,0,197,现金,小李,是
2412,2026-09-16,10:57,S02,Catty店,82,冻薯条,冷冻食品,2,37.3,0,74.6,支付宝,小王,是
1110,2026-09-16,11:02,S02,Catty店,69,炸鸡腿,熟食烘焙,3,45.1,0.1,121.77,现金,小陈,是
2064,2026-09-16,11:07,S02,Catty店,43,维达卷纸,日用百货,2,23.6,0,47.2,微信,小陈,否
2100,2026-09-16,11:16,S04,Shiba店,64,鲜肉包子,熟食烘焙,1,6,0.15,5.1,微信,小刘,否
4043,2026-09-16,11:17,S02,Catty店,53,黄瓜,生鲜,5,45.7,0.15,194.22,会员储值,小王,否
3837,2026-09-16,11:23,S01,Bear店,19,三只松鼠每日坚果,零食,2,53.1,0,106.2,银行卡,小李,否
2444,2026-09-16,11:28,S01,Bear店,16,卫龙辣条,零食,2,29.4,0,58.8,现金,小张,否
197,2026-09-16,11:35,S01,Bear店,15,旺旺雪饼,零食,4,33.4,0.1,120.24,现金,小王,是
3710,2026-09-16,11:35,S02,Catty店,76,江小白,酒水,5,49.1,0.1,220.95,现金,小刘,否
1656,2026-09-16,11:42,S02,Catty店,47,垃圾袋50只,日用百货,3,2.1,0,6.3,微信,小王,是
3158,2026-09-16,11:59,S04,Shiba店,52,本地西红柿,生鲜,2,43.2,0,86.4,微信,小李,否
1509,2026-09-16,12:00,S01,Bear店,57,五花肉,生鲜,2,18.2,0,36.4,微信,小陈,否
2880,2026-09-16,12:01,S03,Rabbit店,4,东方树叶乌龙茶,饮料,3,49.8,0.1,134.46,会员储值,小张,否
572,2026-09-16,12:12,S01,Bear店,17,恰恰香瓜子,零食,1,26.2,0,26.2,微信,小陈,否
3735,2026-09-16,12:13,S02,Catty店,57,五花肉,生鲜,4,18.2,0.15,61.88,现金,小王,是
2926,2026-09-16,12:28,S03,Rabbit店,12,依云矿泉水,饮料,5,28.5,0,142.5,会员储值,小刘,否
3459,2026-09-16,12:31,S04,Shiba店,44,蓝月亮洗衣液,日用百货,3,12.3,0,36.9,支付宝,小王,否
687,2026-09-16,12:50,S01,Bear店,25,伊利纯牛奶250ml,乳制品,5,47.9,0.1,215.55,微信,小王,是
3755,2026-09-16,12:51,S03,Rabbit店,2,农夫山泉550ml,饮料,3,57,0,171,银行卡,小赵,是
2485,2026-09-16,12:57,S02,Catty店,11,维他柠檬茶,饮料,4,52.8,0,211.2,支付宝,小陈,是
1934,2026-09-16,13:04,S03,Rabbit店,57,五花肉,生鲜,4,18.2,0,72.8,支付宝,小刘,否
2375,2026-09-16,13:11,S01,Bear店,45,舒肤佳香皂,日用百货,4,12.6,0,50.4,微信,小李,否
2512,2026-09-16,13:36,S03,Rabbit店,11,维他柠檬茶,饮料,4,52.8,0,211.2,现金,小陈,否
3230,2026-09-16,13:39,S02,Catty店,27,光明鲜牛奶,乳制品,1,8.1,0,8.1,会员储值,小张,否
3460,2026-09-16,13:39,S03,Rabbit店,51,牙签,日用百货,3,18.3,0,54.9,会员储值,小刘,否
1065,2026-09-16,13:48,S04,Shiba店,55,香蕉,生鲜,1,10.8,0,10.8,支付宝,小王,否
3148,2026-09-16,13:58,S01,Bear店,49,保鲜膜,日用百货,5,50.2,0,251,会员储值,小李,是
3341,2026-09-16,14:06,S02,Catty店,15,旺旺雪饼,零食,1,33.4,0.1,30.06,支付宝,小李,否
800,2026-09-16,14:10,S02,Catty店,47,垃圾袋50只,日用百货,1,2.1,0,2.1,银行卡,小李,否
2469,2026-09-16,14:23,S02,Catty店,47,垃圾袋50只,日用百货,2,2.1,0,4.2,银行卡,小陈,否
1008,2026-09-16,14:24,S02,Catty店,39,陈醋,粮油调味,4,15.2,0.1,54.72,现金,小陈,否
2925,2026-09-16,14:29,S04,Shiba店,9,红牛250ml,饮料,1,26.3,0,26.3,银行卡,小王,是
404,2026-09-16,14:57,S03,Rabbit店,67,面包吐司,熟食烘焙,1,15.9,0,15.9,会员储值,小王,否
1468,2026-09-16,14:57,S01,Bear店,6,美汁源果粒橙,饮料,2,28.8,0.1,51.84,微信,小刘,否
2705,2026-09-16,15:03,S01,Bear店,20,士力架花生,零食,2,47.6,0,95.2,银行卡,小刘,否
4069,2026-09-16,15:04,S01,Bear店,64,鲜肉包子,熟食烘焙,1,6,0,6,支付宝,小赵,是
2408,2026-09-16,15:12,S04,Shiba店,28,安慕希酸奶,乳制品,2,45.3,0.1,81.54,微信,小陈,否
3636,2026-09-16,15:26,S04,Shiba店,23,比比赞面包,零食,2,65,0.1,117,银行卡,小赵,是
202,2026-09-16,15:37,S04,Shiba店,4,东方树叶乌龙茶,饮料,1,49.8,0,49.8,会员储值,小赵,否
634,2026-09-16,15:39,S02,Catty店,18,好丽友巧克力派,零食,4,12.1,0,48.4,现金,小刘,否
4027,2026-09-16,16:04,S02,Catty店,73,雪花啤酒,酒水,2,35.1,0,70.2,会员储值,小李,否
3885,2026-09-16,16:14,S02,Catty店,17,恰恰香瓜子,零食,5,26.2,0,131,现金,小刘,否
3838,2026-09-16,16:21,S04,Shiba店,62,西兰花,生鲜,1,40.8,0.1,36.72,会员储值,小赵,否
2701,2026-09-16,16:22,S03,Rabbit店,41,白糖1kg,粮油调味,1,37.3,0,37.3,支付宝,小李,否
1797,2026-09-16,16:23,S02,Catty店,71,三明治,熟食烘焙,1,40.7,0.15,34.59,会员储值,小刘,否
1845,2026-09-16,16:34,S01,Bear店,34,金龙鱼食用油5L,粮油调味,1,45.2,0,45.2,现金,小陈,否
2062,2026-09-16,16:36,S02,Catty店,9,红牛250ml,饮料,1,26.3,0,26.3,银行卡,小赵,否
849,2026-09-16,16:41,S02,Catty店,67,面包吐司,熟食烘焙,2,15.9,0,31.8,现金,小李,否
3006,2026-09-16,16:43,S03,Rabbit店,3,元气森林气泡水,饮料,2,24.4,0,48.8,现金,小陈,否
2475,2026-09-16,16:44,S04,Shiba店,52,本地西红柿,生鲜,5,43.2,0.15,183.6,会员储值,小李,否
4141,2026-09-16,16:47,S01,Bear店,49,保鲜膜,日用百货,5,50.2,0,251,现金,小陈,否
1753,2026-09-16,16:51,S04,Shiba店,22,洽洽小黄袋,零食,5,50.2,0.1,225.9,银行卡,小李,否
1820,2026-09-16,16:52,S02,Catty店,30,简爱酸奶,乳制品,3,15.7,0,47.1,现金,小刘,是
1856,2026-09-16,17:01,S02,Catty店,52,本地西红柿,生鲜,1,43.2,0.1,38.88,微信,小张,否
3731,2026-09-16,17:16,S04,Shiba店,13,乐事薯片原味,零食,3,59.6,0,178.8,现金,小张,否
3990,2026-09-16,18:10,S02,Catty店,22,洽洽小黄袋,零食,3,50.2,0.1,135.54,微信,小陈,否
807,2026-09-16,18:12,S01,Bear店,28,安慕希酸奶,乳制品,3,45.3,0,135.9,微信,小陈,否
3299,2026-09-16,18:13,S03,Rabbit店,29,养乐多5连瓶,乳制品,4,39.4,0,157.6,会员储值,小王,否
3209,2026-09-16,18:15,S03,Rabbit店,82,冻薯条,冷冻食品,1,37.3,0,37.3,微信,小赵,是
4013,2026-09-16,18:17,S01,Bear店,70,便当盒饭,熟食烘焙,3,28.5,0.15,72.67,会员储值,小李,是
2988,2026-09-16,18:29,S03,Rabbit店,16,卫龙辣条,零食,2,29.4,0,58.8,会员储值,小王,否
3961,2026-09-16,18:40,S02,Catty店,50,电池5号,日用百货,4,36.6,0,146.4,支付宝,小李,否
3312,2026-09-16,18:49,S02,Catty店,61,胡萝卜,生鲜,4,56,0.1,201.6,支付宝,小张,否
897,2026-09-16,18:50,S01,Bear店,73,雪花啤酒,酒水,2,35.1,0.1,63.18,银行卡,小张,否
3425,2026-09-16,18:55,S03,Rabbit店,67,面包吐司,熟食烘焙,5,15.9,0,79.5,微信,小陈,是
561,2026-09-16,19:05,S03,Rabbit店,14,奥利奥原味,零食,1,11.6,0.1,10.44,现金,小李,是
590,2026-09-16,19:10,S01,Bear店,16,卫龙辣条,零食,1,29.4,0,29.4,银行卡,小李,否
790,2026-09-16,19:10,S04,Shiba店,78,湾仔码头水饺,冷冻食品,3,11.2,0,33.6,支付宝,小张,否
1472,2026-09-16,19:12,S04,Shiba店,68,蛋挞,熟食烘焙,1,35.8,0,35.8,现金,小赵,是
2989,2026-09-16,19:12,S02,Catty店,28,安慕希酸奶,乳制品,4,45.3,0,181.2,支付宝,小王,是
2628,2026-09-16,19:27,S01,Bear店,3,元气森林气泡水,饮料,2,24.4,0,48.8,银行卡,小李,是
545,2026-09-16,19:28,S02,Catty店,48,洗碗海绵,日用百货,3,37.5,0,112.5,现金,小陈,否
2443,2026-09-16,19:30,S03,Rabbit店,53,黄瓜,生鲜,1,45.7,0.1,41.13,支付宝,小张,否
357,2026-09-16,19:34,S02,Catty店,41,白糖1kg,粮油调味,1,37.3,0,37.3,银行卡,小王,否
3843,2026-09-16,19:38,S04,Shiba店,42,清风抽纸3层,日用百货,3,37.8,0,113.4,微信,小李,否
1814,2026-09-16,19:40,S01,Bear店,7,椰树椰汁,饮料,3,32,0,96,银行卡,小陈,否
2092,2026-09-16,19:47,S02,Catty店,37,太太乐鸡精,粮油调味,3,34.2,0,102.6,现金,小张,否
443,2026-09-16,19:55,S01,Bear店,35,福临门大米5kg,粮油调味,3,31.8,0,95.4,微信,小刘,否
2553,2026-09-16,19:58,S02,Catty店,28,安慕希酸奶,乳制品,4,45.3,0,181.2,微信,小陈,是
731,2026-09-16,20:05,S04,Shiba店,73,雪花啤酒,酒水,1,35.1,0,35.1,微信,小刘,否
2711,2026-09-16,20:13,S01,Bear店,8,脉动青柠,饮料,4,50.6,0,202.4,现金,小刘,是
3474,2026-09-16,20:13,S03,Rabbit店,43,维达卷纸,日用百货,2,23.6,0,47.2,支付宝,小陈,否
3729,2026-09-16,20:17,S03,Rabbit店,64,鲜肉包子,熟食烘焙,1,6,0.15,5.1,银行卡,小王,否
472,2026-09-16,20:23,S02,Catty店,16,卫龙辣条,零食,2,29.4,0,58.8,微信,小陈,否
507,2026-09-16,20:46,S03,Rabbit店,11,维他柠檬茶,饮料,4,52.8,0,211.2,会员储值,小李,否
2238,2026-09-16,20:47,S03,Rabbit店,33,德亚全脂牛奶,乳制品,2,2.6,0,5.2,支付宝,小赵,否
630,2026-09-16,20:48,S03,Rabbit店,74,牛栏山二锅头,酒水,5,59.6,0,298,现金,小陈,否
883,2026-09-16,20:59,S01,Bear店,35,福临门大米5kg,粮油调味,2,31.8,0.1,57.24,现金,小陈,否
1026,2026-09-16,20:59,S03,Rabbit店,81,和路雪甜筒,冷冻食品,1,39.7,0,39.7,银行卡,小陈,是
1637,2026-09-16,21:01,S03,Rabbit店,53,黄瓜,生鲜,2,45.7,0,91.4,支付宝,小陈,是
2066,2026-09-16,21:01,S02,Catty店,48,洗碗海绵,日用百货,5,37.5,0,187.5,现金,小张,是
2281,2026-09-16,21:11,S01,Bear店,13,乐事薯片原味,零食,3,59.6,0,178.8,会员储值,小刘,否
521,2026-09-16,21:14,S01,Bear店,38,老干妈辣椒酱,粮油调味,1,39.4,0,39.4,微信,小张,否
4116,2026-09-16,21:25,S02,Catty店,16,卫龙辣条,零食,1,29.4,0,29.4,会员储值,小赵,是
1582,2026-09-16,21:29,S01,Bear店,45,舒肤佳香皂,日用百货,2,12.6,0,25.2,现金,小王,是
60,2026-09-16,21:31,S02,Catty店,67,面包吐司,熟食烘焙,4,15.9,0,63.6,银行卡,小陈,否
4062,2026-09-16,21:33,S04,Shiba店,13,乐事薯片原味,零食,5,59.6,0,298,微信,小刘,否
2773,2026-09-16,21:35,S01,Bear店,38,老干妈辣椒酱,粮油调味,2,39.4,0,78.8,银行卡,小李,是
2952,2026-09-16,21:47,S04,Shiba店,35,福临门大米5kg,粮油调味,4,31.8,0,127.2,微信,小刘,否
2003,2026-09-16,21:49,S02,Catty店,15,旺旺雪饼,零食,4,33.4,0,133.6,支付宝,小刘,否
2971,2026-09-16,22:02,S02,Catty店,35,福临门大米5kg,粮油调味,5,31.8,0,159,支付宝,小赵,是
3909,2026-09-16,22:03,S04,Shiba店,47,垃圾袋50只,日用百货,5,2.1,0,10.5,微信,小刘,否
376,2026-09-16,22:09,S02,Catty店,3,元气森林气泡水,饮料,3,24.4,0,73.2,微信,小刘,否
1889,2026-09-16,22:09,S01,Bear店,54,苹果,生鲜,5,21.1,0,105.5,微信,小赵,否
2933,2026-09-16,22:09,S03,Rabbit店,44,蓝月亮洗衣液,日用百货,5,12.3,0,61.5,支付宝,小张,是
2703,2026-09-16,22:17,S04,Shiba店,28,安慕希酸奶,乳制品,4,45.3,0,181.2,现金,小李,否
1514,2026-09-16,22:27,S03,Rabbit店,45,舒肤佳香皂,日用百货,5,12.6,0.1,56.7,银行卡,小赵,否
116,2026-09-16,22:29,S01,Bear店,41,白糖1kg,粮油调味,5,37.3,0,186.5,会员储值,小王,否
3007,2026-09-16,22:31,S01,Bear店,74,牛栏山二锅头,酒水,4,59.6,0,238.4,现金,小张,是
3978,2026-09-16,22:32,S03,Rabbit店,80,雀巢冰淇淋,冷冻食品,3,11.6,0,34.8,银行卡,小陈,否
154,2026-09-16,22:42,S03,Rabbit店,13,乐事薯片原味,零食,3,59.6,0,178.8,支付宝,小李,否
353,2026-09-16,22:42,S02,Catty店,17,恰恰香瓜子,零食,2,26.2,0.1,47.16,银行卡,小刘,否
310,2026-09-16,22:46,S02,Catty店,14,奥利奥原味,零食,3,11.6,0,34.8,微信,小李,否
907,2026-09-17,07:01,S02,Catty店,69,炸鸡腿,熟食烘焙,1,45.1,0.15,38.34,支付宝,小陈,否
3614,2026-09-17,07:07,S01,Bear店,65,茶叶蛋,熟食烘焙,1,4.3,0,4.3,微信,小王,否
2647,2026-09-17,07:19,S03,Rabbit店,34,金龙鱼食用油5L,粮油调味,2,45.2,0,90.4,支付宝,小刘,否
1674,2026-09-17,07:20,S02,Catty店,7,椰树椰汁,饮料,5,32,0.1,144,现金,小李,是
2700,2026-09-17,07:29,S01,Bear店,16,卫龙辣条,零食,1,29.4,0,29.4,现金,小陈,否
607,2026-09-17,07:54,S03,Rabbit店,13,乐事薯片原味,零食,3,59.6,0,178.8,现金,小李,否
1291,2026-09-17,07:59,S01,Bear店,59,鲈鱼,生鲜,1,39.1,0.15,33.23,会员储值,小赵,是
1568,2026-09-17,08:08,S03,Rabbit店,82,冻薯条,冷冻食品,3,37.3,0,111.9,支付宝,小刘,否
3400,2026-09-17,08:29,S01,Bear店,81,和路雪甜筒,冷冻食品,2,39.7,0,79.4,微信,小李,是
3296,2026-09-17,08:35,S01,Bear店,24,上好佳鲜虾片,零食,5,17.9,0,89.5,支付宝,小李,是
2543,2026-09-17,08:55,S03,Rabbit店,54,苹果,生鲜,5,21.1,0.1,94.95,支付宝,小刘,否
417,2026-09-17,08:57,S03,Rabbit店,4,东方树叶乌龙茶,饮料,4,49.8,0,199.2,微信,小陈,否
2783,2026-09-17,09:01,S02,Catty店,56,鸡蛋30枚,生鲜,3,23.1,0,69.3,银行卡,小陈,否
1928,2026-09-17,09:06,S04,Shiba店,5,王老吉罐装,饮料,3,24.6,0.1,66.42,现金,小赵,否
2089,2026-09-17,09:13,S02,Catty店,20,士力架花生,零食,2,47.6,0.1,85.68,支付宝,小赵,否
3577,2026-09-17,09:18,S01,Bear店,47,垃圾袋50只,日用百货,3,2.1,0,6.3,银行卡,小陈,否
3313,2026-09-17,09:21,S03,Rabbit店,45,舒肤佳香皂,日用百货,3,12.6,0,37.8,微信,小赵,否
256,2026-09-17,09:38,S02,Catty店,6,美汁源果粒橙,饮料,4,28.8,0,115.2,银行卡,小刘,否
929,2026-09-17,09:43,S02,Catty店,70,便当盒饭,熟食烘焙,2,28.5,0,57,会员储值,小刘,否
2651,2026-09-17,09:44,S02,Catty店,25,伊利纯牛奶250ml,乳制品,3,47.9,0,143.7,支付宝,小陈,否
1546,2026-09-17,09:57,S04,Shiba店,3,元气森林气泡水,饮料,3,24.4,0,73.2,银行卡,小张,否
2150,2026-09-17,10:17,S03,Rabbit店,71,三明治,熟食烘焙,4,40.7,0.15,138.38,会员储值,小张,否
220,2026-09-17,10:21,S03,Rabbit店,16,卫龙辣条,零食,3,29.4,0,88.2,会员储值,小张,否
1224,2026-09-17,10:25,S01,Bear店,44,蓝月亮洗衣液,日用百货,3,12.3,0,36.9,现金,小张,否
2513,2026-09-17,10:36,S01,Bear店,25,伊利纯牛奶250ml,乳制品,5,47.9,0,239.5,微信,小张,否
4076,2026-09-17,10:40,S02,Catty店,58,鸡胸肉,生鲜,1,39.7,0.15,33.75,现金,小张,是
3266,2026-09-17,10:56,S04,Shiba店,73,雪花啤酒,酒水,5,35.1,0,175.5,银行卡,小王,否
283,2026-09-17,11:08,S01,Bear店,11,维他柠檬茶,饮料,2,52.8,0,105.6,支付宝,小刘,否
2218,2026-09-17,11:27,S03,Rabbit店,35,福临门大米5kg,粮油调味,5,31.8,0,159,微信,小张,否
3285,2026-09-17,11:27,S01,Bear店,35,福临门大米5kg,粮油调味,2,31.8,0,63.6,银行卡,小赵,是
3952,2026-09-17,11:40,S01,Bear店,71,三明治,熟食烘焙,3,40.7,0,122.1,银行卡,小王,否
1893,2026-09-17,11:54,S01,Bear店,25,伊利纯牛奶250ml,乳制品,1,47.9,0,47.9,支付宝,小陈,否
1573,2026-09-17,12:02,S01,Bear店,5,王老吉罐装,饮料,2,24.6,0,49.2,现金,小陈,否
133,2026-09-17,12:14,S03,Rabbit店,33,德亚全脂牛奶,乳制品,5,2.6,0,13,支付宝,小刘,否
4193,2026-09-17,12:23,S04,Shiba店,53,黄瓜,生鲜,2,45.7,0,91.4,支付宝,小王,否
3925,2026-09-17,12:27,S04,Shiba店,7,椰树椰汁,饮料,5,32,0,160,银行卡,小刘,是
1257,2026-09-17,12:29,S04,Shiba店,72,青岛啤酒500ml,酒水,1,58.2,0.1,52.38,支付宝,小李,是
4054,2026-09-17,12:44,S02,Catty店,28,安慕希酸奶,乳制品,5,45.3,0,226.5,会员储值,小赵,否
3494,2026-09-17,12:55,S04,Shiba店,63,草莓,生鲜,1,23.3,0,23.3,微信,小刘,否
1861,2026-09-17,13:04,S02,Catty店,45,舒肤佳香皂,日用百货,2,12.6,0,25.2,会员储值,小陈,否
2332,2026-09-17,13:07,S02,Catty店,45,舒肤佳香皂,日用百货,1,12.6,0,12.6,微信,小李,否
314,2026-09-17,13:11,S04,Shiba店,48,洗碗海绵,日用百货,2,37.5,0,75,现金,小李,否
2209,2026-09-17,13:29,S01,Bear店,29,养乐多5连瓶,乳制品,2,39.4,0,78.8,支付宝,小李,否
1117,2026-09-17,13:50,S02,Catty店,45,舒肤佳香皂,日用百货,1,12.6,0.1,11.34,银行卡,小赵,否
1416,2026-09-17,13:52,S03,Rabbit店,9,红牛250ml,饮料,4,26.3,0.1,94.68,银行卡,小陈,否
32,2026-09-17,14:02,S01,Bear店,24,上好佳鲜虾片,零食,1,17.9,0,17.9,微信,小王,是
132,2026-09-17,14:03,S02,Catty店,35,福临门大米5kg,粮油调味,5,31.8,0.1,143.1,支付宝,小李,否
1348,2026-09-17,14:24,S02,Catty店,14,奥利奥原味,零食,3,11.6,0,34.8,支付宝,小张,是
3803,2026-09-17,14:41,S03,Rabbit店,61,胡萝卜,生鲜,5,56,0.1,252,现金,小陈,否
3026,2026-09-17,14:48,S04,Shiba店,42,清风抽纸3层,日用百货,1,37.8,0.1,34.02,支付宝,小李,是
2359,2026-09-17,14:57,S02,Catty店,26,蒙牛特仑苏,乳制品,4,29.2,0,116.8,微信,小王,否
3511,2026-09-17,14:59,S03,Rabbit店,16,卫龙辣条,零食,4,29.4,0,117.6,会员储值,小赵,是
2850,2026-09-17,15:07,S01,Bear店,29,养乐多5连瓶,乳制品,3,39.4,0.1,106.38,微信,小陈,否
205,2026-09-17,15:09,S02,Catty店,83,冻青豆玉米,冷冻食品,3,59.5,0,178.5,微信,小李,否
4164,2026-09-17,15:14,S03,Rabbit店,75,长城干红,酒水,4,54.3,0.1,195.48,会员储值,小李,否
3588,2026-09-17,15:29,S03,Rabbit店,7,椰树椰汁,饮料,2,32,0,64,支付宝,小赵,否
2272,2026-09-17,15:40,S02,Catty店,54,苹果,生鲜,1,21.1,0,21.1,现金,小赵,否
2169,2026-09-17,15:41,S04,Shiba店,6,美汁源果粒橙,饮料,1,28.8,0,28.8,会员储值,小张,否
2762,2026-09-17,15:48,S03,Rabbit店,32,奶酪棒,乳制品,3,28.7,0,86.1,微信,小赵,否
1554,2026-09-17,15:49,S03,Rabbit店,83,冻青豆玉米,冷冻食品,2,59.5,0.1,107.1,微信,小王,否
3785,2026-09-17,15:51,S01,Bear店,36,海天生抽,粮油调味,2,31.2,0,62.4,银行卡,小李,是
2555,2026-09-17,16:17,S04,Shiba店,21,德芙丝滑巧克力,零食,1,23.2,0,23.2,现金,小赵,否
495,2026-09-17,16:57,S03,Rabbit店,8,脉动青柠,饮料,2,50.6,0,101.2,支付宝,小刘,否
1366,2026-09-17,16:57,S04,Shiba店,42,清风抽纸3层,日用百货,5,37.8,0,189,微信,小刘,否
624,2026-09-17,17:00,S02,Catty店,76,江小白,酒水,3,49.1,0,147.3,银行卡,小王,否
3955,2026-09-17,17:17,S01,Bear店,9,红牛250ml,饮料,3,26.3,0,78.9,银行卡,小王,是
1614,2026-09-17,17:26,S02,Catty店,5,王老吉罐装,饮料,4,24.6,0,98.4,银行卡,小赵,否
2383,2026-09-17,17:35,S03,Rabbit店,58,鸡胸肉,生鲜,5,39.7,0,198.5,会员储值,小张,是
3311,2026-09-17,17:41,S04,Shiba店,66,关东煮,熟食烘焙,4,24.5,0,98,支付宝,小刘,是
1157,2026-09-17,17:42,S02,Catty店,55,香蕉,生鲜,4,10.8,0,43.2,现金,小刘,否
3829,2026-09-17,17:43,S01,Bear店,26,蒙牛特仑苏,乳制品,1,29.2,0,29.2,会员储值,小李,是
2095,2026-09-17,17:59,S04,Shiba店,17,恰恰香瓜子,零食,3,26.2,0,78.6,支付宝,小刘,否
1020,2026-09-17,18:03,S03,Rabbit店,30,简爱酸奶,乳制品,4,15.7,0,62.8,微信,小陈,是
990,2026-09-17,18:06,S01,Bear店,20,士力架花生,零食,3,47.6,0,142.8,微信,小赵,否
4009,2026-09-17,18:06,S02,Catty店,39,陈醋,粮油调味,3,15.2,0,45.6,微信,小陈,否
2786,2026-09-17,18:07,S02,Catty店,42,清风抽纸3层,日用百货,4,37.8,0,151.2,支付宝,小王,否
4053,2026-09-17,18:20,S02,Catty店,80,雀巢冰淇淋,冷冻食品,5,11.6,0,58,银行卡,小王,否
4155,2026-09-17,18:20,S03,Rabbit店,11,维他柠檬茶,饮料,1,52.8,0,52.8,微信,小刘,否
2961,2026-09-17,18:21,S01,Bear店,30,简爱酸奶,乳制品,3,15.7,0,47.1,会员储值,小李,否
1645,2026-09-17,18:37,S03,Rabbit店,31,旺仔牛奶,乳制品,1,24.4,0,24.4,微信,小陈,否
771,2026-09-17,18:40,S03,Rabbit店,73,雪花啤酒,酒水,2,35.1,0,70.2,银行卡,小刘,否
2102,2026-09-17,18:50,S04,Shiba店,64,鲜肉包子,熟食烘焙,4,6,0.15,20.4,现金,小陈,是
3533,2026-09-17,18:50,S04,Shiba店,27,光明鲜牛奶,乳制品,2,8.1,0,16.2,会员储值,小陈,否
2980,2026-09-17,19:04,S01,Bear店,23,比比赞面包,零食,2,65,0,130,支付宝,小赵,否
1799,2026-09-17,19:11,S01,Bear店,38,老干妈辣椒酱,粮油调味,1,39.4,0,39.4,现金,小刘,是
1090,2026-09-17,19:15,S02,Catty店,44,蓝月亮洗衣液,日用百货,3,12.3,0,36.9,现金,小张,否
2974,2026-09-17,19:18,S01,Bear店,58,鸡胸肉,生鲜,4,39.7,0.1,142.92,现金,小陈,否
2693,2026-09-17,19:25,S03,Rabbit店,22,洽洽小黄袋,零食,1,50.2,0,50.2,会员储值,小张,是
3905,2026-09-17,19:27,S01,Bear店,44,蓝月亮洗衣液,日用百货,1,12.3,0,12.3,微信,小王,否
3676,2026-09-17,19:31,S03,Rabbit店,44,蓝月亮洗衣液,日用百货,2,12.3,0,24.6,微信,小张,是
2118,2026-09-17,19:33,S04,Shiba店,25,伊利纯牛奶250ml,乳制品,5,47.9,0,239.5,现金,小赵,否
2870,2026-09-17,20:09,S03,Rabbit店,69,炸鸡腿,熟食烘焙,5,45.1,0.15,191.67,银行卡,小赵,否
2739,2026-09-17,20:16,S03,Rabbit店,24,上好佳鲜虾片,零食,1,17.9,0,17.9,会员储值,小张,是
1954,2026-09-17,20:20,S03,Rabbit店,68,蛋挞,熟食烘焙,4,35.8,0,143.2,现金,小王,是
2596,2026-09-17,20:22,S03,Rabbit店,49,保鲜膜,日用百货,3,50.2,0,150.6,银行卡,小赵,否
3620,2026-09-17,20:23,S01,Bear店,43,维达卷纸,日用百货,3,23.6,0,70.8,微信,小陈,否
3873,2026-09-17,20:23,S01,Bear店,48,洗碗海绵,日用百货,2,37.5,0,75,会员储值,小李,是
1878,2026-09-17,20:24,S02,Catty店,14,奥利奥原味,零食,4,11.6,0,46.4,微信,小赵,否
80,2026-09-17,20:37,S01,Bear店,17,恰恰香瓜子,零食,4,26.2,0,104.8,支付宝,小李,否
213,2026-09-17,20:38,S03,Rabbit店,5,王老吉罐装,饮料,5,24.6,0,123,现金,小赵,否
2304,2026-09-17,20:40,S03,Rabbit店,19,三只松鼠每日坚果,零食,1,53.1,0,53.1,微信,小刘,否
673,2026-09-17,20:42,S01,Bear店,36,海天生抽,粮油调味,3,31.2,0,93.6,会员储值,小张,否
11,2026-09-17,20:43,S03,Rabbit店,13,乐事薯片原味,零食,3,59.6,0,178.8,现金,小刘,否
421,2026-09-17,20:44,S03,Rabbit店,39,陈醋,粮油调味,3,15.2,0,45.6,微信,小赵,否
98,2026-09-17,20:45,S03,Rabbit店,42,清风抽纸3层,日用百货,4,37.8,0,151.2,支付宝,小王,是
2887,2026-09-17,20:50,S02,Catty店,47,垃圾袋50只,日用百货,1,2.1,0,2.1,现金,小赵,否
329,2026-09-17,21:09,S03,Rabbit店,2,农夫山泉550ml,饮料,4,57,0,228,现金,小李,否
171,2026-09-17,21:26,S01,Bear店,38,老干妈辣椒酱,粮油调味,4,39.4,0,157.6,微信,小赵,否
2872,2026-09-17,21:31,S04,Shiba店,61,胡萝卜,生鲜,2,56,0,112,支付宝,小刘,否
1534,2026-09-17,21:33,S02,Catty店,4,东方树叶乌龙茶,饮料,5,49.8,0,249,微信,小刘,否
3994,2026-09-17,21:36,S02,Catty店,68,蛋挞,熟食烘焙,3,35.8,0.15,91.29,会员储值,小张,否
2357,2026-09-17,21:43,S02,Catty店,76,江小白,酒水,3,49.1,0,147.3,银行卡,小李,是
1699,2026-09-17,22:02,S01,Bear店,29,养乐多5连瓶,乳制品,3,39.4,0,118.2,支付宝,小李,否
995,2026-09-17,22:21,S02,Catty店,47,垃圾袋50只,日用百货,5,2.1,0,10.5,现金,小张,否
738,2026-09-17,22:25,S03,Rabbit店,6,美汁源果粒橙,饮料,2,28.8,0,57.6,银行卡,小李,是
30,2026-09-17,22:28,S02,Catty店,5,王老吉罐装,饮料,3,24.6,0.1,66.42,会员储值,小赵,是
761,2026-09-17,22:29,S02,Catty店,71,三明治,熟食烘焙,3,40.7,0,122.1,支付宝,小刘,否
2005,2026-09-17,22:34,S02,Catty店,66,关东煮,熟食烘焙,4,24.5,0.1,88.2,微信,小陈,是
4184,2026-09-17,22:36,S03,Rabbit店,66,关东煮,熟食烘焙,1,24.5,0.15,20.82,会员储值,小王,否
1104,2026-09-17,22:38,S03,Rabbit店,25,伊利纯牛奶250ml,乳制品,1,47.9,0,47.9,微信,小赵,否
397,2026-09-17,22:39,S03,Rabbit店,71,三明治,熟食烘焙,4,40.7,0,162.8,微信,小陈,否
1964,2026-09-17,22:39,S02,Catty店,6,美汁源果粒橙,饮料,3,28.8,0,86.4,微信,小张,否
2996,2026-09-17,22:39,S04,Shiba店,72,青岛啤酒500ml,酒水,5,58.2,0,291,会员储值,小赵,否
1059,2026-09-17,22:41,S03,Rabbit店,16,卫龙辣条,零食,2,29.4,0,58.8,银行卡,小赵,否
914,2026-09-17,22:57,S02,Catty店,44,蓝月亮洗衣液,日用百货,5,12.3,0,61.5,支付宝,小刘,否
3671,2026-09-18,07:10,S02,Catty店,57,五花肉,生鲜,5,18.2,0,91,银行卡,小王,否
2239,2026-09-18,07:21,S02,Catty店,25,伊利纯牛奶250ml,乳制品,3,47.9,0,143.7,支付宝,小张,否
2857,2026-09-18,07:34,S04,Shiba店,80,雀巢冰淇淋,冷冻食品,2,11.6,0,23.2,银行卡,小张,是
2214,2026-09-18,07:42,S04,Shiba店,72,青岛啤酒500ml,酒水,2,58.2,0,116.4,银行卡,小张,否
2500,2026-09-18,07:42,S02,Catty店,12,依云矿泉水,饮料,1,28.5,0,28.5,银行卡,小王,否
2684,2026-09-18,07:43,S02,Catty店,45,舒肤佳香皂,日用百货,3,12.6,0,37.8,会员储值,小赵,是
2266,2026-09-18,07:44,S03,Rabbit店,54,苹果,生鲜,2,21.1,0.1,37.98,银行卡,小刘,是
2339,2026-09-18,08:12,S03,Rabbit店,43,维达卷纸,日用百货,5,23.6,0.1,106.2,支付宝,小张,是
757,2026-09-18,08:15,S03,Rabbit店,52,本地西红柿,生鲜,1,43.2,0.1,38.88,银行卡,小刘,否
2823,2026-09-18,08:58,S02,Catty店,79,思念汤圆,冷冻食品,5,54.9,0,274.5,会员储值,小张,否
901,2026-09-18,09:09,S01,Bear店,62,西兰花,生鲜,3,40.8,0,122.4,微信,小李,否
3691,2026-09-18,09:26,S04,Shiba店,49,保鲜膜,日用百货,5,50.2,0,251,会员储值,小张,否
147,2026-09-18,09:33,S02,Catty店,53,黄瓜,生鲜,1,45.7,0,45.7,会员储值,小赵,否
1596,2026-09-18,09:37,S01,Bear店,25,伊利纯牛奶250ml,乳制品,3,47.9,0,143.7,支付宝,小王,否
2808,2026-09-18,09:38,S04,Shiba店,51,牙签,日用百货,4,18.3,0,73.2,微信,小刘,否
1748,2026-09-18,09:48,S03,Rabbit店,79,思念汤圆,冷冻食品,1,54.9,0,54.9,会员储值,小赵,否
3657,2026-09-18,09:57,S04,Shiba店,44,蓝月亮洗衣液,日用百货,3,12.3,0.1,33.21,会员储值,小赵,是
1300,2026-09-18,09:59,S03,Rabbit店,11,维他柠檬茶,饮料,3,52.8,0,158.4,支付宝,小刘,是
4074,2026-09-18,09:59,S04,Shiba店,34,金龙鱼食用油5L,粮油调味,3,45.2,0,135.6,支付宝,小刘,否
1661,2026-09-18,10:07,S02,Catty店,57,五花肉,生鲜,3,18.2,0,54.6,会员储值,小陈,是
2772,2026-09-18,10:12,S03,Rabbit店,1,可口可乐330ml,饮料,1,9.2,0.1,8.28,微信,小李,否
3224,2026-09-18,10:13,S02,Catty店,28,安慕希酸奶,乳制品,1,45.3,0,45.3,银行卡,小张,否
686,2026-09-18,10:17,S04,Shiba店,63,草莓,生鲜,1,23.3,0,23.3,微信,小刘,否
2977,2026-09-18,10:17,S03,Rabbit店,19,三只松鼠每日坚果,零食,5,53.1,0.1,238.95,银行卡,小张,否
3893,2026-09-18,10:22,S01,Bear店,36,海天生抽,粮油调味,5,31.2,0,156,会员储值,小李,否
1597,2026-09-18,10:27,S02,Catty店,44,蓝月亮洗衣液,日用百货,1,12.3,0,12.3,微信,小刘,否
1317,2026-09-18,10:28,S03,Rabbit店,11,维他柠檬茶,饮料,4,52.8,0,211.2,现金,小李,否
2152,2026-09-18,10:28,S04,Shiba店,26,蒙牛特仑苏,乳制品,2,29.2,0,58.4,会员储值,小赵,否
802,2026-09-18,10:42,S03,Rabbit店,56,鸡蛋30枚,生鲜,2,23.1,0.1,41.58,现金,小赵,否
1398,2026-09-18,10:47,S01,Bear店,81,和路雪甜筒,冷冻食品,4,39.7,0,158.8,支付宝,小陈,否
106,2026-09-18,10:58,S04,Shiba店,45,舒肤佳香皂,日用百货,4,12.6,0,50.4,银行卡,小李,否
2630,2026-09-18,11:20,S04,Shiba店,1,可口可乐330ml,饮料,5,9.2,0,46,现金,小赵,否
188,2026-09-18,11:21,S03,Rabbit店,73,雪花啤酒,酒水,2,35.1,0,70.2,微信,小张,是
1958,2026-09-18,11:28,S03,Rabbit店,74,牛栏山二锅头,酒水,5,59.6,0.1,268.2,银行卡,小张,是
312,2026-09-18,11:35,S03,Rabbit店,12,依云矿泉水,饮料,1,28.5,0.1,25.65,支付宝,小李,否
57,2026-09-18,11:38,S03,Rabbit店,16,卫龙辣条,零食,1,29.4,0,29.4,现金,小陈,否
1034,2026-09-18,11:45,S04,Shiba店,75,长城干红,酒水,4,54.3,0,217.2,现金,小刘,否
2969,2026-09-18,11:56,S04,Shiba店,35,福临门大米5kg,粮油调味,3,31.8,0.1,85.86,现金,小刘,否
3403,2026-09-18,11:58,S02,Catty店,3,元气森林气泡水,饮料,1,24.4,0,24.4,支付宝,小李,否
1487,2026-09-18,12:01,S02,Catty店,5,王老吉罐装,饮料,1,24.6,0.1,22.14,微信,小张,否
1425,2026-09-18,12:05,S04,Shiba店,57,五花肉,生鲜,2,18.2,0,36.4,微信,小刘,否
1129,2026-09-18,12:06,S03,Rabbit店,82,冻薯条,冷冻食品,5,37.3,0,186.5,会员储值,小陈,否
4123,2026-09-18,12:29,S01,Bear店,51,牙签,日用百货,1,18.3,0,18.3,会员储值,小陈,否
3252,2026-09-18,12:35,S01,Bear店,25,伊利纯牛奶250ml,乳制品,5,47.9,0,239.5,微信,小张,是
416,2026-09-18,12:45,S04,Shiba店,44,蓝月亮洗衣液,日用百货,4,12.3,0,49.2,支付宝,小王,否
2510,2026-09-18,12:45,S03,Rabbit店,66,关东煮,熟食烘焙,1,24.5,0.1,22.05,支付宝,小张,是
4186,2026-09-18,12:52,S01,Bear店,14,奥利奥原味,零食,3,11.6,0.1,31.32,现金,小李,否
1899,2026-09-18,12:56,S03,Rabbit店,10,康师傅冰红茶,饮料,5,34.3,0.1,154.35,现金,小赵,否
3780,2026-09-18,12:59,S03,Rabbit店,16,卫龙辣条,零食,4,29.4,0,117.6,支付宝,小刘,否
1974,2026-09-18,13:02,S03,Rabbit店,52,本地西红柿,生鲜,2,43.2,0,86.4,支付宝,小王,否
1475,2026-09-18,13:04,S01,Bear店,77,RIO鸡尾酒,酒水,5,29,0.1,130.5,现金,小赵,否
1264,2026-09-18,13:14,S03,Rabbit店,19,三只松鼠每日坚果,零食,2,53.1,0,106.2,银行卡,小陈,否
2138,2026-09-18,13:25,S04,Shiba店,52,本地西红柿,生鲜,1,43.2,0,43.2,支付宝,小陈,是
928,2026-09-18,13:27,S04,Shiba店,59,鲈鱼,生鲜,5,39.1,0.15,166.17,银行卡,小张,否
3239,2026-09-18,13:41,S01,Bear店,82,冻薯条,冷冻食品,5,37.3,0,186.5,现金,小陈,否
806,2026-09-18,13:47,S02,Catty店,11,维他柠檬茶,饮料,4,52.8,0,211.2,现金,小李,是
2025,2026-09-18,14:03,S03,Rabbit店,80,雀巢冰淇淋,冷冻食品,2,11.6,0,23.2,现金,小陈,否
2525,2026-09-18,14:03,S04,Shiba店,1,可口可乐330ml,饮料,5,9.2,0.1,41.4,微信,小李,否
1840,2026-09-18,14:08,S03,Rabbit店,67,面包吐司,熟食烘焙,2,15.9,0,31.8,银行卡,小刘,否
3623,2026-09-18,14:09,S02,Catty店,55,香蕉,生鲜,4,10.8,0,43.2,现金,小陈,否
3595,2026-09-18,14:10,S03,Rabbit店,17,恰恰香瓜子,零食,1,26.2,0,26.2,银行卡,小李,否
1195,2026-09-18,14:11,S02,Catty店,30,简爱酸奶,乳制品,4,15.7,0,62.8,支付宝,小刘,否
3,2026-09-18,14:12,S03,Rabbit店,74,牛栏山二锅头,酒水,1,59.6,0,59.6,现金,小王,是
675,2026-09-18,14:17,S04,Shiba店,58,鸡胸肉,生鲜,1,39.7,0,39.7,微信,小赵,是
426,2026-09-18,14:19,S01,Bear店,12,依云矿泉水,饮料,2,28.5,0,57,会员储值,小刘,否
528,2026-09-18,14:20,S02,Catty店,46,高露洁牙膏,日用百货,4,53.4,0,213.6,支付宝,小赵,否
815,2026-09-18,14:21,S02,Catty店,14,奥利奥原味,零食,5,11.6,0,58,支付宝,小刘,否
1233,2026-09-18,14:30,S01,Bear店,78,湾仔码头水饺,冷冻食品,2,11.2,0,22.4,银行卡,小陈,是
2236,2026-09-18,14:39,S04,Shiba店,66,关东煮,熟食烘焙,4,24.5,0.1,88.2,现金,小李,否
4160,2026-09-18,15:06,S01,Bear店,34,金龙鱼食用油5L,粮油调味,1,45.2,0,45.2,现金,小赵,否
860,2026-09-18,15:07,S03,Rabbit店,78,湾仔码头水饺,冷冻食品,4,11.2,0,44.8,支付宝,小李,否
199,2026-09-18,15:18,S02,Catty店,13,乐事薯片原味,零食,1,59.6,0,59.6,现金,小王,否
1524,2026-09-18,15:32,S02,Catty店,7,椰树椰汁,饮料,4,32,0,128,微信,小陈,是
2541,2026-09-18,15:37,S04,Shiba店,46,高露洁牙膏,日用百货,4,53.4,0,213.6,微信,小王,否
3388,2026-09-18,15:37,S03,Rabbit店,1,可口可乐330ml,饮料,3,9.2,0.1,24.84,会员储值,小赵,否
5,2026-09-18,15:43,S02,Catty店,22,洽洽小黄袋,零食,2,50.2,0,100.4,微信,小张,否
702,2026-09-18,15:52,S03,Rabbit店,10,康师傅冰红茶,饮料,5,34.3,0,171.5,微信,小王,否
2494,2026-09-18,15:56,S04,Shiba店,45,舒肤佳香皂,日用百货,2,12.6,0,25.2,支付宝,小王,是
2094,2026-09-18,16:07,S02,Catty店,4,东方树叶乌龙茶,饮料,4,49.8,0.1,179.28,支付宝,小王,是
4075,2026-09-18,16:14,S03,Rabbit店,39,陈醋,粮油调味,4,15.2,0,60.8,会员储值,小刘,否
1250,2026-09-18,16:19,S01,Bear店,22,洽洽小黄袋,零食,1,50.2,0,50.2,会员储值,小刘,否
1238,2026-09-18,16:20,S02,Catty店,9,红牛250ml,饮料,5,26.3,0,131.5,微信,小刘,否
2627,2026-09-18,16:21,S01,Bear店,8,脉动青柠,饮料,4,50.6,0,202.4,现金,小李,否
2411,2026-09-18,16:24,S03,Rabbit店,25,伊利纯牛奶250ml,乳制品,2,47.9,0,95.8,现金,小王,否
4127,2026-09-18,16:25,S02,Catty店,63,草莓,生鲜,1,23.3,0,23.3,现金,小张,是
272,2026-09-18,16:26,S02,Catty店,46,高露洁牙膏,日用百货,5,53.4,0,267,支付宝,小陈,否
1319,2026-09-18,16:26,S01,Bear店,83,冻青豆玉米,冷冻食品,5,59.5,0,297.5,支付宝,小张,否
1551,2026-09-18,16:27,S01,Bear店,52,本地西红柿,生鲜,3,43.2,0.15,110.16,银行卡,小赵,否
1266,2026-09-18,16:38,S04,Shiba店,24,上好佳鲜虾片,零食,2,17.9,0,35.8,微信,小赵,是
601,2026-09-18,16:53,S03,Rabbit店,22,洽洽小黄袋,零食,1,50.2,0,50.2,现金,小刘,否
2060,2026-09-18,17:06,S01,Bear店,13,乐事薯片原味,零食,5,59.6,0,298,银行卡,小赵,否
321,2026-09-18,17:07,S02,Catty店,44,蓝月亮洗衣液,日用百货,5,12.3,0,61.5,现金,小李,否
2814,2026-09-18,17:09,S02,Catty店,41,白糖1kg,粮油调味,3,37.3,0,111.9,微信,小陈,否
1959,2026-09-18,17:23,S02,Catty店,1,可口可乐330ml,饮料,5,9.2,0.1,41.4,现金,小李,否
2571,2026-09-18,17:27,S01,Bear店,75,长城干红,酒水,3,54.3,0,162.9,支付宝,小张,是
4038,2026-09-18,17:30,S03,Rabbit店,39,陈醋,粮油调味,5,15.2,0,76,现金,小王,是
2351,2026-09-18,17:34,S02,Catty店,75,长城干红,酒水,1,54.3,0,54.3,会员储值,小张,是
861,2026-09-18,17:36,S03,Rabbit店,5,王老吉罐装,饮料,2,24.6,0,49.2,微信,小赵,否
4007,2026-09-18,17:39,S04,Shiba店,26,蒙牛特仑苏,乳制品,5,29.2,0,146,银行卡,小张,否
230,2026-09-18,17:40,S01,Bear店,31,旺仔牛奶,乳制品,1,24.4,0,24.4,银行卡,小陈,是
1135,2026-09-18,17:40,S01,Bear店,76,江小白,酒水,3,49.1,0,147.3,现金,小王,否
2216,2026-09-18,17:41,S04,Shiba店,50,电池5号,日用百货,5,36.6,0,183,会员储值,小王,否
477,2026-09-18,17:46,S03,Rabbit店,58,鸡胸肉,生鲜,3,39.7,0.15,101.23,支付宝,小刘,否
3208,2026-09-18,17:51,S02,Catty店,21,德芙丝滑巧克力,零食,3,23.2,0,69.6,微信,小李,是
1903,2026-09-18,17:54,S01,Bear店,20,士力架花生,零食,5,47.6,0,238,现金,小王,否
2091,2026-09-18,17:59,S03,Rabbit店,11,维他柠檬茶,饮料,1,52.8,0.1,47.52,银行卡,小李,否
1572,2026-09-18,18:09,S04,Shiba店,78,湾仔码头水饺,冷冻食品,2,11.2,0,22.4,银行卡,小赵,否
1940,2026-09-18,18:11,S01,Bear店,46,高露洁牙膏,日用百货,5,53.4,0,267,支付宝,小刘,否
594,2026-09-18,18:13,S03,Rabbit店,46,高露洁牙膏,日用百货,2,53.4,0,106.8,会员储值,小王,否
2894,2026-09-18,18:16,S03,Rabbit店,46,高露洁牙膏,日用百货,4,53.4,0,213.6,银行卡,小王,否
110,2026-09-18,18:20,S01,Bear店,63,草莓,生鲜,5,23.3,0.1,104.85,银行卡,小王,否
3728,2026-09-18,18:21,S02,Catty店,31,旺仔牛奶,乳制品,5,24.4,0.1,109.8,支付宝,小赵,否
2362,2026-09-18,18:26,S01,Bear店,40,食用盐500g,粮油调味,1,55.7,0,55.7,会员储值,小李,是
3412,2026-09-18,18:34,S02,Catty店,44,蓝月亮洗衣液,日用百货,4,12.3,0.1,44.28,现金,小张,否
3463,2026-09-18,18:38,S01,Bear店,77,RIO鸡尾酒,酒水,5,29,0,145,银行卡,小王,是
3680,2026-09-18,18:38,S01,Bear店,12,依云矿泉水,饮料,4,28.5,0,114,现金,小刘,是
3233,2026-09-18,18:39,S03,Rabbit店,30,简爱酸奶,乳制品,4,15.7,0,62.8,会员储值,小陈,否
4021,2026-09-18,18:43,S01,Bear店,40,食用盐500g,粮油调味,4,55.7,0,222.8,现金,小陈,否
2586,2026-09-18,18:44,S03,Rabbit店,45,舒肤佳香皂,日用百货,4,12.6,0,50.4,微信,小赵,否
13,2026-09-18,18:51,S03,Rabbit店,26,蒙牛特仑苏,乳制品,5,29.2,0,146,银行卡,小刘,是
3382,2026-09-18,18:55,S02,Catty店,34,金龙鱼食用油5L,粮油调味,4,45.2,0.1,162.72,支付宝,小李,否
797,2026-09-18,18:58,S04,Shiba店,10,康师傅冰红茶,饮料,5,34.3,0,171.5,微信,小李,是
1765,2026-09-18,19:09,S02,Catty店,42,清风抽纸3层,日用百货,2,37.8,0,75.6,银行卡,小陈,否
820,2026-09-18,19:13,S04,Shiba店,6,美汁源果粒橙,饮料,1,28.8,0,28.8,微信,小陈,否
947,2026-09-18,19:27,S01,Bear店,35,福临门大米5kg,粮油调味,2,31.8,0.1,57.24,银行卡,小刘,否
987,2026-09-18,19:27,S01,Bear店,55,香蕉,生鲜,5,10.8,0,54,会员储值,小赵,否
2806,2026-09-18,19:38,S03,Rabbit店,36,海天生抽,粮油调味,3,31.2,0,93.6,会员储值,小赵,是
1011,2026-09-18,19:52,S02,Catty店,32,奶酪棒,乳制品,2,28.7,0.1,51.66,现金,小陈,否
1850,2026-09-18,19:52,S02,Catty店,31,旺仔牛奶,乳制品,5,24.4,0,122,微信,小李,否
3206,2026-09-18,19:52,S01,Bear店,6,美汁源果粒橙,饮料,4,28.8,0,115.2,现金,小张,否
2943,2026-09-18,20:02,S02,Catty店,47,垃圾袋50只,日用百货,2,2.1,0,4.2,银行卡,小赵,是
170,2026-09-18,20:20,S01,Bear店,62,西兰花,生鲜,4,40.8,0,163.2,支付宝,小王,是
1615,2026-09-18,20:31,S01,Bear店,78,湾仔码头水饺,冷冻食品,5,11.2,0.1,50.4,微信,小刘,否
1636,2026-09-18,20:32,S04,Shiba店,74,牛栏山二锅头,酒水,1,59.6,0,59.6,微信,小赵,是
1919,2026-09-18,20:32,S01,Bear店,67,面包吐司,熟食烘焙,2,15.9,0.1,28.62,会员储值,小李,是
2026,2026-09-18,20:36,S04,Shiba店,16,卫龙辣条,零食,4,29.4,0,117.6,银行卡,小李,否
2521,2026-09-18,20:38,S04,Shiba店,20,士力架花生,零食,4,47.6,0,190.4,银行卡,小赵,否
3034,2026-09-18,20:43,S03,Rabbit店,41,白糖1kg,粮油调味,3,37.3,0,111.9,银行卡,小李,否
3420,2026-09-18,20:43,S01,Bear店,23,比比赞面包,零食,4,65,0,260,支付宝,小李,否
2380,2026-09-18,20:44,S01,Bear店,10,康师傅冰红茶,饮料,2,34.3,0,68.6,现金,小陈,否
1929,2026-09-18,20:46,S02,Catty店,48,洗碗海绵,日用百货,3,37.5,0,112.5,微信,小刘,否
2113,2026-09-18,20:47,S01,Bear店,55,香蕉,生鲜,3,10.8,0,32.4,银行卡,小李,否
3700,2026-09-18,20:49,S04,Shiba店,48,洗碗海绵,日用百货,4,37.5,0,150,微信,小陈,否
45,2026-09-18,21:00,S01,Bear店,49,保鲜膜,日用百货,1,50.2,0,50.2,现金,小陈,否
2670,2026-09-18,21:02,S04,Shiba店,27,光明鲜牛奶,乳制品,2,8.1,0,16.2,会员储值,小王,是
3123,2026-09-18,21:04,S02,Catty店,39,陈醋,粮油调味,2,15.2,0,30.4,微信,小李,否
208,2026-09-18,21:20,S01,Bear店,15,旺旺雪饼,零食,1,33.4,0,33.4,支付宝,小陈,否
2148,2026-09-18,21:20,S03,Rabbit店,71,三明治,熟食烘焙,1,40.7,0.1,36.63,现金,小赵,否
2246,2026-09-18,21:41,S02,Catty店,53,黄瓜,生鲜,3,45.7,0.15,116.54,支付宝,小陈,否
2567,2026-09-18,22:07,S02,Catty店,16,卫龙辣条,零食,4,29.4,0,117.6,银行卡,小陈,否
3164,2026-09-18,22:20,S02,Catty店,7,椰树椰汁,饮料,5,32,0.1,144,支付宝,小王,否
3324,2026-09-18,22:20,S01,Bear店,17,恰恰香瓜子,零食,4,26.2,0,104.8,微信,小王,是
1604,2026-09-18,22:24,S03,Rabbit店,30,简爱酸奶,乳制品,3,15.7,0.1,42.39,支付宝,小刘,否
2827,2026-09-18,22:24,S04,Shiba店,28,安慕希酸奶,乳制品,3,45.3,0,135.9,银行卡,小王,否
2523,2026-09-18,22:28,S03,Rabbit店,50,电池5号,日用百货,3,36.6,0,109.8,微信,小张,是
3638,2026-09-18,22:29,S03,Rabbit店,83,冻青豆玉米,冷冻食品,2,59.5,0,119,支付宝,小张,否
181,2026-09-18,22:34,S03,Rabbit店,58,鸡胸肉,生鲜,3,39.7,0.15,101.23,微信,小陈,是
2929,2026-09-18,22:36,S02,Catty店,9,红牛250ml,饮料,1,26.3,0,26.3,现金,小刘,否
387,2026-09-18,22:38,S04,Shiba店,43,维达卷纸,日用百货,2,23.6,0,47.2,现金,小李,否
2583,2026-09-18,22:39,S02,Catty店,19,三只松鼠每日坚果,零食,1,53.1,0,53.1,微信,小刘,是
2205,2026-09-18,22:45,S01,Bear店,47,垃圾袋50只,日用百货,1,2.1,0,2.1,现金,小李,否
3692,2026-09-18,22:45,S01,Bear店,13,乐事薯片原味,零食,1,59.6,0,59.6,微信,小王,是
2896,2026-09-18,22:47,S04,Shiba店,36,海天生抽,粮油调味,2,31.2,0,62.4,现金,小赵,是
2696,2026-09-19,07:04,S03,Rabbit店,30,简爱酸奶,乳制品,2,15.7,0.1,28.26,银行卡,小李,是
1308,2026-09-19,07:09,S04,Shiba店,72,青岛啤酒500ml,酒水,2,58.2,0,116.4,支付宝,小王,否
633,2026-09-19,07:10,S01,Bear店,14,奥利奥原味,零食,5,11.6,0,58,现金,小张,否
1267,2026-09-19,07:20,S02,Catty店,54,苹果,生鲜,4,21.1,0,84.4,支付宝,小王,是
4105,2026-09-19,07:21,S04,Shiba店,73,雪花啤酒,酒水,5,35.1,0,175.5,会员储值,小陈,否
148,2026-09-19,07:28,S02,Catty店,67,面包吐司,熟食烘焙,2,15.9,0,31.8,银行卡,小陈,是
1997,2026-09-19,07:30,S01,Bear店,18,好丽友巧克力派,零食,4,12.1,0,48.4,现金,小刘,是
4088,2026-09-19,07:32,S01,Bear店,71,三明治,熟食烘焙,5,40.7,0.15,172.97,现金,小陈,否
2671,2026-09-19,07:34,S04,Shiba店,31,旺仔牛奶,乳制品,3,24.4,0,73.2,现金,小张,是
3174,2026-09-19,07:50,S03,Rabbit店,64,鲜肉包子,熟食烘焙,4,6,0.15,20.4,微信,小张,否
1995,2026-09-19,07:53,S04,Shiba店,11,维他柠檬茶,饮料,1,52.8,0,52.8,会员储值,小赵,是
2694,2026-09-19,07:58,S02,Catty店,79,思念汤圆,冷冻食品,5,54.9,0.1,247.05,支付宝,小刘,否
2446,2026-09-19,07:59,S04,Shiba店,74,牛栏山二锅头,酒水,3,59.6,0,178.8,支付宝,小刘,否
3028,2026-09-19,08:05,S01,Bear店,13,乐事薯片原味,零食,4,59.6,0,238.4,银行卡,小王,是
794,2026-09-19,08:11,S02,Catty店,54,苹果,生鲜,4,21.1,0.15,71.74,现金,小赵,否
2468,2026-09-19,08:11,S01,Bear店,38,老干妈辣椒酱,粮油调味,3,39.4,0.1,106.38,支付宝,小陈,是
2358,2026-09-19,08:13,S04,Shiba店,57,五花肉,生鲜,5,18.2,0,91,支付宝,小张,否
2652,2026-09-19,08:16,S02,Catty店,2,农夫山泉550ml,饮料,4,57,0.1,205.2,会员储值,小陈,是
1480,2026-09-19,08:21,S03,Rabbit店,83,冻青豆玉米,冷冻食品,3,59.5,0,178.5,支付宝,小刘,否
2303,2026-09-19,08:22,S04,Shiba店,67,面包吐司,熟食烘焙,5,15.9,0,79.5,微信,小赵,否
1923,2026-09-19,08:23,S02,Catty店,54,苹果,生鲜,2,21.1,0.1,37.98,微信,小李,否
1635,2026-09-19,08:27,S02,Catty店,33,德亚全脂牛奶,乳制品,2,2.6,0,5.2,现金,小陈,否
2881,2026-09-19,08:30,S03,Rabbit店,4,东方树叶乌龙茶,饮料,2,49.8,0,99.6,支付宝,小李,否
3504,2026-09-19,08:47,S01,Bear店,58,鸡胸肉,生鲜,1,39.7,0.1,35.73,现金,小张,否
79,2026-09-19,08:51,S02,Catty店,9,红牛250ml,饮料,5,26.3,0.1,118.35,支付宝,小李,否
4016,2026-09-19,09:02,S04,Shiba店,39,陈醋,粮油调味,3,15.2,0.1,41.04,支付宝,小张,否
3697,2026-09-19,09:03,S03,Rabbit店,33,德亚全脂牛奶,乳制品,4,2.6,0,10.4,支付宝,小陈,是
2221,2026-09-19,09:19,S04,Shiba店,30,简爱酸奶,乳制品,4,15.7,0.1,56.52,微信,小赵,否
2373,2026-09-19,09:27,S03,Rabbit店,61,胡萝卜,生鲜,1,56,0,56,支付宝,小王,否
1245,2026-09-19,09:28,S03,Rabbit店,55,香蕉,生鲜,3,10.8,0,32.4,现金,小张,否
1393,2026-09-19,09:30,S03,Rabbit店,22,洽洽小黄袋,零食,2,50.2,0.1,90.36,银行卡,小李,否
2020,2026-09-19,09:31,S02,Catty店,50,电池5号,日用百货,4,36.6,0,146.4,会员储值,小陈,否
758,2026-09-19,09:39,S02,Catty店,33,德亚全脂牛奶,乳制品,3,2.6,0,7.8,银行卡,小张,否
3520,2026-09-19,09:42,S04,Shiba店,78,湾仔码头水饺,冷冻食品,2,11.2,0,22.4,会员储值,小赵,否
811,2026-09-19,09:45,S04,Shiba店,23,比比赞面包,零食,1,65,0,65,会员储值,小刘,否
1255,2026-09-19,09:45,S03,Rabbit店,62,西兰花,生鲜,4,40.8,0,163.2,现金,小刘,否
2255,2026-09-19,09:48,S04,Shiba店,65,茶叶蛋,熟食烘焙,3,4.3,0,12.9,银行卡,小赵,是
2642,2026-09-19,09:59,S01,Bear店,18,好丽友巧克力派,零食,5,12.1,0.1,54.45,微信,小张,否
2465,2026-09-19,10:08,S01,Bear店,75,长城干红,酒水,1,54.3,0,54.3,会员储值,小王,是
3447,2026-09-19,10:10,S04,Shiba店,81,和路雪甜筒,冷冻食品,4,39.7,0,158.8,现金,小李,否
1261,2026-09-19,10:23,S02,Catty店,70,便当盒饭,熟食烘焙,3,28.5,0,85.5,现金,小王,否
2042,2026-09-19,10:23,S04,Shiba店,34,金龙鱼食用油5L,粮油调味,1,45.2,0,45.2,会员储值,小李,是
2040,2026-09-19,10:24,S02,Catty店,25,伊利纯牛奶250ml,乳制品,4,47.9,0,191.6,银行卡,小陈,否
151,2026-09-19,10:29,S02,Catty店,64,鲜肉包子,熟食烘焙,4,6,0.15,20.4,银行卡,小赵,否
2099,2026-09-19,10:32,S04,Shiba店,33,德亚全脂牛奶,乳制品,1,2.6,0,2.6,现金,小李,否
3347,2026-09-19,10:43,S04,Shiba店,66,关东煮,熟食烘焙,3,24.5,0,73.5,会员储值,小刘,是
976,2026-09-19,10:48,S02,Catty店,62,西兰花,生鲜,5,40.8,0.1,183.6,会员储值,小赵,否
1226,2026-09-19,10:51,S03,Rabbit店,61,胡萝卜,生鲜,2,56,0.1,100.8,银行卡,小陈,是
1186,2026-09-19,10:56,S02,Catty店,76,江小白,酒水,1,49.1,0,49.1,微信,小刘,是
1906,2026-09-19,11:09,S01,Bear店,38,老干妈辣椒酱,粮油调味,2,39.4,0,78.8,会员储值,小王,否
1126,2026-09-19,11:16,S02,Catty店,74,牛栏山二锅头,酒水,4,59.6,0,238.4,会员储值,小刘,否
4192,2026-09-19,11:25,S01,Bear店,45,舒肤佳香皂,日用百货,2,12.6,0.1,22.68,会员储值,小刘,否
3579,2026-09-19,11:40,S04,Shiba店,4,东方树叶乌龙茶,饮料,1,49.8,0,49.8,现金,小赵,否
1249,2026-09-19,11:54,S01,Bear店,16,卫龙辣条,零食,3,29.4,0.1,79.38,微信,小赵,否
894,2026-09-19,12:01,S04,Shiba店,33,德亚全脂牛奶,乳制品,2,2.6,0,5.2,支付宝,小王,否
1504,2026-09-19,12:02,S01,Bear店,80,雀巢冰淇淋,冷冻食品,5,11.6,0,58,银行卡,小王,是
1595,2026-09-19,12:02,S03,Rabbit店,10,康师傅冰红茶,饮料,3,34.3,0.1,92.61,微信,小陈,否
4083,2026-09-19,12:02,S02,Catty店,39,陈醋,粮油调味,2,15.2,0.1,27.36,银行卡,小张,否
2519,2026-09-19,12:08,S01,Bear店,64,鲜肉包子,熟食烘焙,2,6,0.15,10.2,会员储值,小刘,是
3010,2026-09-19,12:16,S02,Catty店,44,蓝月亮洗衣液,日用百货,3,12.3,0,36.9,会员储值,小王,是
273,2026-09-19,12:27,S01,Bear店,19,三只松鼠每日坚果,零食,4,53.1,0,212.4,支付宝,小张,是
309,2026-09-19,12:27,S04,Shiba店,26,蒙牛特仑苏,乳制品,3,29.2,0,87.6,现金,小陈,否
3430,2026-09-19,12:29,S03,Rabbit店,71,三明治,熟食烘焙,3,40.7,0.1,109.89,会员储值,小张,否
3816,2026-09-19,12:31,S03,Rabbit店,1,可口可乐330ml,饮料,1,9.2,0,9.2,微信,小刘,否
1978,2026-09-19,12:34,S03,Rabbit店,26,蒙牛特仑苏,乳制品,1,29.2,0,29.2,银行卡,小张,否
2482,2026-09-19,12:37,S03,Rabbit店,83,冻青豆玉米,冷冻食品,5,59.5,0,297.5,支付宝,小王,否
3363,2026-09-19,12:38,S02,Catty店,27,光明鲜牛奶,乳制品,1,8.1,0.1,7.29,会员储值,小王,否
1023,2026-09-19,12:40,S04,Shiba店,49,保鲜膜,日用百货,3,50.2,0.1,135.54,现金,小张,否
2876,2026-09-19,12:57,S04,Shiba店,33,德亚全脂牛奶,乳制品,4,2.6,0.1,9.36,银行卡,小张,否
3555,2026-09-19,13:08,S03,Rabbit店,53,黄瓜,生鲜,1,45.7,0,45.7,现金,小刘,否
1201,2026-09-19,13:22,S01,Bear店,62,西兰花,生鲜,5,40.8,0,204,会员储值,小王,否
2203,2026-09-19,13:27,S02,Catty店,12,依云矿泉水,饮料,3,28.5,0,85.5,微信,小陈,是
1072,2026-09-19,13:36,S02,Catty店,17,恰恰香瓜子,零食,1,26.2,0,26.2,支付宝,小王,是
3421,2026-09-19,13:37,S02,Catty店,2,农夫山泉550ml,饮料,5,57,0,285,支付宝,小赵,否
1538,2026-09-19,13:40,S03,Rabbit店,28,安慕希酸奶,乳制品,5,45.3,0,226.5,微信,小李,否
551,2026-09-19,13:59,S02,Catty店,40,食用盐500g,粮油调味,1,55.7,0,55.7,支付宝,小李,否
3094,2026-09-19,14:00,S02,Catty店,20,士力架花生,零食,4,47.6,0.1,171.36,会员储值,小刘,否
218,2026-09-19,14:21,S02,Catty店,38,老干妈辣椒酱,粮油调味,3,39.4,0,118.2,支付宝,小刘,否
303,2026-09-19,14:22,S01,Bear店,4,东方树叶乌龙茶,饮料,2,49.8,0,99.6,微信,小赵,否
3960,2026-09-19,14:22,S03,Rabbit店,71,三明治,熟食烘焙,5,40.7,0,203.5,银行卡,小陈,否
3659,2026-09-19,14:23,S04,Shiba店,35,福临门大米5kg,粮油调味,5,31.8,0,159,会员储值,小刘,否
2296,2026-09-19,14:36,S04,Shiba店,66,关东煮,熟食烘焙,1,24.5,0,24.5,支付宝,小陈,否
1273,2026-09-19,14:38,S02,Catty店,40,食用盐500g,粮油调味,1,55.7,0,55.7,微信,小张,否
2269,2026-09-19,14:38,S01,Bear店,69,炸鸡腿,熟食烘焙,1,45.1,0.1,40.59,现金,小李,否
870,2026-09-19,15:01,S03,Rabbit店,6,美汁源果粒橙,饮料,2,28.8,0,57.6,微信,小张,否
2612,2026-09-19,15:07,S03,Rabbit店,53,黄瓜,生鲜,2,45.7,0.15,77.69,会员储值,小陈,否
280,2026-09-19,15:13,S03,Rabbit店,83,冻青豆玉米,冷冻食品,1,59.5,0,59.5,支付宝,小赵,是
3117,2026-09-19,15:15,S02,Catty店,74,牛栏山二锅头,酒水,2,59.6,0,119.2,会员储值,小王,否
3500,2026-09-19,15:31,S03,Rabbit店,82,冻薯条,冷冻食品,5,37.3,0,186.5,银行卡,小刘,否
96,2026-09-19,15:38,S03,Rabbit店,66,关东煮,熟食烘焙,1,24.5,0,24.5,会员储值,小陈,否
1973,2026-09-19,15:40,S04,Shiba店,22,洽洽小黄袋,零食,4,50.2,0,200.8,微信,小张,是
2546,2026-09-19,15:42,S02,Catty店,27,光明鲜牛奶,乳制品,1,8.1,0,8.1,会员储值,小刘,是
165,2026-09-19,15:59,S03,Rabbit店,70,便当盒饭,熟食烘焙,5,28.5,0,142.5,微信,小刘,否
3738,2026-09-19,16:08,S03,Rabbit店,13,乐事薯片原味,零食,3,59.6,0,178.8,支付宝,小张,否
2278,2026-09-19,16:21,S02,Catty店,33,德亚全脂牛奶,乳制品,2,2.6,0,5.2,现金,小李,否
3981,2026-09-19,16:45,S02,Catty店,69,炸鸡腿,熟食烘焙,1,45.1,0.1,40.59,现金,小赵,是
193,2026-09-19,16:47,S01,Bear店,5,王老吉罐装,饮料,1,24.6,0,24.6,会员储值,小李,否
3483,2026-09-19,16:49,S03,Rabbit店,56,鸡蛋30枚,生鲜,2,23.1,0.15,39.27,微信,小赵,否
3396,2026-09-19,16:58,S02,Catty店,74,牛栏山二锅头,酒水,4,59.6,0.1,214.56,微信,小赵,否
2538,2026-09-19,17:29,S01,Bear店,43,维达卷纸,日用百货,1,23.6,0,23.6,支付宝,小赵,否
1413,2026-09-19,17:30,S03,Rabbit店,46,高露洁牙膏,日用百货,1,53.4,0,53.4,银行卡,小赵,否
2820,2026-09-19,17:32,S01,Bear店,42,清风抽纸3层,日用百货,1,37.8,0.1,34.02,支付宝,小陈,否
465,2026-09-19,17:38,S01,Bear店,73,雪花啤酒,酒水,3,35.1,0,105.3,微信,小赵,否
236,2026-09-19,17:45,S03,Rabbit店,28,安慕希酸奶,乳制品,5,45.3,0.1,203.85,会员储值,小张,否
1360,2026-09-19,17:55,S03,Rabbit店,64,鲜肉包子,熟食烘焙,4,6,0,24,银行卡,小张,否
3346,2026-09-19,18:13,S03,Rabbit店,54,苹果,生鲜,4,21.1,0.1,75.96,会员储值,小陈,否
2481,2026-09-19,18:23,S03,Rabbit店,22,洽洽小黄袋,零食,2,50.2,0,100.4,微信,小赵,否
215,2026-09-19,18:40,S03,Rabbit店,54,苹果,生鲜,4,21.1,0.15,71.74,微信,小张,否
485,2026-09-19,18:48,S04,Shiba店,45,舒肤佳香皂,日用百货,1,12.6,0,12.6,会员储值,小李,是
2057,2026-09-19,18:53,S04,Shiba店,57,五花肉,生鲜,4,18.2,0,72.8,会员储值,小陈,否
1359,2026-09-19,18:54,S04,Shiba店,55,香蕉,生鲜,2,10.8,0,21.6,微信,小李,是
2254,2026-09-19,19:26,S03,Rabbit店,72,青岛啤酒500ml,酒水,5,58.2,0.1,261.9,会员储值,小张,否
4171,2026-09-19,19:29,S02,Catty店,69,炸鸡腿,熟食烘焙,4,45.1,0,180.4,会员储值,小刘,否
4085,2026-09-19,19:39,S03,Rabbit店,19,三只松鼠每日坚果,零食,4,53.1,0,212.4,微信,小刘,否
1982,2026-09-19,19:47,S04,Shiba店,38,老干妈辣椒酱,粮油调味,2,39.4,0,78.8,现金,小陈,否
609,2026-09-19,19:52,S03,Rabbit店,41,白糖1kg,粮油调味,2,37.3,0,74.6,支付宝,小张,否
2898,2026-09-19,19:58,S04,Shiba店,2,农夫山泉550ml,饮料,5,57,0,285,银行卡,小陈,否
982,2026-09-19,20:01,S01,Bear店,16,卫龙辣条,零食,4,29.4,0,117.6,支付宝,小李,是
1998,2026-09-19,20:16,S04,Shiba店,59,鲈鱼,生鲜,3,39.1,0,117.3,现金,小陈,否
1682,2026-09-19,20:22,S01,Bear店,1,可口可乐330ml,饮料,3,9.2,0,27.6,会员储值,小王,是
1638,2026-09-19,20:24,S02,Catty店,27,光明鲜牛奶,乳制品,1,8.1,0,8.1,银行卡,小陈,否
3786,2026-09-19,20:25,S03,Rabbit店,1,可口可乐330ml,饮料,1,9.2,0,9.2,支付宝,小张,否
2193,2026-09-19,20:35,S03,Rabbit店,6,美汁源果粒橙,饮料,5,28.8,0,144,银行卡,小赵,否
269,2026-09-19,20:42,S04,Shiba店,34,金龙鱼食用油5L,粮油调味,4,45.2,0,180.8,银行卡,小刘,否
1293,2026-09-19,20:42,S01,Bear店,45,舒肤佳香皂,日用百货,4,12.6,0,50.4,微信,小赵,是
1716,2026-09-19,20:45,S01,Bear店,75,长城干红,酒水,3,54.3,0,162.9,会员储值,小刘,否
4039,2026-09-19,20:59,S02,Catty店,61,胡萝卜,生鲜,4,56,0,224,会员储值,小赵,否
934,2026-09-19,21:00,S01,Bear店,43,维达卷纸,日用百货,5,23.6,0,118,支付宝,小刘,否
3773,2026-09-19,21:06,S02,Catty店,54,苹果,生鲜,4,21.1,0,84.4,微信,小王,否
4102,2026-09-19,21:20,S03,Rabbit店,15,旺旺雪饼,零食,2,33.4,0,66.8,银行卡,小张,是
1147,2026-09-19,21:23,S02,Catty店,53,黄瓜,生鲜,1,45.7,0,45.7,微信,小李,否
1707,2026-09-19,21:45,S01,Bear店,42,清风抽纸3层,日用百货,3,37.8,0.1,102.06,银行卡,小王,否
1332,2026-09-19,22:07,S01,Bear店,35,福临门大米5kg,粮油调味,4,31.8,0,127.2,银行卡,小陈,否
340,2026-09-19,22:18,S03,Rabbit店,13,乐事薯片原味,零食,1,59.6,0,59.6,微信,小王,是
3159,2026-09-19,22:19,S01,Bear店,14,奥利奥原味,零食,4,11.6,0,46.4,现金,小刘,否
1296,2026-09-19,22:20,S04,Shiba店,5,王老吉罐装,饮料,2,24.6,0,49.2,会员储值,小陈,是
1183,2026-09-19,22:37,S03,Rabbit店,77,RIO鸡尾酒,酒水,4,29,0,116,会员储值,小王,是
1433,2026-09-19,22:39,S02,Catty店,83,冻青豆玉米,冷冻食品,3,59.5,0.1,160.65,会员储值,小陈,否
1240,2026-09-19,22:43,S04,Shiba店,31,旺仔牛奶,乳制品,4,24.4,0,97.6,会员储值,小赵,是
2901,2026-09-19,22:47,S02,Catty店,39,陈醋,粮油调味,4,15.2,0,60.8,会员储值,小张,否
2283,2026-09-19,22:53,S01,Bear店,41,白糖1kg,粮油调味,3,37.3,0,111.9,微信,小刘,否
2010,2026-09-19,22:57,S01,Bear店,82,冻薯条,冷冻食品,2,37.3,0,74.6,银行卡,小刘,否
2082,2026-09-19,22:57,S01,Bear店,36,海天生抽,粮油调味,2,31.2,0,62.4,会员储值,小刘,否
1399,2026-09-19,22:58,S04,Shiba店,26,蒙牛特仑苏,乳制品,1,29.2,0.1,26.28,支付宝,小李,是
4121,2026-09-20,07:24,S01,Bear店,54,苹果,生鲜,1,21.1,0,21.1,会员储值,小李,否
1056,2026-09-20,07:30,S02,Catty店,66,关东煮,熟食烘焙,3,24.5,0.15,62.48,微信,小刘,否
2590,2026-09-20,07:36,S02,Catty店,17,恰恰香瓜子,零食,4,26.2,0,104.8,银行卡,小陈,否
3827,2026-09-20,07:36,S03,Rabbit店,1,可口可乐330ml,饮料,3,9.2,0,27.6,现金,小赵,否
2527,2026-09-20,07:45,S02,Catty店,73,雪花啤酒,酒水,5,35.1,0,175.5,会员储值,小王,否
2516,2026-09-20,07:49,S01,Bear店,48,洗碗海绵,日用百货,3,37.5,0,112.5,微信,小王,否
663,2026-09-20,07:52,S01,Bear店,9,红牛250ml,饮料,2,26.3,0,52.6,银行卡,小李,否
1891,2026-09-20,07:52,S02,Catty店,73,雪花啤酒,酒水,5,35.1,0,175.5,现金,小赵,否
2606,2026-09-20,08:01,S04,Shiba店,67,面包吐司,熟食烘焙,4,15.9,0,63.6,微信,小李,否
217,2026-09-20,08:02,S04,Shiba店,42,清风抽纸3层,日用百货,3,37.8,0,113.4,会员储值,小李,是
1095,2026-09-20,08:10,S04,Shiba店,9,红牛250ml,饮料,5,26.3,0,131.5,会员储值,小张,是
3246,2026-09-20,08:19,S03,Rabbit店,66,关东煮,熟食烘焙,5,24.5,0.1,110.25,微信,小赵,是
1482,2026-09-20,08:20,S01,Bear店,26,蒙牛特仑苏,乳制品,2,29.2,0,58.4,会员储值,小刘,否
1628,2026-09-20,08:26,S02,Catty店,68,蛋挞,熟食烘焙,4,35.8,0.1,128.88,现金,小陈,是
3109,2026-09-20,08:36,S04,Shiba店,74,牛栏山二锅头,酒水,4,59.6,0,238.4,微信,小赵,是
2459,2026-09-20,08:39,S04,Shiba店,21,德芙丝滑巧克力,零食,4,23.2,0,92.8,微信,小王,否
1035,2026-09-20,08:43,S04,Shiba店,32,奶酪棒,乳制品,3,28.7,0,86.1,银行卡,小王,是
2710,2026-09-20,08:43,S03,Rabbit店,61,胡萝卜,生鲜,1,56,0,56,微信,小王,是
1197,2026-09-20,08:57,S02,Catty店,30,简爱酸奶,乳制品,5,15.7,0,78.5,微信,小张,是
2565,2026-09-20,08:57,S03,Rabbit店,34,金龙鱼食用油5L,粮油调味,4,45.2,0,180.8,银行卡,小张,否
650,2026-09-20,09:05,S03,Rabbit店,37,太太乐鸡精,粮油调味,3,34.2,0.1,92.34,银行卡,小赵,否
3468,2026-09-20,09:06,S03,Rabbit店,53,黄瓜,生鲜,4,45.7,0.15,155.38,微信,小李,否
1105,2026-09-20,09:09,S02,Catty店,39,陈醋,粮油调味,5,15.2,0.1,68.4,支付宝,小陈,否
2979,2026-09-20,09:11,S01,Bear店,77,RIO鸡尾酒,酒水,1,29,0.1,26.1,微信,小王,否
415,2026-09-20,09:20,S03,Rabbit店,83,冻青豆玉米,冷冻食品,5,59.5,0,297.5,会员储值,小刘,否
3392,2026-09-20,09:25,S02,Catty店,67,面包吐司,熟食烘焙,2,15.9,0,31.8,会员储值,小李,否
1340,2026-09-20,09:46,S01,Bear店,45,舒肤佳香皂,日用百货,1,12.6,0,12.6,银行卡,小刘,是
2083,2026-09-20,09:47,S01,Bear店,4,东方树叶乌龙茶,饮料,5,49.8,0,249,银行卡,小王,否
689,2026-09-20,09:50,S01,Bear店,71,三明治,熟食烘焙,3,40.7,0.15,103.79,银行卡,小王,否
3136,2026-09-20,09:55,S03,Rabbit店,53,黄瓜,生鲜,5,45.7,0,228.5,会员储值,小刘,否
4032,2026-09-20,10:07,S03,Rabbit店,23,比比赞面包,零食,4,65,0,260,微信,小王,是
756,2026-09-20,10:09,S04,Shiba店,37,太太乐鸡精,粮油调味,3,34.2,0.1,92.34,会员储值,小赵,否
2427,2026-09-20,10:09,S02,Catty店,26,蒙牛特仑苏,乳制品,5,29.2,0,146,银行卡,小李,否
3032,2026-09-20,10:12,S04,Shiba店,56,鸡蛋30枚,生鲜,2,23.1,0,46.2,微信,小张,否
1479,2026-09-20,10:13,S03,Rabbit店,30,简爱酸奶,乳制品,5,15.7,0,78.5,会员储值,小王,否
564,2026-09-20,10:21,S01,Bear店,24,上好佳鲜虾片,零食,4,17.9,0,71.6,支付宝,小陈,否
2774,2026-09-20,10:23,S03,Rabbit店,83,冻青豆玉米,冷冻食品,3,59.5,0,178.5,会员储值,小赵,否
3166,2026-09-20,10:25,S01,Bear店,77,RIO鸡尾酒,酒水,3,29,0,87,支付宝,小李,否
4015,2026-09-20,10:31,S04,Shiba店,13,乐事薯片原味,零食,4,59.6,0,238.4,银行卡,小李,是
4067,2026-09-20,10:32,S03,Rabbit店,31,旺仔牛奶,乳制品,3,24.4,0,73.2,现金,小李,否
1885,2026-09-20,10:38,S01,Bear店,16,卫龙辣条,零食,5,29.4,0,147,微信,小赵,是
3157,2026-09-20,10:50,S02,Catty店,42,清风抽纸3层,日用百货,2,37.8,0,75.6,支付宝,小赵,是
1744,2026-09-20,10:56,S02,Catty店,48,洗碗海绵,日用百货,3,37.5,0.1,101.25,银行卡,小陈,是
1,2026-09-20,11:13,S02,Catty店,35,福临门大米5kg,粮油调味,4,31.8,0.1,114.48,现金,小李,否
3556,2026-09-20,11:15,S04,Shiba店,46,高露洁牙膏,日用百货,4,53.4,0,213.6,支付宝,小王,否
3661,2026-09-20,11:30,S01,Bear店,43,维达卷纸,日用百货,1,23.6,0,23.6,银行卡,小张,否
2654,2026-09-20,11:33,S02,Catty店,23,比比赞面包,零食,5,65,0,325,银行卡,小陈,否
539,2026-09-20,11:36,S04,Shiba店,40,食用盐500g,粮油调味,4,55.7,0,222.8,银行卡,小陈,否
91,2026-09-20,11:48,S03,Rabbit店,63,草莓,生鲜,3,23.3,0,69.9,微信,小陈,否
2476,2026-09-20,12:03,S04,Shiba店,55,香蕉,生鲜,5,10.8,0,54,微信,小陈,否
3316,2026-09-20,12:04,S01,Bear店,66,关东煮,熟食烘焙,3,24.5,0,73.5,微信,小赵,否
1364,2026-09-20,12:12,S04,Shiba店,59,鲈鱼,生鲜,2,39.1,0,78.2,银行卡,小李,是
798,2026-09-20,12:13,S01,Bear店,2,农夫山泉550ml,饮料,5,57,0,285,现金,小刘,否
1136,2026-09-20,12:26,S02,Catty店,81,和路雪甜筒,冷冻食品,4,39.7,0,158.8,现金,小刘,否
2310,2026-09-20,12:29,S03,Rabbit店,27,光明鲜牛奶,乳制品,2,8.1,0,16.2,现金,小赵,否
3644,2026-09-20,12:29,S01,Bear店,32,奶酪棒,乳制品,5,28.7,0,143.5,现金,小李,否
36,2026-09-20,12:37,S04,Shiba店,3,元气森林气泡水,饮料,3,24.4,0,73.2,会员储值,小李,否
324,2026-09-20,12:46,S02,Catty店,2,农夫山泉550ml,饮料,2,57,0,114,微信,小陈,否
1796,2026-09-20,12:49,S04,Shiba店,58,鸡胸肉,生鲜,1,39.7,0,39.7,微信,小刘,否
3160,2026-09-20,13:03,S02,Catty店,14,奥利奥原味,零食,5,11.6,0,58,银行卡,小陈,否
795,2026-09-20,13:05,S03,Rabbit店,33,德亚全脂牛奶,乳制品,1,2.6,0,2.6,支付宝,小王,否
3902,2026-09-20,13:09,S04,Shiba店,14,奥利奥原味,零食,4,11.6,0,46.4,会员储值,小李,是
1712,2026-09-20,13:22,S04,Shiba店,25,伊利纯牛奶250ml,乳制品,4,47.9,0.1,172.44,银行卡,小赵,否
674,2026-09-20,13:26,S02,Catty店,68,蛋挞,熟食烘焙,4,35.8,0.15,121.72,银行卡,小王,否
2213,2026-09-20,13:40,S01,Bear店,83,冻青豆玉米,冷冻食品,5,59.5,0,297.5,会员储值,小陈,否
496,2026-09-20,13:47,S02,Catty店,19,三只松鼠每日坚果,零食,3,53.1,0,159.3,会员储值,小李,否
549,2026-09-20,13:57,S02,Catty店,20,士力架花生,零食,3,47.6,0,142.8,支付宝,小李,否
828,2026-09-20,14:05,S03,Rabbit店,69,炸鸡腿,熟食烘焙,2,45.1,0,90.2,微信,小陈,否
1842,2026-09-20,14:13,S01,Bear店,37,太太乐鸡精,粮油调味,5,34.2,0,171,支付宝,小刘,否
535,2026-09-20,14:32,S03,Rabbit店,54,苹果,生鲜,2,21.1,0,42.2,会员储值,小张,否
1476,2026-09-20,14:35,S02,Catty店,68,蛋挞,熟食烘焙,1,35.8,0.15,30.43,会员储值,小王,否
3137,2026-09-20,14:39,S04,Shiba店,62,西兰花,生鲜,4,40.8,0,163.2,微信,小刘,否
2902,2026-09-20,14:51,S04,Shiba店,54,苹果,生鲜,4,21.1,0,84.4,支付宝,小张,否
479,2026-09-20,14:54,S03,Rabbit店,27,光明鲜牛奶,乳制品,5,8.1,0,40.5,微信,小陈,否
1171,2026-09-20,15:02,S01,Bear店,70,便当盒饭,熟食烘焙,3,28.5,0,85.5,微信,小李,否
3201,2026-09-20,15:07,S04,Shiba店,37,太太乐鸡精,粮油调味,4,34.2,0.1,123.12,支付宝,小李,否
2000,2026-09-20,15:10,S03,Rabbit店,58,鸡胸肉,生鲜,4,39.7,0,158.8,支付宝,小李,否
3611,2026-09-20,15:17,S03,Rabbit店,73,雪花啤酒,酒水,4,35.1,0.1,126.36,银行卡,小李,否
2129,2026-09-20,15:39,S03,Rabbit店,35,福临门大米5kg,粮油调味,4,31.8,0,127.2,支付宝,小李,否
706,2026-09-20,15:55,S02,Catty店,52,本地西红柿,生鲜,1,43.2,0.1,38.88,银行卡,小王,否
2378,2026-09-20,16:00,S04,Shiba店,82,冻薯条,冷冻食品,3,37.3,0,111.9,微信,小赵,否
3979,2026-09-20,16:05,S02,Catty店,76,江小白,酒水,4,49.1,0,196.4,支付宝,小刘,否
3454,2026-09-20,16:07,S02,Catty店,76,江小白,酒水,2,49.1,0,98.2,银行卡,小王,否
3168,2026-09-20,16:18,S04,Shiba店,79,思念汤圆,冷冻食品,1,54.9,0,54.9,会员储值,小刘,否
2430,2026-09-20,16:20,S01,Bear店,69,炸鸡腿,熟食烘焙,4,45.1,0,180.4,银行卡,小张,是
4000,2026-09-20,16:50,S01,Bear店,71,三明治,熟食烘焙,3,40.7,0,122.1,支付宝,小王,否
975,2026-09-20,17:01,S03,Rabbit店,83,冻青豆玉米,冷冻食品,2,59.5,0,119,现金,小李,否
3823,2026-09-20,17:02,S03,Rabbit店,48,洗碗海绵,日用百货,2,37.5,0.1,67.5,现金,小刘,是
1005,2026-09-20,17:08,S03,Rabbit店,79,思念汤圆,冷冻食品,3,54.9,0,164.7,银行卡,小张,否
1558,2026-09-20,17:20,S02,Catty店,80,雀巢冰淇淋,冷冻食品,5,11.6,0.1,52.2,支付宝,小王,否
104,2026-09-20,17:27,S02,Catty店,33,德亚全脂牛奶,乳制品,1,2.6,0,2.6,支付宝,小陈,否
3337,2026-09-20,17:38,S01,Bear店,18,好丽友巧克力派,零食,3,12.1,0.1,32.67,支付宝,小李,否
1166,2026-09-20,17:41,S04,Shiba店,57,五花肉,生鲜,1,18.2,0,18.2,银行卡,小张,否
3231,2026-09-20,17:57,S03,Rabbit店,62,西兰花,生鲜,1,40.8,0.1,36.72,银行卡,小陈,否
563,2026-09-20,18:07,S02,Catty店,12,依云矿泉水,饮料,2,28.5,0,57,支付宝,小张,否
1120,2026-09-20,18:26,S01,Bear店,50,电池5号,日用百货,1,36.6,0,36.6,现金,小王,否
3348,2026-09-20,18:38,S02,Catty店,61,胡萝卜,生鲜,2,56,0,112,银行卡,小张,是
2917,2026-09-20,18:42,S02,Catty店,52,本地西红柿,生鲜,5,43.2,0.1,194.4,银行卡,小王,否
4158,2026-09-20,18:44,S02,Catty店,66,关东煮,熟食烘焙,3,24.5,0,73.5,支付宝,小刘,否
3310,2026-09-20,18:45,S04,Shiba店,36,海天生抽,粮油调味,5,31.2,0.1,140.4,会员储值,小李,是
1838,2026-09-20,18:51,S03,Rabbit店,21,德芙丝滑巧克力,零食,2,23.2,0,46.4,会员储值,小陈,是
3283,2026-09-20,18:51,S03,Rabbit店,64,鲜肉包子,熟食烘焙,5,6,0.1,27,会员储值,小王,否
2737,2026-09-20,18:53,S03,Rabbit店,30,简爱酸奶,乳制品,4,15.7,0,62.8,微信,小刘,否
3272,2026-09-20,19:01,S02,Catty店,51,牙签,日用百货,5,18.3,0,91.5,现金,小张,否
2851,2026-09-20,19:09,S01,Bear店,75,长城干红,酒水,3,54.3,0,162.9,微信,小李,否
555,2026-09-20,19:18,S03,Rabbit店,13,乐事薯片原味,零食,1,59.6,0.1,53.64,银行卡,小刘,否
2245,2026-09-20,19:38,S02,Catty店,20,士力架花生,零食,4,47.6,0,190.4,微信,小赵,否
3472,2026-09-20,19:38,S03,Rabbit店,17,恰恰香瓜子,零食,3,26.2,0,78.6,支付宝,小陈,否
2226,2026-09-20,19:41,S02,Catty店,53,黄瓜,生鲜,3,45.7,0.1,123.39,会员储值,小陈,否
166,2026-09-20,19:56,S04,Shiba店,73,雪花啤酒,酒水,4,35.1,0,140.4,支付宝,小李,否
3753,2026-09-20,20:03,S04,Shiba店,36,海天生抽,粮油调味,2,31.2,0.1,56.16,现金,小李,否
1414,2026-09-20,20:16,S01,Bear店,65,茶叶蛋,熟食烘焙,2,4.3,0,8.6,微信,小陈,否
593,2026-09-20,20:21,S01,Bear店,24,上好佳鲜虾片,零食,2,17.9,0,35.8,支付宝,小李,否
2471,2026-09-20,20:22,S04,Shiba店,38,老干妈辣椒酱,粮油调味,1,39.4,0,39.4,银行卡,小赵,否
2120,2026-09-20,20:25,S02,Catty店,33,德亚全脂牛奶,乳制品,5,2.6,0.1,11.7,银行卡,小王,是
1829,2026-09-20,20:26,S02,Catty店,8,脉动青柠,饮料,4,50.6,0,202.4,现金,小刘,否
890,2026-09-20,20:39,S02,Catty店,11,维他柠檬茶,饮料,4,52.8,0,211.2,支付宝,小王,是
3443,2026-09-20,20:39,S02,Catty店,54,苹果,生鲜,2,21.1,0,42.2,微信,小赵,否
2634,2026-09-20,21:05,S01,Bear店,22,洽洽小黄袋,零食,4,50.2,0,200.8,现金,小刘,否
3261,2026-09-20,21:06,S04,Shiba店,6,美汁源果粒橙,饮料,2,28.8,0.1,51.84,微信,小刘,否
933,2026-09-20,21:07,S03,Rabbit店,66,关东煮,熟食烘焙,1,24.5,0,24.5,银行卡,小李,否
3046,2026-09-20,21:08,S01,Bear店,3,元气森林气泡水,饮料,4,24.4,0,97.6,微信,小张,否
3187,2026-09-20,21:10,S04,Shiba店,66,关东煮,熟食烘焙,3,24.5,0.1,66.15,银行卡,小张,否
519,2026-09-20,21:23,S02,Catty店,4,东方树叶乌龙茶,饮料,3,49.8,0,149.4,现金,小李,否
3199,2026-09-20,21:27,S01,Bear店,76,江小白,酒水,1,49.1,0.1,44.19,现金,小刘,否
253,2026-09-20,21:40,S01,Bear店,44,蓝月亮洗衣液,日用百货,4,12.3,0.1,44.28,会员储值,小赵,否
3171,2026-09-20,21:41,S01,Bear店,23,比比赞面包,零食,2,65,0,130,微信,小赵,否
2803,2026-09-20,21:52,S01,Bear店,43,维达卷纸,日用百货,2,23.6,0,47.2,支付宝,小李,否
3143,2026-09-20,22:16,S02,Catty店,54,苹果,生鲜,3,21.1,0.1,56.97,支付宝,小刘,否
1329,2026-09-20,22:17,S04,Shiba店,7,椰树椰汁,饮料,4,32,0,128,现金,小张,是
1547,2026-09-20,22:20,S02,Catty店,26,蒙牛特仑苏,乳制品,5,29.2,0,146,微信,小陈,否
1565,2026-09-20,22:25,S04,Shiba店,8,脉动青柠,饮料,3,50.6,0,151.8,微信,小李,否
2445,2026-09-20,22:25,S01,Bear店,3,元气森林气泡水,饮料,1,24.4,0.1,21.96,微信,小张,否
2050,2026-09-20,22:26,S04,Shiba店,28,安慕希酸奶,乳制品,2,45.3,0,90.6,银行卡,小陈,是
1886,2026-09-20,22:44,S02,Catty店,19,三只松鼠每日坚果,零食,4,53.1,0,212.4,微信,小刘,否
3797,2026-09-20,22:49,S04,Shiba店,38,老干妈辣椒酱,粮油调味,4,39.4,0.1,141.84,微信,小王,否
1719,2026-09-21,07:12,S01,Bear店,49,保鲜膜,日用百货,3,50.2,0,150.6,会员储值,小刘,否
3336,2026-09-21,07:14,S03,Rabbit店,36,海天生抽,粮油调味,1,31.2,0,31.2,银行卡,小李,是
1103,2026-09-21,07:19,S04,Shiba店,1,可口可乐330ml,饮料,2,9.2,0,18.4,微信,小刘,否
3781,2026-09-21,07:25,S04,Shiba店,37,太太乐鸡精,粮油调味,5,34.2,0,171,微信,小陈,否
3886,2026-09-21,07:32,S03,Rabbit店,46,高露洁牙膏,日用百货,5,53.4,0,267,会员储值,小刘,否
3275,2026-09-21,07:39,S02,Catty店,41,白糖1kg,粮油调味,5,37.3,0,186.5,支付宝,小赵,是
1996,2026-09-21,07:40,S02,Catty店,20,士力架花生,零食,4,47.6,0,190.4,现金,小赵,否
4132,2026-09-21,07:42,S01,Bear店,77,RIO鸡尾酒,酒水,1,29,0,29,微信,小李,否
1951,2026-09-21,07:43,S04,Shiba店,63,草莓,生鲜,2,23.3,0.15,39.61,微信,小陈,否
1994,2026-09-21,07:50,S03,Rabbit店,8,脉动青柠,饮料,3,50.6,0,151.8,银行卡,小赵,否
2382,2026-09-21,07:53,S04,Shiba店,14,奥利奥原味,零食,1,11.6,0,11.6,现金,小赵,否
3535,2026-09-21,08:14,S02,Catty店,51,牙签,日用百货,5,18.3,0,91.5,微信,小王,否
3862,2026-09-21,08:14,S04,Shiba店,14,奥利奥原味,零食,2,11.6,0.1,20.88,现金,小王,否
4066,2026-09-21,08:21,S03,Rabbit店,34,金龙鱼食用油5L,粮油调味,1,45.2,0,45.2,会员储值,小李,否
4002,2026-09-21,08:24,S02,Catty店,36,海天生抽,粮油调味,3,31.2,0.1,84.24,现金,小赵,否
3458,2026-09-21,08:29,S04,Shiba店,35,福临门大米5kg,粮油调味,3,31.8,0.1,85.86,微信,小陈,是
14,2026-09-21,08:30,S01,Bear店,56,鸡蛋30枚,生鲜,4,23.1,0,92.4,支付宝,小赵,否
1911,2026-09-21,08:32,S01,Bear店,25,伊利纯牛奶250ml,乳制品,4,47.9,0,191.6,银行卡,小王,否
2185,2026-09-21,08:46,S04,Shiba店,43,维达卷纸,日用百货,1,23.6,0,23.6,会员储值,小刘,是
2501,2026-09-21,08:48,S03,Rabbit店,11,维他柠檬茶,饮料,5,52.8,0,264,会员储值,小李,否
656,2026-09-21,08:49,S04,Shiba店,35,福临门大米5kg,粮油调味,4,31.8,0,127.2,微信,小王,是
3795,2026-09-21,08:50,S01,Bear店,2,农夫山泉550ml,饮料,5,57,0,285,支付宝,小张,否
2265,2026-09-21,08:54,S02,Catty店,13,乐事薯片原味,零食,3,59.6,0,178.8,现金,小陈,否
2719,2026-09-21,09:04,S04,Shiba店,62,西兰花,生鲜,5,40.8,0.1,183.6,微信,小张,是
3210,2026-09-21,09:06,S01,Bear店,38,老干妈辣椒酱,粮油调味,5,39.4,0,197,银行卡,小赵,是
390,2026-09-21,09:10,S04,Shiba店,14,奥利奥原味,零食,1,11.6,0,11.6,现金,小赵,否
3987,2026-09-21,09:13,S02,Catty店,33,德亚全脂牛奶,乳制品,3,2.6,0,7.8,银行卡,小李,是
2690,2026-09-21,09:18,S04,Shiba店,4,东方树叶乌龙茶,饮料,1,49.8,0,49.8,现金,小李,是
341,2026-09-21,09:19,S03,Rabbit店,2,农夫山泉550ml,饮料,1,57,0,57,微信,小赵,否
3052,2026-09-21,09:32,S02,Catty店,2,农夫山泉550ml,饮料,2,57,0,114,微信,小李,是
359,2026-09-21,09:44,S01,Bear店,15,旺旺雪饼,零食,5,33.4,0,167,支付宝,小张,否
379,2026-09-21,09:44,S01,Bear店,70,便当盒饭,熟食烘焙,1,28.5,0,28.5,支付宝,小王,是
1590,2026-09-21,09:49,S02,Catty店,12,依云矿泉水,饮料,2,28.5,0.1,51.3,支付宝,小赵,否
822,2026-09-21,09:58,S02,Catty店,53,黄瓜,生鲜,5,45.7,0.15,194.22,银行卡,小陈,否
3542,2026-09-21,10:02,S04,Shiba店,11,维他柠檬茶,饮料,5,52.8,0,264,微信,小王,否
3217,2026-09-21,10:09,S04,Shiba店,33,德亚全脂牛奶,乳制品,2,2.6,0.1,4.68,支付宝,小陈,是
1167,2026-09-21,10:19,S03,Rabbit店,13,乐事薯片原味,零食,1,59.6,0,59.6,现金,小刘,是
3935,2026-09-21,10:24,S03,Rabbit店,20,士力架花生,零食,2,47.6,0.1,85.68,支付宝,小张,否
640,2026-09-21,10:39,S03,Rabbit店,77,RIO鸡尾酒,酒水,1,29,0,29,会员储值,小李,否
100,2026-09-21,10:41,S03,Rabbit店,21,德芙丝滑巧克力,零食,4,23.2,0,92.8,现金,小赵,否
3294,2026-09-21,10:42,S03,Rabbit店,47,垃圾袋50只,日用百货,3,2.1,0,6.3,会员储值,小王,是
1344,2026-09-21,10:55,S02,Catty店,10,康师傅冰红茶,饮料,5,34.3,0.1,154.35,支付宝,小张,否
370,2026-09-21,10:58,S04,Shiba店,17,恰恰香瓜子,零食,3,26.2,0,78.6,现金,小陈,否
3373,2026-09-21,11:04,S03,Rabbit店,76,江小白,酒水,1,49.1,0.1,44.19,银行卡,小张,否
48,2026-09-21,11:06,S02,Catty店,60,土豆,生鲜,4,24.3,0,97.2,会员储值,小张,是
3989,2026-09-21,11:13,S03,Rabbit店,70,便当盒饭,熟食烘焙,4,28.5,0,114,会员储值,小李,是
335,2026-09-21,11:17,S01,Bear店,20,士力架花生,零食,5,47.6,0,238,微信,小李,否
1734,2026-09-21,11:17,S04,Shiba店,42,清风抽纸3层,日用百货,5,37.8,0,189,会员储值,小王,否
2636,2026-09-21,11:25,S04,Shiba店,62,西兰花,生鲜,4,40.8,0.1,146.88,现金,小赵,否
1207,2026-09-21,11:37,S04,Shiba店,26,蒙牛特仑苏,乳制品,4,29.2,0.1,105.12,会员储值,小王,否
1016,2026-09-21,11:38,S03,Rabbit店,20,士力架花生,零食,3,47.6,0,142.8,支付宝,小李,是
3431,2026-09-21,11:41,S02,Catty店,3,元气森林气泡水,饮料,4,24.4,0,97.6,微信,小王,否
1150,2026-09-21,11:44,S02,Catty店,2,农夫山泉550ml,饮料,5,57,0,285,现金,小陈,否
3765,2026-09-21,11:55,S02,Catty店,74,牛栏山二锅头,酒水,2,59.6,0.1,107.28,会员储值,小张,否
1274,2026-09-21,12:00,S03,Rabbit店,56,鸡蛋30枚,生鲜,4,23.1,0.15,78.54,支付宝,小刘,否
1259,2026-09-21,12:42,S03,Rabbit店,83,冻青豆玉米,冷冻食品,3,59.5,0,178.5,银行卡,小陈,否
2721,2026-09-21,13:18,S03,Rabbit店,81,和路雪甜筒,冷冻食品,2,39.7,0,79.4,会员储值,小陈,否
138,2026-09-21,13:44,S01,Bear店,25,伊利纯牛奶250ml,乳制品,4,47.9,0,191.6,会员储值,小张,否
509,2026-09-21,13:48,S03,Rabbit店,14,奥利奥原味,零食,4,11.6,0,46.4,微信,小王,否
752,2026-09-21,13:58,S03,Rabbit店,44,蓝月亮洗衣液,日用百货,2,12.3,0.1,22.14,银行卡,小李,否
1586,2026-09-21,14:04,S01,Bear店,64,鲜肉包子,熟食烘焙,3,6,0.15,15.3,银行卡,小李,否
480,2026-09-21,14:13,S01,Bear店,40,食用盐500g,粮油调味,1,55.7,0,55.7,银行卡,小陈,是
3394,2026-09-21,14:16,S02,Catty店,62,西兰花,生鲜,2,40.8,0.15,69.36,会员储值,小陈,否
3683,2026-09-21,14:18,S01,Bear店,49,保鲜膜,日用百货,2,50.2,0.1,90.36,支付宝,小刘,否
1967,2026-09-21,14:22,S01,Bear店,66,关东煮,熟食烘焙,5,24.5,0,122.5,微信,小张,是
1003,2026-09-21,14:40,S02,Catty店,77,RIO鸡尾酒,酒水,4,29,0,116,现金,小王,否
1533,2026-09-21,14:41,S02,Catty店,4,东方树叶乌龙茶,饮料,5,49.8,0,249,微信,小张,否
623,2026-09-21,14:45,S04,Shiba店,68,蛋挞,熟食烘焙,3,35.8,0.15,91.29,微信,小李,否
3320,2026-09-21,14:45,S02,Catty店,66,关东煮,熟食烘焙,3,24.5,0.15,62.48,现金,小李,否
2037,2026-09-21,14:56,S01,Bear店,26,蒙牛特仑苏,乳制品,2,29.2,0,58.4,银行卡,小刘,否
2273,2026-09-21,15:02,S04,Shiba店,54,苹果,生鲜,1,21.1,0,21.1,会员储值,小王,否
2941,2026-09-21,15:12,S01,Bear店,29,养乐多5连瓶,乳制品,3,39.4,0,118.2,支付宝,小李,否
3496,2026-09-21,15:17,S01,Bear店,81,和路雪甜筒,冷冻食品,5,39.7,0.1,178.65,现金,小陈,否
3930,2026-09-21,15:18,S03,Rabbit店,45,舒肤佳香皂,日用百货,5,12.6,0,63,支付宝,小刘,否
851,2026-09-21,15:22,S04,Shiba店,14,奥利奥原味,零食,4,11.6,0.1,41.76,微信,小张,否
2167,2026-09-21,15:22,S04,Shiba店,3,元气森林气泡水,饮料,4,24.4,0.1,87.84,现金,小张,是
1322,2026-09-21,15:27,S03,Rabbit店,69,炸鸡腿,熟食烘焙,3,45.1,0,135.3,银行卡,小李,否
401,2026-09-21,15:29,S01,Bear店,56,鸡蛋30枚,生鲜,4,23.1,0,92.4,支付宝,小张,否
2473,2026-09-21,15:31,S01,Bear店,31,旺仔牛奶,乳制品,1,24.4,0,24.4,现金,小王,是
2712,2026-09-21,15:38,S01,Bear店,9,红牛250ml,饮料,5,26.3,0,131.5,微信,小王,否
3055,2026-09-21,15:46,S02,Catty店,72,青岛啤酒500ml,酒水,1,58.2,0,58.2,银行卡,小王,否
2837,2026-09-21,15:47,S02,Catty店,49,保鲜膜,日用百货,5,50.2,0.1,225.9,银行卡,小陈,否
1277,2026-09-21,15:49,S03,Rabbit店,22,洽洽小黄袋,零食,2,50.2,0,100.4,银行卡,小刘,是
789,2026-09-21,15:54,S01,Bear店,35,福临门大米5kg,粮油调味,4,31.8,0,127.2,微信,小陈,否
1025,2026-09-21,16:13,S04,Shiba店,60,土豆,生鲜,1,24.3,0,24.3,会员储值,小赵,否
3060,2026-09-21,16:25,S03,Rabbit店,64,鲜肉包子,熟食烘焙,4,6,0.1,21.6,银行卡,小王,否
3077,2026-09-21,16:25,S04,Shiba店,45,舒肤佳香皂,日用百货,1,12.6,0,12.6,现金,小陈,否
578,2026-09-21,16:38,S03,Rabbit店,68,蛋挞,熟食烘焙,1,35.8,0,35.8,银行卡,小李,否
711,2026-09-21,16:41,S01,Bear店,6,美汁源果粒橙,饮料,4,28.8,0.1,103.68,银行卡,小张,否
707,2026-09-21,16:49,S01,Bear店,38,老干妈辣椒酱,粮油调味,4,39.4,0,157.6,微信,小张,是
2948,2026-09-21,16:53,S04,Shiba店,12,依云矿泉水,饮料,3,28.5,0,85.5,现金,小张,否
2730,2026-09-21,16:57,S01,Bear店,77,RIO鸡尾酒,酒水,3,29,0,87,会员储值,小刘,是
1975,2026-09-21,17:06,S01,Bear店,44,蓝月亮洗衣液,日用百货,5,12.3,0,61.5,微信,小赵,是
3429,2026-09-21,17:12,S02,Catty店,1,可口可乐330ml,饮料,3,9.2,0,27.6,现金,小刘,否
1516,2026-09-21,17:20,S02,Catty店,22,洽洽小黄袋,零食,3,50.2,0.1,135.54,银行卡,小刘,否
2919,2026-09-21,17:22,S01,Bear店,8,脉动青柠,饮料,2,50.6,0,101.2,会员储值,小李,否
3119,2026-09-21,17:27,S03,Rabbit店,42,清风抽纸3层,日用百货,1,37.8,0.1,34.02,支付宝,小李,否
922,2026-09-21,17:51,S04,Shiba店,64,鲜肉包子,熟食烘焙,3,6,0.15,15.3,微信,小王,否
808,2026-09-21,17:52,S03,Rabbit店,50,电池5号,日用百货,5,36.6,0,183,微信,小赵,否
82,2026-09-21,18:09,S01,Bear店,48,洗碗海绵,日用百货,1,37.5,0,37.5,会员储值,小李,是
648,2026-09-21,18:09,S02,Catty店,44,蓝月亮洗衣液,日用百货,4,12.3,0.1,44.28,银行卡,小刘,是
1434,2026-09-21,18:14,S01,Bear店,72,青岛啤酒500ml,酒水,2,58.2,0,116.4,支付宝,小张,否
3095,2026-09-21,18:27,S02,Catty店,56,鸡蛋30枚,生鲜,3,23.1,0,69.3,会员储值,小张,否
3100,2026-09-21,18:29,S04,Shiba店,67,面包吐司,熟食烘焙,4,15.9,0,63.6,支付宝,小张,否
3302,2026-09-21,18:30,S01,Bear店,47,垃圾袋50只,日用百货,4,2.1,0,8.4,微信,小王,否
1352,2026-09-21,18:32,S02,Catty店,59,鲈鱼,生鲜,3,39.1,0,117.3,微信,小陈,是
345,2026-09-21,18:58,S03,Rabbit店,81,和路雪甜筒,冷冻食品,4,39.7,0,158.8,会员储值,小王,否
2728,2026-09-21,18:58,S01,Bear店,66,关东煮,熟食烘焙,2,24.5,0.1,44.1,现金,小陈,否
260,2026-09-21,19:01,S02,Catty店,35,福临门大米5kg,粮油调味,4,31.8,0,127.2,现金,小陈,是
747,2026-09-21,19:02,S01,Bear店,55,香蕉,生鲜,3,10.8,0.1,29.16,微信,小李,否
1531,2026-09-21,19:03,S01,Bear店,28,安慕希酸奶,乳制品,5,45.3,0.1,203.85,支付宝,小王,否
2732,2026-09-21,19:03,S03,Rabbit店,81,和路雪甜筒,冷冻食品,1,39.7,0,39.7,支付宝,小王,否
265,2026-09-21,19:16,S04,Shiba店,61,胡萝卜,生鲜,1,56,0,56,支付宝,小赵,否
2557,2026-09-21,19:27,S04,Shiba店,78,湾仔码头水饺,冷冻食品,4,11.2,0,44.8,会员储值,小刘,是
78,2026-09-21,19:28,S02,Catty店,38,老干妈辣椒酱,粮油调味,3,39.4,0,118.2,支付宝,小赵,否
368,2026-09-21,19:30,S03,Rabbit店,35,福临门大米5kg,粮油调味,4,31.8,0,127.2,银行卡,小刘,是
2442,2026-09-21,19:34,S03,Rabbit店,66,关东煮,熟食烘焙,5,24.5,0,122.5,会员储值,小刘,否
94,2026-09-21,19:41,S04,Shiba店,81,和路雪甜筒,冷冻食品,2,39.7,0,79.4,会员储值,小张,否
3068,2026-09-21,19:41,S04,Shiba店,7,椰树椰汁,饮料,3,32,0,96,现金,小赵,否
419,2026-09-21,19:44,S02,Catty店,81,和路雪甜筒,冷冻食品,4,39.7,0,158.8,现金,小王,否
1115,2026-09-21,19:50,S02,Catty店,35,福临门大米5kg,粮油调味,1,31.8,0.1,28.62,微信,小张,否
292,2026-09-21,20:01,S01,Bear店,16,卫龙辣条,零食,3,29.4,0,88.2,支付宝,小陈,否
1002,2026-09-21,20:06,S02,Catty店,71,三明治,熟食烘焙,5,40.7,0,203.5,会员储值,小李,否
3757,2026-09-21,20:06,S01,Bear店,82,冻薯条,冷冻食品,2,37.3,0,74.6,会员储值,小赵,是
1882,2026-09-21,20:10,S03,Rabbit店,44,蓝月亮洗衣液,日用百货,1,12.3,0,12.3,微信,小陈,是
4097,2026-09-21,20:12,S04,Shiba店,46,高露洁牙膏,日用百货,1,53.4,0,53.4,会员储值,小王,否
1107,2026-09-21,20:22,S01,Bear店,50,电池5号,日用百货,2,36.6,0,73.2,现金,小张,是
3479,2026-09-21,20:33,S01,Bear店,63,草莓,生鲜,2,23.3,0.1,41.94,微信,小张,否
1905,2026-09-21,20:41,S01,Bear店,59,鲈鱼,生鲜,1,39.1,0,39.1,支付宝,小陈,否
4149,2026-09-21,20:49,S04,Shiba店,68,蛋挞,熟食烘焙,1,35.8,0.1,32.22,支付宝,小张,是
1864,2026-09-21,20:50,S03,Rabbit店,66,关东煮,熟食烘焙,2,24.5,0.15,41.65,支付宝,小李,否
2715,2026-09-21,20:53,S02,Catty店,45,舒肤佳香皂,日用百货,2,12.6,0,25.2,微信,小张,否
3850,2026-09-21,21:22,S01,Bear店,26,蒙牛特仑苏,乳制品,5,29.2,0,146,会员储值,小李,否
2139,2026-09-21,21:49,S03,Rabbit店,11,维他柠檬茶,饮料,1,52.8,0,52.8,支付宝,小陈,否
2727,2026-09-21,21:49,S04,Shiba店,79,思念汤圆,冷冻食品,5,54.9,0,274.5,支付宝,小刘,是
3221,2026-09-21,22:01,S03,Rabbit店,64,鲜肉包子,熟食烘焙,3,6,0,18,现金,小王,否
2420,2026-09-21,22:02,S04,Shiba店,37,太太乐鸡精,粮油调味,2,34.2,0,68.4,微信,小王,是
3282,2026-09-21,22:13,S03,Rabbit店,17,恰恰香瓜子,零食,4,26.2,0.1,94.32,微信,小张,否
3340,2026-09-21,22:14,S01,Bear店,4,东方树叶乌龙茶,饮料,4,49.8,0,199.2,会员储值,小刘,是
873,2026-09-21,22:15,S02,Catty店,26,蒙牛特仑苏,乳制品,1,29.2,0,29.2,银行卡,小赵,否
2892,2026-09-21,22:28,S03,Rabbit店,10,康师傅冰红茶,饮料,3,34.3,0,102.9,现金,小张,是
603,2026-09-21,22:34,S04,Shiba店,50,电池5号,日用百货,5,36.6,0,183,微信,小王,否
1564,2026-09-21,22:37,S03,Rabbit店,10,康师傅冰红茶,饮料,1,34.3,0,34.3,支付宝,小刘,是
3120,2026-09-21,22:57,S02,Catty店,77,RIO鸡尾酒,酒水,4,29,0,116,会员储值,小陈,否
380,2026-09-22,07:35,S01,Bear店,56,鸡蛋30枚,生鲜,3,23.1,0,69.3,支付宝,小刘,是
2286,2026-09-22,07:49,S04,Shiba店,56,鸡蛋30枚,生鲜,2,23.1,0,46.2,支付宝,小赵,否
2016,2026-09-22,07:53,S03,Rabbit店,18,好丽友巧克力派,零食,5,12.1,0,60.5,支付宝,小刘,否
579,2026-09-22,08:21,S03,Rabbit店,80,雀巢冰淇淋,冷冻食品,4,11.6,0.1,41.76,现金,小陈,否
3437,2026-09-22,08:32,S01,Bear店,58,鸡胸肉,生鲜,3,39.7,0.1,107.19,微信,小张,否
2052,2026-09-22,08:35,S02,Catty店,46,高露洁牙膏,日用百货,4,53.4,0,213.6,银行卡,小李,否
243,2026-09-22,09:08,S02,Catty店,50,电池5号,日用百货,5,36.6,0,183,微信,小张,否
2643,2026-09-22,09:17,S03,Rabbit店,42,清风抽纸3层,日用百货,4,37.8,0,151.2,银行卡,小张,否
1541,2026-09-22,09:18,S02,Catty店,29,养乐多5连瓶,乳制品,2,39.4,0,78.8,会员储值,小王,是
1124,2026-09-22,09:23,S03,Rabbit店,82,冻薯条,冷冻食品,3,37.3,0.1,100.71,会员储值,小刘,否
1808,2026-09-22,09:24,S01,Bear店,52,本地西红柿,生鲜,2,43.2,0.1,77.76,现金,小张,是
2729,2026-09-22,09:40,S01,Bear店,30,简爱酸奶,乳制品,1,15.7,0.1,14.13,银行卡,小张,否
3647,2026-09-22,09:51,S03,Rabbit店,59,鲈鱼,生鲜,4,39.1,0.15,132.94,支付宝,小李,否
3791,2026-09-22,10:07,S01,Bear店,54,苹果,生鲜,5,21.1,0,105.5,支付宝,小刘,否
386,2026-09-22,10:09,S01,Bear店,15,旺旺雪饼,零食,3,33.4,0,100.2,银行卡,小李,否
1289,2026-09-22,10:11,S04,Shiba店,10,康师傅冰红茶,饮料,1,34.3,0,34.3,微信,小陈,是
2140,2026-09-22,10:20,S01,Bear店,1,可口可乐330ml,饮料,3,9.2,0,27.6,微信,小赵,否
4094,2026-09-22,10:23,S04,Shiba店,56,鸡蛋30枚,生鲜,4,23.1,0,92.4,会员储值,小王,否
652,2026-09-22,10:24,S04,Shiba店,33,德亚全脂牛奶,乳制品,1,2.6,0,2.6,会员储值,小王,否
3640,2026-09-22,10:37,S02,Catty店,2,农夫山泉550ml,饮料,3,57,0,171,支付宝,小赵,否
1583,2026-09-22,10:39,S04,Shiba店,70,便当盒饭,熟食烘焙,1,28.5,0,28.5,现金,小赵,是
1510,2026-09-22,10:54,S04,Shiba店,63,草莓,生鲜,3,23.3,0.1,62.91,现金,小张,是
2625,2026-09-22,10:59,S04,Shiba店,16,卫龙辣条,零食,5,29.4,0,147,微信,小赵,否
3892,2026-09-22,11:06,S02,Catty店,71,三明治,熟食烘焙,4,40.7,0,162.8,银行卡,小王,否
2495,2026-09-22,11:08,S02,Catty店,67,面包吐司,熟食烘焙,1,15.9,0,15.9,现金,小张,否
1523,2026-09-22,11:13,S04,Shiba店,8,脉动青柠,饮料,5,50.6,0.1,227.7,支付宝,小张,否
3343,2026-09-22,11:18,S02,Catty店,29,养乐多5连瓶,乳制品,4,39.4,0,157.6,会员储值,小赵,否
1298,2026-09-22,11:20,S04,Shiba店,63,草莓,生鲜,1,23.3,0.15,19.8,现金,小李,否
1868,2026-09-22,11:20,S04,Shiba店,72,青岛啤酒500ml,酒水,3,58.2,0.1,157.14,微信,小陈,是
2128,2026-09-22,11:23,S03,Rabbit店,26,蒙牛特仑苏,乳制品,4,29.2,0,116.8,现金,小赵,是
3263,2026-09-22,11:47,S02,Catty店,79,思念汤圆,冷冻食品,5,54.9,0.1,247.05,银行卡,小李,否
3585,2026-09-22,11:49,S02,Catty店,40,食用盐500g,粮油调味,4,55.7,0,222.8,支付宝,小王,否
1489,2026-09-22,11:50,S03,Rabbit店,28,安慕希酸奶,乳制品,5,45.3,0.1,203.85,会员储值,小张,是
3370,2026-09-22,11:58,S03,Rabbit店,76,江小白,酒水,4,49.1,0.1,176.76,现金,小陈,否
3189,2026-09-22,12:02,S04,Shiba店,15,旺旺雪饼,零食,4,33.4,0.1,120.24,现金,小张,否
2537,2026-09-22,12:09,S04,Shiba店,62,西兰花,生鲜,2,40.8,0,81.6,银行卡,小陈,否
943,2026-09-22,12:13,S02,Catty店,34,金龙鱼食用油5L,粮油调味,2,45.2,0,90.4,微信,小陈,否
2518,2026-09-22,12:15,S04,Shiba店,52,本地西红柿,生鲜,1,43.2,0,43.2,银行卡,小赵,否
261,2026-09-22,12:17,S03,Rabbit店,66,关东煮,熟食烘焙,4,24.5,0,98,微信,小王,否
2889,2026-09-22,12:19,S02,Catty店,62,西兰花,生鲜,1,40.8,0.1,36.72,现金,小王,否
2579,2026-09-22,12:32,S02,Catty店,61,胡萝卜,生鲜,5,56,0.1,252,现金,小王,否
1771,2026-09-22,12:38,S02,Catty店,23,比比赞面包,零食,3,65,0,195,微信,小刘,否
3713,2026-09-22,12:45,S02,Catty店,82,冻薯条,冷冻食品,5,37.3,0.1,167.85,支付宝,小李,否
1643,2026-09-22,12:51,S01,Bear店,22,洽洽小黄袋,零食,1,50.2,0.1,45.18,银行卡,小刘,否
1013,2026-09-22,12:52,S01,Bear店,10,康师傅冰红茶,饮料,5,34.3,0.1,154.35,支付宝,小李,否
411,2026-09-22,12:57,S02,Catty店,25,伊利纯牛奶250ml,乳制品,1,47.9,0,47.9,会员储值,小李,否
967,2026-09-22,13:00,S03,Rabbit店,69,炸鸡腿,熟食烘焙,4,45.1,0.15,153.34,微信,小王,否
4093,2026-09-22,13:03,S03,Rabbit店,31,旺仔牛奶,乳制品,1,24.4,0.1,21.96,微信,小赵,否
1310,2026-09-22,13:20,S03,Rabbit店,14,奥利奥原味,零食,5,11.6,0,58,微信,小张,否
3684,2026-09-22,13:26,S02,Catty店,82,冻薯条,冷冻食品,2,37.3,0.1,67.14,支付宝,小张,否
140,2026-09-22,13:49,S04,Shiba店,7,椰树椰汁,饮料,3,32,0,96,银行卡,小张,是
1737,2026-09-22,13:57,S01,Bear店,3,元气森林气泡水,饮料,2,24.4,0,48.8,微信,小陈,否
457,2026-09-22,13:58,S02,Catty店,34,金龙鱼食用油5L,粮油调味,1,45.2,0,45.2,银行卡,小王,否
1331,2026-09-22,14:10,S03,Rabbit店,27,光明鲜牛奶,乳制品,1,8.1,0,8.1,现金,小刘,否
1497,2026-09-22,14:13,S03,Rabbit店,81,和路雪甜筒,冷冻食品,1,39.7,0,39.7,会员储值,小刘,否
3660,2026-09-22,14:28,S04,Shiba店,16,卫龙辣条,零食,3,29.4,0,88.2,银行卡,小王,是
1632,2026-09-22,14:31,S04,Shiba店,76,江小白,酒水,1,49.1,0.1,44.19,支付宝,小赵,否
1983,2026-09-22,14:37,S03,Rabbit店,79,思念汤圆,冷冻食品,3,54.9,0,164.7,银行卡,小张,是
2319,2026-09-22,14:40,S03,Rabbit店,6,美汁源果粒橙,饮料,2,28.8,0,57.6,现金,小陈,否
409,2026-09-22,15:16,S03,Rabbit店,5,王老吉罐装,饮料,2,24.6,0,49.2,会员储值,小王,否
3672,2026-09-22,15:19,S01,Bear店,24,上好佳鲜虾片,零食,3,17.9,0,53.7,微信,小李,否
602,2026-09-22,15:24,S04,Shiba店,9,红牛250ml,饮料,1,26.3,0,26.3,现金,小陈,否
2198,2026-09-22,15:47,S04,Shiba店,60,土豆,生鲜,1,24.3,0,24.3,微信,小赵,是
434,2026-09-22,15:48,S02,Catty店,69,炸鸡腿,熟食烘焙,4,45.1,0.15,153.34,微信,小李,否
1101,2026-09-22,15:50,S01,Bear店,40,食用盐500g,粮油调味,2,55.7,0.1,100.26,支付宝,小张,是
3562,2026-09-22,16:00,S04,Shiba店,23,比比赞面包,零食,3,65,0,195,现金,小赵,否
2056,2026-09-22,16:05,S01,Bear店,8,脉动青柠,饮料,2,50.6,0,101.2,会员储值,小张,是
2937,2026-09-22,16:06,S04,Shiba店,42,清风抽纸3层,日用百货,1,37.8,0,37.8,支付宝,小李,否
2678,2026-09-22,16:09,S02,Catty店,22,洽洽小黄袋,零食,2,50.2,0,100.4,支付宝,小陈,否
2816,2026-09-22,16:10,S04,Shiba店,77,RIO鸡尾酒,酒水,3,29,0.1,78.3,微信,小王,否
2698,2026-09-22,16:30,S01,Bear店,13,乐事薯片原味,零食,2,59.6,0,119.2,银行卡,小陈,否
2753,2026-09-22,16:36,S04,Shiba店,53,黄瓜,生鲜,2,45.7,0.15,77.69,微信,小李,否
3473,2026-09-22,16:46,S02,Catty店,69,炸鸡腿,熟食烘焙,1,45.1,0,45.1,会员储值,小刘,否
3571,2026-09-22,16:48,S04,Shiba店,63,草莓,生鲜,5,23.3,0.15,99.02,微信,小陈,否
1757,2026-09-22,16:52,S03,Rabbit店,80,雀巢冰淇淋,冷冻食品,4,11.6,0,46.4,微信,小陈,是
1173,2026-09-22,16:58,S01,Bear店,18,好丽友巧克力派,零食,5,12.1,0,60.5,会员储值,小刘,否
4130,2026-09-22,17:00,S01,Bear店,75,长城干红,酒水,1,54.3,0,54.3,会员储值,小赵,否
3606,2026-09-22,17:02,S04,Shiba店,21,德芙丝滑巧克力,零食,1,23.2,0,23.2,会员储值,小陈,是
3805,2026-09-22,17:11,S01,Bear店,26,蒙牛特仑苏,乳制品,5,29.2,0,146,银行卡,小赵,否
810,2026-09-22,17:17,S04,Shiba店,55,香蕉,生鲜,5,10.8,0,54,微信,小陈,否
313,2026-09-22,17:18,S03,Rabbit店,70,便当盒饭,熟食烘焙,5,28.5,0,142.5,会员储值,小陈,否
1075,2026-09-22,17:18,S04,Shiba店,30,简爱酸奶,乳制品,3,15.7,0,47.1,微信,小张,否
3734,2026-09-22,17:32,S02,Catty店,43,维达卷纸,日用百货,1,23.6,0,23.6,银行卡,小刘,否
1333,2026-09-22,17:53,S01,Bear店,18,好丽友巧克力派,零食,1,12.1,0.1,10.89,微信,小陈,否
2558,2026-09-22,17:56,S02,Catty店,16,卫龙辣条,零食,4,29.4,0,117.6,支付宝,小王,否
591,2026-09-22,18:02,S01,Bear店,40,食用盐500g,粮油调味,2,55.7,0,111.4,银行卡,小赵,否
3746,2026-09-22,18:04,S01,Bear店,25,伊利纯牛奶250ml,乳制品,3,47.9,0.1,129.33,会员储值,小张,否
136,2026-09-22,18:05,S03,Rabbit店,64,鲜肉包子,熟食烘焙,3,6,0,18,会员储值,小刘,否
2352,2026-09-22,18:13,S02,Catty店,71,三明治,熟食烘焙,4,40.7,0,162.8,会员储值,小李,是
2511,2026-09-22,18:19,S01,Bear店,51,牙签,日用百货,2,18.3,0,36.6,会员储值,小王,是
2875,2026-09-22,18:19,S01,Bear店,59,鲈鱼,生鲜,4,39.1,0,156.4,会员储值,小赵,否
740,2026-09-22,18:28,S02,Catty店,18,好丽友巧克力派,零食,3,12.1,0.1,32.67,银行卡,小张,否
2029,2026-09-22,18:32,S02,Catty店,46,高露洁牙膏,日用百货,2,53.4,0,106.8,微信,小赵,否
3503,2026-09-22,18:35,S04,Shiba店,59,鲈鱼,生鲜,4,39.1,0,156.4,会员储值,小王,否
3879,2026-09-22,18:43,S02,Catty店,60,土豆,生鲜,4,24.3,0,97.2,支付宝,小张,否
1071,2026-09-22,18:44,S02,Catty店,11,维他柠檬茶,饮料,1,52.8,0,52.8,支付宝,小李,否
1449,2026-09-22,18:46,S03,Rabbit店,58,鸡胸肉,生鲜,1,39.7,0,39.7,微信,小刘,否
889,2026-09-22,18:47,S03,Rabbit店,10,康师傅冰红茶,饮料,3,34.3,0.1,92.61,支付宝,小王,否
3572,2026-09-22,18:47,S02,Catty店,23,比比赞面包,零食,2,65,0,130,会员储值,小陈,否
2845,2026-09-22,19:01,S02,Catty店,62,西兰花,生鲜,4,40.8,0.15,138.72,银行卡,小陈,否
3760,2026-09-22,19:01,S01,Bear店,18,好丽友巧克力派,零食,3,12.1,0,36.3,支付宝,小陈,否
3182,2026-09-22,19:13,S04,Shiba店,66,关东煮,熟食烘焙,3,24.5,0,73.5,支付宝,小张,否
3596,2026-09-22,19:15,S03,Rabbit店,7,椰树椰汁,饮料,3,32,0.1,86.4,现金,小张,是
322,2026-09-22,19:19,S02,Catty店,66,关东煮,熟食烘焙,4,24.5,0,98,支付宝,小赵,否
3327,2026-09-22,19:26,S04,Shiba店,62,西兰花,生鲜,3,40.8,0,122.4,现金,小刘,是
1228,2026-09-22,19:40,S04,Shiba店,77,RIO鸡尾酒,酒水,2,29,0,58,现金,小陈,否
1700,2026-09-22,19:41,S02,Catty店,32,奶酪棒,乳制品,2,28.7,0,57.4,会员储值,小李,否
155,2026-09-22,19:43,S04,Shiba店,37,太太乐鸡精,粮油调味,2,34.2,0,68.4,支付宝,小陈,否
3364,2026-09-22,19:44,S03,Rabbit店,10,康师傅冰红茶,饮料,3,34.3,0,102.9,银行卡,小李,是
4087,2026-09-22,19:44,S02,Catty店,21,德芙丝滑巧克力,零食,3,23.2,0,69.6,银行卡,小李,否
4109,2026-09-22,19:45,S03,Rabbit店,67,面包吐司,熟食烘焙,3,15.9,0,47.7,支付宝,小刘,否
1811,2026-09-22,19:46,S02,Catty店,5,王老吉罐装,饮料,3,24.6,0.1,66.42,银行卡,小王,否
3227,2026-09-22,19:46,S04,Shiba店,1,可口可乐330ml,饮料,5,9.2,0,46,现金,小李,否
2666,2026-09-22,19:51,S01,Bear店,75,长城干红,酒水,4,54.3,0,217.2,现金,小李,否
1022,2026-09-22,19:52,S03,Rabbit店,50,电池5号,日用百货,2,36.6,0,73.2,会员储值,小刘,否
2780,2026-09-22,19:58,S02,Catty店,6,美汁源果粒橙,饮料,4,28.8,0,115.2,银行卡,小李,否
2554,2026-09-22,20:21,S02,Catty店,82,冻薯条,冷冻食品,3,37.3,0,111.9,银行卡,小陈,否
3508,2026-09-22,20:22,S02,Catty店,49,保鲜膜,日用百货,2,50.2,0,100.4,现金,小赵,否
939,2026-09-22,20:27,S01,Bear店,14,奥利奥原味,零食,4,11.6,0.1,41.76,微信,小张,否
1835,2026-09-22,20:37,S02,Catty店,11,维他柠檬茶,饮料,2,52.8,0,105.6,现金,小刘,否
343,2026-09-22,20:39,S02,Catty店,44,蓝月亮洗衣液,日用百货,3,12.3,0,36.9,现金,小陈,否
774,2026-09-22,21:00,S02,Catty店,21,德芙丝滑巧克力,零食,3,23.2,0,69.6,会员储值,小赵,否
2614,2026-09-22,21:02,S03,Rabbit店,43,维达卷纸,日用百货,2,23.6,0,47.2,现金,小赵,否
543,2026-09-22,21:07,S04,Shiba店,83,冻青豆玉米,冷冻食品,1,59.5,0,59.5,现金,小刘,否
3097,2026-09-22,21:07,S04,Shiba店,27,光明鲜牛奶,乳制品,4,8.1,0,32.4,支付宝,小赵,否
3344,2026-09-22,21:07,S04,Shiba店,8,脉动青柠,饮料,1,50.6,0,50.6,会员储值,小李,否
2826,2026-09-22,21:12,S03,Rabbit店,31,旺仔牛奶,乳制品,4,24.4,0,97.6,现金,小王,是
684,2026-09-22,21:21,S04,Shiba店,76,江小白,酒水,3,49.1,0,147.3,支付宝,小李,是
3969,2026-09-22,21:36,S04,Shiba店,22,洽洽小黄袋,零食,1,50.2,0,50.2,会员储值,小赵,否
3646,2026-09-22,21:49,S04,Shiba店,3,元气森林气泡水,饮料,4,24.4,0,97.6,银行卡,小李,否
2006,2026-09-22,21:52,S01,Bear店,41,白糖1kg,粮油调味,4,37.3,0,149.2,支付宝,小张,是
1327,2026-09-22,21:54,S04,Shiba店,75,长城干红,酒水,1,54.3,0,54.3,银行卡,小李,否
2582,2026-09-22,22:07,S02,Catty店,49,保鲜膜,日用百货,1,50.2,0.1,45.18,现金,小王,否
3205,2026-09-22,22:07,S02,Catty店,60,土豆,生鲜,1,24.3,0,24.3,支付宝,小赵,否
4198,2026-09-22,22:22,S02,Catty店,32,奶酪棒,乳制品,4,28.7,0,114.8,支付宝,小张,否
2838,2026-09-22,22:29,S01,Bear店,61,胡萝卜,生鲜,1,56,0.15,47.6,现金,小赵,否
953,2026-09-22,22:41,S03,Rabbit店,51,牙签,日用百货,3,18.3,0,54.9,银行卡,小王,是
2608,2026-09-22,22:41,S03,Rabbit店,75,长城干红,酒水,1,54.3,0,54.3,微信,小陈,是
2610,2026-09-22,22:43,S03,Rabbit店,28,安慕希酸奶,乳制品,2,45.3,0,90.6,银行卡,小赵,是
164,2026-09-22,22:48,S04,Shiba店,10,康师傅冰红茶,饮料,4,34.3,0.1,123.48,支付宝,小陈,否
3954,2026-09-22,22:54,S02,Catty店,15,旺旺雪饼,零食,4,33.4,0,133.6,微信,小李,否
2756,2026-09-22,22:59,S03,Rabbit店,58,鸡胸肉,生鲜,5,39.7,0,198.5,现金,小张,否
1858,2026-09-23,07:05,S04,Shiba店,26,蒙牛特仑苏,乳制品,5,29.2,0,146,会员储值,小赵,否
2384,2026-09-23,07:07,S03,Rabbit店,30,简爱酸奶,乳制品,1,15.7,0,15.7,现金,小王,是
836,2026-09-23,07:08,S03,Rabbit店,12,依云矿泉水,饮料,2,28.5,0,57,会员储值,小张,否
2487,2026-09-23,07:14,S04,Shiba店,73,雪花啤酒,酒水,4,35.1,0.1,126.36,微信,小王,否
449,2026-09-23,07:22,S01,Bear店,34,金龙鱼食用油5L,粮油调味,5,45.2,0,226,银行卡,小李,否
3662,2026-09-23,07:29,S01,Bear店,28,安慕希酸奶,乳制品,1,45.3,0,45.3,银行卡,小王,是
3202,2026-09-23,07:38,S03,Rabbit店,83,冻青豆玉米,冷冻食品,2,59.5,0.1,107.1,现金,小李,否
3777,2026-09-23,07:38,S01,Bear店,4,东方树叶乌龙茶,饮料,4,49.8,0,199.2,会员储值,小陈,否
4175,2026-09-23,07:39,S04,Shiba店,31,旺仔牛奶,乳制品,3,24.4,0,73.2,现金,小张,是
134,2026-09-23,07:44,S02,Catty店,1,可口可乐330ml,饮料,3,9.2,0.1,24.84,银行卡,小陈,否
1535,2026-09-23,07:56,S02,Catty店,1,可口可乐330ml,饮料,1,9.2,0,9.2,微信,小李,否
880,2026-09-23,08:22,S04,Shiba店,49,保鲜膜,日用百货,5,50.2,0,251,现金,小王,是
1733,2026-09-23,08:26,S02,Catty店,39,陈醋,粮油调味,2,15.2,0,30.4,银行卡,小王,是
1397,2026-09-23,08:32,S03,Rabbit店,53,黄瓜,生鲜,2,45.7,0,91.4,现金,小王,否
1198,2026-09-23,08:33,S03,Rabbit店,23,比比赞面包,零食,2,65,0,130,会员储值,小刘,否
1543,2026-09-23,08:37,S04,Shiba店,72,青岛啤酒500ml,酒水,4,58.2,0,232.8,会员储值,小王,否
1168,2026-09-23,08:40,S04,Shiba店,45,舒肤佳香皂,日用百货,5,12.6,0,63,支付宝,小李,否
2079,2026-09-23,08:42,S02,Catty店,25,伊利纯牛奶250ml,乳制品,1,47.9,0,47.9,支付宝,小陈,否
2858,2026-09-23,08:45,S03,Rabbit店,56,鸡蛋30枚,生鲜,1,23.1,0,23.1,现金,小王,否
3369,2026-09-23,09:02,S04,Shiba店,49,保鲜膜,日用百货,4,50.2,0,200.8,会员储值,小刘,否
3941,2026-09-23,09:02,S04,Shiba店,25,伊利纯牛奶250ml,乳制品,5,47.9,0,239.5,微信,小刘,是
4059,2026-09-23,09:06,S01,Bear店,68,蛋挞,熟食烘焙,4,35.8,0,143.2,银行卡,小王,是
2940,2026-09-23,09:07,S04,Shiba店,13,乐事薯片原味,零食,5,59.6,0,298,现金,小王,否
2841,2026-09-23,09:12,S01,Bear店,34,金龙鱼食用油5L,粮油调味,2,45.2,0,90.4,会员储值,小王,否
1325,2026-09-23,09:17,S01,Bear店,48,洗碗海绵,日用百货,4,37.5,0,150,支付宝,小陈,是
3140,2026-09-23,09:24,S02,Catty店,30,简爱酸奶,乳制品,2,15.7,0,31.4,支付宝,小张,否
1232,2026-09-23,09:27,S04,Shiba店,36,海天生抽,粮油调味,1,31.2,0,31.2,银行卡,小李,否
1883,2026-09-23,09:32,S04,Shiba店,82,冻薯条,冷冻食品,1,37.3,0.1,33.57,微信,小李,是
1948,2026-09-23,09:39,S01,Bear店,1,可口可乐330ml,饮料,3,9.2,0,27.6,会员储值,小张,否
35,2026-09-23,09:50,S04,Shiba店,57,五花肉,生鲜,1,18.2,0.15,15.47,支付宝,小刘,否
3384,2026-09-23,09:57,S02,Catty店,54,苹果,生鲜,3,21.1,0,63.3,支付宝,小陈,是
1901,2026-09-23,11:04,S04,Shiba店,4,东方树叶乌龙茶,饮料,2,49.8,0.1,89.64,微信,小李,否
3642,2026-09-23,11:06,S04,Shiba店,62,西兰花,生鲜,4,40.8,0.15,138.72,微信,小张,是
2367,2026-09-23,11:08,S01,Bear店,76,江小白,酒水,5,49.1,0,245.5,银行卡,小李,否
1422,2026-09-23,11:10,S01,Bear店,74,牛栏山二锅头,酒水,1,59.6,0,59.6,现金,小赵,否
2738,2026-09-23,11:31,S02,Catty店,74,牛栏山二锅头,酒水,5,59.6,0,298,支付宝,小李,是
3415,2026-09-23,11:38,S02,Catty店,68,蛋挞,熟食烘焙,5,35.8,0.1,161.1,银行卡,小王,否
1740,2026-09-23,11:41,S03,Rabbit店,69,炸鸡腿,熟食烘焙,3,45.1,0.1,121.77,银行卡,小李,是
1139,2026-09-23,11:46,S04,Shiba店,67,面包吐司,熟食烘焙,2,15.9,0,31.8,支付宝,小王,是
1774,2026-09-23,11:49,S02,Catty店,75,长城干红,酒水,5,54.3,0,271.5,会员储值,小王,是
1762,2026-09-23,12:05,S01,Bear店,56,鸡蛋30枚,生鲜,1,23.1,0.15,19.64,支付宝,小赵,否
3977,2026-09-23,12:18,S03,Rabbit店,80,雀巢冰淇淋,冷冻食品,5,11.6,0,58,现金,小刘,是
3913,2026-09-23,12:19,S02,Catty店,33,德亚全脂牛奶,乳制品,4,2.6,0,10.4,微信,小王,否
3539,2026-09-23,12:39,S01,Bear店,24,上好佳鲜虾片,零食,1,17.9,0,17.9,会员储值,小张,否
1209,2026-09-23,12:44,S04,Shiba店,77,RIO鸡尾酒,酒水,3,29,0,87,微信,小张,是
2862,2026-09-23,12:47,S04,Shiba店,20,士力架花生,零食,1,47.6,0,47.6,支付宝,小李,否
2155,2026-09-23,12:49,S01,Bear店,33,德亚全脂牛奶,乳制品,3,2.6,0,7.8,现金,小陈,否
3722,2026-09-23,12:50,S02,Catty店,12,依云矿泉水,饮料,1,28.5,0,28.5,现金,小刘,否
2285,2026-09-23,13:05,S03,Rabbit店,6,美汁源果粒橙,饮料,3,28.8,0,86.4,银行卡,小陈,否
2883,2026-09-23,13:06,S01,Bear店,44,蓝月亮洗衣液,日用百货,1,12.3,0,12.3,支付宝,小刘,否
642,2026-09-23,13:12,S04,Shiba店,55,香蕉,生鲜,4,10.8,0.15,36.72,现金,小张,是
3301,2026-09-23,13:18,S04,Shiba店,57,五花肉,生鲜,5,18.2,0.1,81.9,现金,小陈,否
209,2026-09-23,13:31,S01,Bear店,2,农夫山泉550ml,饮料,1,57,0,57,会员储值,小陈,是
1955,2026-09-23,13:40,S03,Rabbit店,50,电池5号,日用百货,4,36.6,0,146.4,会员储值,小刘,否
159,2026-09-23,13:52,S04,Shiba店,65,茶叶蛋,熟食烘焙,3,4.3,0,12.9,微信,小张,否
391,2026-09-23,13:53,S02,Catty店,49,保鲜膜,日用百货,1,50.2,0,50.2,现金,小王,否
1992,2026-09-23,13:56,S01,Bear店,2,农夫山泉550ml,饮料,2,57,0,114,银行卡,小李,是
3625,2026-09-23,13:57,S03,Rabbit店,2,农夫山泉550ml,饮料,5,57,0,285,微信,小张,是
2012,2026-09-23,14:02,S04,Shiba店,13,乐事薯片原味,零食,2,59.6,0,119.2,会员储值,小陈,是
3354,2026-09-23,14:10,S02,Catty店,40,食用盐500g,粮油调味,5,55.7,0,278.5,微信,小赵,是
2550,2026-09-23,14:22,S02,Catty店,8,脉动青柠,饮料,1,50.6,0,50.6,银行卡,小王,否
3258,2026-09-23,14:22,S02,Catty店,23,比比赞面包,零食,2,65,0,130,现金,小李,否
2796,2026-09-23,14:54,S04,Shiba店,69,炸鸡腿,熟食烘焙,2,45.1,0,90.2,会员储值,小王,是
932,2026-09-23,15:00,S01,Bear店,4,东方树叶乌龙茶,饮料,1,49.8,0,49.8,会员储值,小王,否
23,2026-09-23,15:07,S03,Rabbit店,54,苹果,生鲜,1,21.1,0,21.1,微信,小刘,否
1148,2026-09-23,15:08,S02,Catty店,16,卫龙辣条,零食,4,29.4,0,117.6,会员储值,小张,否
1721,2026-09-23,15:08,S03,Rabbit店,48,洗碗海绵,日用百货,3,37.5,0.1,101.25,微信,小王,否
3741,2026-09-23,15:14,S01,Bear店,39,陈醋,粮油调味,3,15.2,0,45.6,微信,小李,否
274,2026-09-23,15:16,S01,Bear店,11,维他柠檬茶,饮料,4,52.8,0,211.2,银行卡,小王,是
848,2026-09-23,15:30,S02,Catty店,49,保鲜膜,日用百货,1,50.2,0,50.2,微信,小王,否
2450,2026-09-23,15:45,S02,Catty店,40,食用盐500g,粮油调味,1,55.7,0,55.7,会员储值,小陈,是
4145,2026-09-23,15:51,S01,Bear店,46,高露洁牙膏,日用百货,4,53.4,0,213.6,银行卡,小李,否
3549,2026-09-23,15:57,S03,Rabbit店,52,本地西红柿,生鲜,4,43.2,0.15,146.88,现金,小刘,否
3774,2026-09-23,16:06,S01,Bear店,22,洽洽小黄袋,零食,3,50.2,0.1,135.54,微信,小张,否
43,2026-09-23,16:09,S02,Catty店,2,农夫山泉550ml,饮料,5,57,0,285,支付宝,小陈,否
17,2026-09-23,16:11,S02,Catty店,51,牙签,日用百货,2,18.3,0,36.6,现金,小张,否
1871,2026-09-23,16:16,S01,Bear店,56,鸡蛋30枚,生鲜,3,23.1,0,69.3,现金,小陈,否
1624,2026-09-23,16:20,S02,Catty店,33,德亚全脂牛奶,乳制品,1,2.6,0,2.6,现金,小张,是
3154,2026-09-23,16:33,S01,Bear店,75,长城干红,酒水,3,54.3,0,162.9,微信,小李,是
2084,2026-09-23,16:38,S04,Shiba店,77,RIO鸡尾酒,酒水,1,29,0,29,支付宝,小陈,否
1278,2026-09-23,16:45,S01,Bear店,6,美汁源果粒橙,饮料,5,28.8,0.1,129.6,现金,小王,否
4179,2026-09-23,16:49,S01,Bear店,82,冻薯条,冷冻食品,2,37.3,0,74.6,微信,小王,否
2829,2026-09-23,16:59,S03,Rabbit店,51,牙签,日用百货,4,18.3,0,73.2,支付宝,小赵,否
881,2026-09-23,17:04,S02,Catty店,20,士力架花生,零食,1,47.6,0,47.6,现金,小李,是
1046,2026-09-23,17:08,S02,Catty店,81,和路雪甜筒,冷冻食品,4,39.7,0,158.8,现金,小张,否
3594,2026-09-23,17:08,S03,Rabbit店,50,电池5号,日用百货,3,36.6,0,109.8,银行卡,小陈,否
1513,2026-09-23,17:32,S01,Bear店,60,土豆,生鲜,2,24.3,0,48.6,会员储值,小李,否
3696,2026-09-23,17:46,S03,Rabbit店,39,陈醋,粮油调味,1,15.2,0,15.2,现金,小陈,否
1662,2026-09-23,17:49,S04,Shiba店,59,鲈鱼,生鲜,4,39.1,0,156.4,会员储值,小张,否
2735,2026-09-23,17:51,S04,Shiba店,47,垃圾袋50只,日用百货,1,2.1,0,2.1,现金,小陈,否
354,2026-09-23,18:18,S04,Shiba店,44,蓝月亮洗衣液,日用百货,4,12.3,0,49.2,银行卡,小赵,否
1181,2026-09-23,18:20,S04,Shiba店,66,关东煮,熟食烘焙,5,24.5,0,122.5,支付宝,小陈,否
1314,2026-09-23,18:27,S02,Catty店,28,安慕希酸奶,乳制品,3,45.3,0,135.9,支付宝,小赵,否
3655,2026-09-23,18:31,S01,Bear店,59,鲈鱼,生鲜,1,39.1,0,39.1,银行卡,小张,否
1430,2026-09-23,18:38,S04,Shiba店,15,旺旺雪饼,零食,2,33.4,0.1,60.12,微信,小陈,是
1937,2026-09-23,18:39,S01,Bear店,48,洗碗海绵,日用百货,3,37.5,0,112.5,支付宝,小陈,否
3944,2026-09-23,18:42,S04,Shiba店,49,保鲜膜,日用百货,3,50.2,0,150.6,会员储值,小刘,否
1759,2026-09-23,18:47,S04,Shiba店,26,蒙牛特仑苏,乳制品,4,29.2,0,116.8,会员储值,小刘,是
4090,2026-09-23,18:57,S03,Rabbit店,20,士力架花生,零食,5,47.6,0,238,现金,小张,是
2390,2026-09-23,19:25,S01,Bear店,27,光明鲜牛奶,乳制品,2,8.1,0.1,14.58,微信,小张,否
1252,2026-09-23,19:36,S04,Shiba店,34,金龙鱼食用油5L,粮油调味,2,45.2,0,90.4,会员储值,小王,否
2429,2026-09-23,19:41,S01,Bear店,60,土豆,生鲜,4,24.3,0.1,87.48,现金,小王,否
746,2026-09-23,19:45,S02,Catty店,71,三明治,熟食烘焙,5,40.7,0,203.5,现金,小王,是
2105,2026-09-23,19:56,S04,Shiba店,58,鸡胸肉,生鲜,2,39.7,0,79.4,现金,小赵,是
2197,2026-09-23,19:57,S01,Bear店,77,RIO鸡尾酒,酒水,1,29,0,29,银行卡,小赵,否
605,2026-09-23,19:59,S04,Shiba店,79,思念汤圆,冷冻食品,2,54.9,0,109.8,现金,小李,是
715,2026-09-23,20:10,S03,Rabbit店,25,伊利纯牛奶250ml,乳制品,3,47.9,0,143.7,现金,小张,否
1976,2026-09-23,20:15,S04,Shiba店,10,康师傅冰红茶,饮料,3,34.3,0,102.9,支付宝,小王,是
1867,2026-09-23,20:16,S03,Rabbit店,49,保鲜膜,日用百货,5,50.2,0,251,会员储值,小陈,否
3505,2026-09-23,20:20,S03,Rabbit店,16,卫龙辣条,零食,3,29.4,0,88.2,支付宝,小陈,否
1164,2026-09-23,20:21,S01,Bear店,76,江小白,酒水,3,49.1,0,147.3,微信,小张,否
4189,2026-09-23,20:21,S04,Shiba店,46,高露洁牙膏,日用百货,4,53.4,0,213.6,微信,小李,否
500,2026-09-23,20:29,S04,Shiba店,2,农夫山泉550ml,饮料,2,57,0,114,支付宝,小陈,否
3305,2026-09-23,20:32,S01,Bear店,46,高露洁牙膏,日用百货,4,53.4,0,213.6,会员储值,小赵,否
792,2026-09-23,20:38,S03,Rabbit店,73,雪花啤酒,酒水,3,35.1,0,105.3,微信,小李,否
2111,2026-09-23,20:41,S04,Shiba店,27,光明鲜牛奶,乳制品,3,8.1,0,24.3,现金,小陈,否
4162,2026-09-23,20:41,S01,Bear店,82,冻薯条,冷冻食品,4,37.3,0,149.2,银行卡,小王,是
972,2026-09-23,20:49,S04,Shiba店,24,上好佳鲜虾片,零食,5,17.9,0.1,80.55,银行卡,小赵,否
915,2026-09-23,20:52,S04,Shiba店,48,洗碗海绵,日用百货,2,37.5,0,75,现金,小李,否
469,2026-09-23,20:57,S01,Bear店,57,五花肉,生鲜,2,18.2,0.15,30.94,银行卡,小李,否
1806,2026-09-23,21:27,S02,Catty店,10,康师傅冰红茶,饮料,5,34.3,0,171.5,微信,小张,否
3784,2026-09-23,21:40,S04,Shiba店,27,光明鲜牛奶,乳制品,4,8.1,0.1,29.16,现金,小赵,否
3744,2026-09-23,21:45,S03,Rabbit店,77,RIO鸡尾酒,酒水,2,29,0,58,现金,小张,否
1685,2026-09-23,21:56,S02,Catty店,26,蒙牛特仑苏,乳制品,2,29.2,0,58.4,会员储值,小张,否
895,2026-09-23,21:59,S02,Catty店,72,青岛啤酒500ml,酒水,3,58.2,0.1,157.14,银行卡,小王,否
1473,2026-09-23,22:02,S04,Shiba店,32,奶酪棒,乳制品,2,28.7,0,57.4,银行卡,小赵,否
3974,2026-09-23,22:04,S04,Shiba店,32,奶酪棒,乳制品,4,28.7,0,114.8,微信,小李,否
2019,2026-09-23,22:07,S03,Rabbit店,53,黄瓜,生鲜,1,45.7,0,45.7,支付宝,小陈,是
2053,2026-09-23,22:09,S03,Rabbit店,18,好丽友巧克力派,零食,1,12.1,0.1,10.89,现金,小李,否
638,2026-09-23,22:10,S01,Bear店,19,三只松鼠每日坚果,零食,5,53.1,0,265.5,现金,小张,否
2789,2026-09-23,22:20,S02,Catty店,75,长城干红,酒水,2,54.3,0,108.6,会员储值,小赵,否
2589,2026-09-23,22:30,S03,Rabbit店,74,牛栏山二锅头,酒水,5,59.6,0,298,银行卡,小刘,否
3521,2026-09-23,22:41,S03,Rabbit店,52,本地西红柿,生鲜,1,43.2,0,43.2,现金,小赵,否
632,2026-09-23,22:47,S02,Catty店,77,RIO鸡尾酒,酒水,1,29,0,29,会员储值,小刘,否
2261,2026-09-23,22:57,S03,Rabbit店,3,元气森林气泡水,饮料,3,24.4,0,73.2,会员储值,小刘,否
1355,2026-09-24,07:10,S03,Rabbit店,13,乐事薯片原味,零食,2,59.6,0.1,107.28,现金,小陈,否
3558,2026-09-24,07:12,S01,Bear店,16,卫龙辣条,零食,4,29.4,0.1,105.84,微信,小陈,否
3304,2026-09-24,07:16,S03,Rabbit店,75,长城干红,酒水,3,54.3,0,162.9,银行卡,小张,否
2112,2026-09-24,07:18,S02,Catty店,9,红牛250ml,饮料,1,26.3,0.1,23.67,银行卡,小刘,否
1466,2026-09-24,07:22,S04,Shiba店,67,面包吐司,熟食烘焙,1,15.9,0,15.9,微信,小王,是
402,2026-09-24,07:24,S01,Bear店,26,蒙牛特仑苏,乳制品,5,29.2,0,146,微信,小刘,是
1174,2026-09-24,07:26,S02,Catty店,26,蒙牛特仑苏,乳制品,4,29.2,0,116.8,银行卡,小刘,否
3602,2026-09-24,07:40,S01,Bear店,5,王老吉罐装,饮料,2,24.6,0.1,44.28,现金,小赵,否
277,2026-09-24,07:41,S03,Rabbit店,66,关东煮,熟食烘焙,4,24.5,0,98,支付宝,小赵,否
1215,2026-09-24,07:41,S02,Catty店,41,白糖1kg,粮油调味,1,37.3,0,37.3,银行卡,小王,否
3449,2026-09-24,07:51,S02,Catty店,24,上好佳鲜虾片,零食,4,17.9,0,71.6,支付宝,小王,否
3939,2026-09-24,07:53,S04,Shiba店,71,三明治,熟食烘焙,5,40.7,0.15,172.97,现金,小赵,否
2233,2026-09-24,07:55,S03,Rabbit店,81,和路雪甜筒,冷冻食品,1,39.7,0.1,35.73,会员储值,小刘,否
1146,2026-09-24,07:59,S04,Shiba店,1,可口可乐330ml,饮料,4,9.2,0,36.8,银行卡,小张,是
2879,2026-09-24,08:05,S01,Bear店,46,高露洁牙膏,日用百货,2,53.4,0.1,96.12,现金,小王,否
896,2026-09-24,08:07,S04,Shiba店,4,东方树叶乌龙茶,饮料,3,49.8,0,149.4,银行卡,小张,否
1012,2026-09-24,08:19,S01,Bear店,27,光明鲜牛奶,乳制品,1,8.1,0,8.1,银行卡,小刘,否
2486,2026-09-24,08:20,S04,Shiba店,25,伊利纯牛奶250ml,乳制品,2,47.9,0,95.8,现金,小刘,否
221,2026-09-24,08:30,S01,Bear店,5,王老吉罐装,饮料,2,24.6,0,49.2,现金,小陈,否
2279,2026-09-24,08:38,S03,Rabbit店,6,美汁源果粒橙,饮料,3,28.8,0.1,77.76,银行卡,小赵,是
2744,2026-09-24,09:13,S01,Bear店,52,本地西红柿,生鲜,1,43.2,0,43.2,微信,小刘,否
203,2026-09-24,09:33,S01,Bear店,38,老干妈辣椒酱,粮油调味,1,39.4,0,39.4,微信,小王,否
2532,2026-09-24,09:42,S01,Bear店,32,奶酪棒,乳制品,4,28.7,0,114.8,银行卡,小赵,否
3518,2026-09-24,09:49,S01,Bear店,79,思念汤圆,冷冻食品,2,54.9,0,109.8,银行卡,小陈,否
1130,2026-09-24,09:51,S04,Shiba店,57,五花肉,生鲜,5,18.2,0,91,支付宝,小张,否
3859,2026-09-24,09:55,S04,Shiba店,75,长城干红,酒水,3,54.3,0.1,146.61,支付宝,小赵,否
4034,2026-09-24,09:59,S03,Rabbit店,29,养乐多5连瓶,乳制品,5,39.4,0,197,支付宝,小李,否
3783,2026-09-24,10:00,S03,Rabbit店,67,面包吐司,熟食烘焙,2,15.9,0,31.8,现金,小赵,是
1106,2026-09-24,10:08,S01,Bear店,29,养乐多5连瓶,乳制品,4,39.4,0,157.6,微信,小张,否
3563,2026-09-24,10:08,S03,Rabbit店,1,可口可乐330ml,饮料,3,9.2,0,27.6,会员储值,小王,否
1064,2026-09-24,10:14,S03,Rabbit店,22,洽洽小黄袋,零食,5,50.2,0,251,会员储值,小王,否
1202,2026-09-24,10:21,S01,Bear店,48,洗碗海绵,日用百货,2,37.5,0,75,现金,小张,是
2551,2026-09-24,10:49,S03,Rabbit店,31,旺仔牛奶,乳制品,1,24.4,0,24.4,微信,小张,否
692,2026-09-24,10:50,S02,Catty店,29,养乐多5连瓶,乳制品,3,39.4,0.1,106.38,现金,小赵,否
3607,2026-09-24,10:50,S02,Catty店,23,比比赞面包,零食,3,65,0.1,175.5,支付宝,小李,否
59,2026-09-24,10:57,S01,Bear店,30,简爱酸奶,乳制品,3,15.7,0,47.1,支付宝,小李,否
1952,2026-09-24,10:58,S02,Catty店,21,德芙丝滑巧克力,零食,5,23.2,0,116,会员储值,小赵,是
1474,2026-09-24,11:04,S01,Bear店,37,太太乐鸡精,粮油调味,4,34.2,0,136.8,银行卡,小张,是
908,2026-09-24,11:15,S04,Shiba店,80,雀巢冰淇淋,冷冻食品,5,11.6,0,58,微信,小陈,否
1330,2026-09-24,11:15,S01,Bear店,48,洗碗海绵,日用百货,5,37.5,0.1,168.75,银行卡,小张,否
437,2026-09-24,11:20,S01,Bear店,19,三只松鼠每日坚果,零食,3,53.1,0.1,143.37,银行卡,小赵,否
3482,2026-09-24,11:29,S04,Shiba店,45,舒肤佳香皂,日用百货,1,12.6,0.1,11.34,支付宝,小王,否
2220,2026-09-24,11:38,S04,Shiba店,29,养乐多5连瓶,乳制品,2,39.4,0,78.8,银行卡,小赵,否
3435,2026-09-24,11:43,S03,Rabbit店,28,安慕希酸奶,乳制品,3,45.3,0,135.9,微信,小赵,否
680,2026-09-24,11:46,S01,Bear店,47,垃圾袋50只,日用百货,3,2.1,0.1,5.67,微信,小赵,是
3554,2026-09-24,11:47,S02,Catty店,73,雪花啤酒,酒水,3,35.1,0,105.3,支付宝,小王,否
608,2026-09-24,11:52,S02,Catty店,14,奥利奥原味,零食,3,11.6,0,34.8,微信,小赵,否
3807,2026-09-24,11:57,S03,Rabbit店,51,牙签,日用百货,3,18.3,0,54.9,银行卡,小王,是
2234,2026-09-24,12:03,S04,Shiba店,47,垃圾袋50只,日用百货,2,2.1,0,4.2,支付宝,小刘,是
3427,2026-09-24,12:14,S04,Shiba店,56,鸡蛋30枚,生鲜,1,23.1,0,23.1,银行卡,小李,否
3787,2026-09-24,12:21,S01,Bear店,13,乐事薯片原味,零食,4,59.6,0,238.4,银行卡,小赵,否
489,2026-09-24,12:44,S01,Bear店,31,旺仔牛奶,乳制品,3,24.4,0.1,65.88,会员储值,小赵,是
3481,2026-09-24,12:52,S01,Bear店,51,牙签,日用百货,3,18.3,0,54.9,银行卡,小张,是
1957,2026-09-24,13:06,S03,Rabbit店,54,苹果,生鲜,4,21.1,0.15,71.74,会员储值,小陈,是
1140,2026-09-24,13:07,S03,Rabbit店,76,江小白,酒水,1,49.1,0,49.1,微信,小刘,否
560,2026-09-24,13:19,S04,Shiba店,32,奶酪棒,乳制品,3,28.7,0,86.1,支付宝,小张,否
1697,2026-09-24,13:24,S01,Bear店,65,茶叶蛋,熟食烘焙,3,4.3,0.1,11.61,银行卡,小李,否
1729,2026-09-24,13:28,S04,Shiba店,19,三只松鼠每日坚果,零食,5,53.1,0,265.5,会员储值,小李,否
2585,2026-09-24,13:29,S03,Rabbit店,25,伊利纯牛奶250ml,乳制品,3,47.9,0,143.7,支付宝,小陈,否
2695,2026-09-24,13:29,S04,Shiba店,15,旺旺雪饼,零食,1,33.4,0,33.4,现金,小张,否
2566,2026-09-24,13:30,S04,Shiba店,7,椰树椰汁,饮料,2,32,0,64,现金,小赵,是
3121,2026-09-24,13:43,S01,Bear店,38,老干妈辣椒酱,粮油调味,1,39.4,0,39.4,现金,小李,否
2093,2026-09-24,13:50,S01,Bear店,50,电池5号,日用百货,5,36.6,0,183,银行卡,小李,否
1603,2026-09-24,13:51,S03,Rabbit店,69,炸鸡腿,熟食烘焙,2,45.1,0.15,76.67,银行卡,小王,否
3378,2026-09-24,13:52,S04,Shiba店,3,元气森林气泡水,饮料,2,24.4,0,48.8,支付宝,小陈,否
1592,2026-09-24,13:54,S04,Shiba店,11,维他柠檬茶,饮料,4,52.8,0,211.2,现金,小刘,否
1947,2026-09-24,14:16,S01,Bear店,11,维他柠檬茶,饮料,4,52.8,0,211.2,微信,小张,否
3058,2026-09-24,14:28,S03,Rabbit店,2,农夫山泉550ml,饮料,4,57,0,228,现金,小陈,否
1949,2026-09-24,14:40,S03,Rabbit店,19,三只松鼠每日坚果,零食,1,53.1,0.1,47.79,现金,小王,是
546,2026-09-24,14:44,S02,Catty店,23,比比赞面包,零食,2,65,0,130,会员储值,小李,否
1170,2026-09-24,14:49,S02,Catty店,6,美汁源果粒橙,饮料,3,28.8,0,86.4,微信,小赵,否
487,2026-09-24,14:56,S04,Shiba店,3,元气森林气泡水,饮料,2,24.4,0,48.8,支付宝,小李,否
1389,2026-09-24,14:58,S01,Bear店,79,思念汤圆,冷冻食品,2,54.9,0,109.8,会员储值,小陈,否
1443,2026-09-24,15:01,S01,Bear店,68,蛋挞,熟食烘焙,3,35.8,0,107.4,银行卡,小王,否
661,2026-09-24,15:03,S02,Catty店,13,乐事薯片原味,零食,2,59.6,0,119.2,银行卡,小王,否
103,2026-09-24,15:04,S01,Bear店,69,炸鸡腿,熟食烘焙,1,45.1,0,45.1,会员储值,小张,是
2472,2026-09-24,15:11,S02,Catty店,52,本地西红柿,生鲜,5,43.2,0,216,银行卡,小赵,否
4048,2026-09-24,15:12,S01,Bear店,66,关东煮,熟食烘焙,4,24.5,0.15,83.3,会员储值,小陈,是
3295,2026-09-24,15:16,S04,Shiba店,11,维他柠檬茶,饮料,3,52.8,0.1,142.56,银行卡,小陈,否
2151,2026-09-24,15:21,S04,Shiba店,72,青岛啤酒500ml,酒水,2,58.2,0,116.4,现金,小李,否
2975,2026-09-24,15:21,S04,Shiba店,46,高露洁牙膏,日用百货,4,53.4,0.1,192.24,支付宝,小李,是
3573,2026-09-24,15:28,S01,Bear店,13,乐事薯片原味,零食,1,59.6,0,59.6,支付宝,小刘,是
2617,2026-09-24,15:31,S04,Shiba店,30,简爱酸奶,乳制品,4,15.7,0,62.8,支付宝,小张,否
783,2026-09-24,16:03,S04,Shiba店,65,茶叶蛋,熟食烘焙,1,4.3,0,4.3,会员储值,小刘,否
2603,2026-09-24,16:08,S04,Shiba店,38,老干妈辣椒酱,粮油调味,4,39.4,0,157.6,银行卡,小张,否
662,2026-09-24,16:19,S04,Shiba店,54,苹果,生鲜,4,21.1,0.15,71.74,银行卡,小李,否
129,2026-09-24,16:27,S02,Catty店,70,便当盒饭,熟食烘焙,4,28.5,0,114,微信,小王,否
1058,2026-09-24,16:43,S04,Shiba店,36,海天生抽,粮油调味,1,31.2,0,31.2,银行卡,小王,否
3486,2026-09-24,16:47,S04,Shiba店,8,脉动青柠,饮料,2,50.6,0,101.2,会员储值,小王,是
2295,2026-09-24,16:54,S02,Catty店,48,洗碗海绵,日用百货,5,37.5,0,187.5,会员储值,小张,否
2676,2026-09-24,16:54,S01,Bear店,29,养乐多5连瓶,乳制品,5,39.4,0,197,会员储值,小刘,否
871,2026-09-24,17:07,S01,Bear店,51,牙签,日用百货,4,18.3,0,73.2,支付宝,小王,否
3673,2026-09-24,17:14,S03,Rabbit店,62,西兰花,生鲜,1,40.8,0,40.8,银行卡,小张,否
1437,2026-09-24,17:19,S03,Rabbit店,28,安慕希酸奶,乳制品,5,45.3,0.1,203.85,现金,小张,否
3292,2026-09-24,17:20,S03,Rabbit店,15,旺旺雪饼,零食,5,33.4,0.1,150.3,支付宝,小王,是
19,2026-09-24,17:35,S04,Shiba店,34,金龙鱼食用油5L,粮油调味,3,45.2,0,135.6,微信,小李,否
2531,2026-09-24,17:35,S04,Shiba店,2,农夫山泉550ml,饮料,5,57,0,285,银行卡,小张,是
2932,2026-09-24,17:41,S03,Rabbit店,36,海天生抽,粮油调味,4,31.2,0,124.8,银行卡,小刘,否
1795,2026-09-24,17:53,S04,Shiba店,74,牛栏山二锅头,酒水,3,59.6,0,178.8,银行卡,小王,否
222,2026-09-24,17:55,S02,Catty店,71,三明治,熟食烘焙,1,40.7,0.15,34.59,银行卡,小赵,是
1622,2026-09-24,18:12,S04,Shiba店,31,旺仔牛奶,乳制品,5,24.4,0,122,支付宝,小刘,否
1803,2026-09-24,18:36,S02,Catty店,49,保鲜膜,日用百货,3,50.2,0,150.6,微信,小李,否
1464,2026-09-24,18:48,S01,Bear店,16,卫龙辣条,零食,4,29.4,0,117.6,银行卡,小张,否
728,2026-09-24,18:58,S02,Catty店,76,江小白,酒水,1,49.1,0,49.1,会员储值,小刘,否
1827,2026-09-24,19:03,S04,Shiba店,53,黄瓜,生鲜,4,45.7,0.15,155.38,银行卡,小陈,否
1221,2026-09-24,19:09,S04,Shiba店,54,苹果,生鲜,1,21.1,0,21.1,银行卡,小赵,是
2931,2026-09-24,19:16,S03,Rabbit店,58,鸡胸肉,生鲜,4,39.7,0,158.8,现金,小陈,是
3080,2026-09-24,19:24,S01,Bear店,59,鲈鱼,生鲜,3,39.1,0.15,99.71,会员储值,小李,否
1502,2026-09-24,19:39,S02,Catty店,21,德芙丝滑巧克力,零食,2,23.2,0,46.4,现金,小王,否
2529,2026-09-24,19:41,S04,Shiba店,14,奥利奥原味,零食,4,11.6,0,46.4,微信,小陈,是
105,2026-09-24,19:48,S02,Catty店,75,长城干红,酒水,3,54.3,0,162.9,微信,小刘,是
879,2026-09-24,19:51,S04,Shiba店,11,维他柠檬茶,饮料,2,52.8,0,105.6,会员储值,小赵,否
1030,2026-09-24,19:55,S04,Shiba店,31,旺仔牛奶,乳制品,1,24.4,0,24.4,会员储值,小张,是
2639,2026-09-24,19:56,S02,Catty店,34,金龙鱼食用油5L,粮油调味,4,45.2,0,180.8,现金,小张,否
239,2026-09-24,19:58,S03,Rabbit店,68,蛋挞,熟食烘焙,5,35.8,0.1,161.1,现金,小赵,否
651,2026-09-24,20:03,S01,Bear店,73,雪花啤酒,酒水,3,35.1,0.1,94.77,现金,小陈,否
3629,2026-09-24,20:07,S03,Rabbit店,43,维达卷纸,日用百货,2,23.6,0.1,42.48,会员储值,小刘,否
712,2026-09-24,20:08,S04,Shiba店,46,高露洁牙膏,日用百货,5,53.4,0,267,银行卡,小赵,否
670,2026-09-24,20:10,S02,Catty店,22,洽洽小黄袋,零食,4,50.2,0,200.8,会员储值,小陈,否
1750,2026-09-24,20:12,S03,Rabbit店,13,乐事薯片原味,零食,2,59.6,0,119.2,会员储值,小王,否
540,2026-09-24,20:16,S03,Rabbit店,45,舒肤佳香皂,日用百货,3,12.6,0.1,34.02,银行卡,小陈,否
2479,2026-09-24,20:32,S03,Rabbit店,57,五花肉,生鲜,3,18.2,0.15,46.41,支付宝,小赵,否
565,2026-09-24,20:34,S03,Rabbit店,55,香蕉,生鲜,4,10.8,0.1,38.88,现金,小陈,否
1041,2026-09-24,20:37,S04,Shiba店,29,养乐多5连瓶,乳制品,2,39.4,0,78.8,支付宝,小赵,否
3179,2026-09-24,20:37,S02,Catty店,12,依云矿泉水,饮料,4,28.5,0,114,银行卡,小陈,否
2906,2026-09-24,20:57,S03,Rabbit店,1,可口可乐330ml,饮料,2,9.2,0,18.4,现金,小陈,否
4161,2026-09-24,20:58,S04,Shiba店,42,清风抽纸3层,日用百货,1,37.8,0,37.8,支付宝,小赵,否
1206,2026-09-24,21:00,S02,Catty店,54,苹果,生鲜,5,21.1,0.1,94.95,银行卡,小刘,否
122,2026-09-24,21:17,S04,Shiba店,15,旺旺雪饼,零食,2,33.4,0,66.8,现金,小陈,否
665,2026-09-24,21:43,S01,Bear店,52,本地西红柿,生鲜,3,43.2,0,129.6,会员储值,小王,否
2312,2026-09-24,21:57,S03,Rabbit店,24,上好佳鲜虾片,零食,4,17.9,0.1,64.44,现金,小李,否
2577,2026-09-24,21:57,S03,Rabbit店,33,德亚全脂牛奶,乳制品,3,2.6,0,7.8,会员储值,小王,否
3604,2026-09-24,22:01,S03,Rabbit店,66,关东煮,熟食烘焙,5,24.5,0.1,110.25,支付宝,小张,否
72,2026-09-24,22:05,S04,Shiba店,74,牛栏山二锅头,酒水,3,59.6,0,178.8,微信,小陈,是
1542,2026-09-24,22:06,S04,Shiba店,4,东方树叶乌龙茶,饮料,2,49.8,0,99.6,现金,小王,是
3215,2026-09-24,22:06,S02,Catty店,35,福临门大米5kg,粮油调味,4,31.8,0,127.2,现金,小王,否
3630,2026-09-24,22:13,S03,Rabbit店,19,三只松鼠每日坚果,零食,3,53.1,0,159.3,银行卡,小张,否
4180,2026-09-24,22:22,S04,Shiba店,78,湾仔码头水饺,冷冻食品,4,11.2,0,44.8,支付宝,小王,否
737,2026-09-24,22:28,S04,Shiba店,5,王老吉罐装,饮料,4,24.6,0,98.4,银行卡,小刘,否
112,2026-09-24,22:32,S04,Shiba店,8,脉动青柠,饮料,5,50.6,0.1,227.7,现金,小李,是
2957,2026-09-24,22:41,S01,Bear店,81,和路雪甜筒,冷冻食品,5,39.7,0,198.5,微信,小王,否
577,2026-09-24,22:45,S01,Bear店,22,洽洽小黄袋,零食,4,50.2,0,200.8,微信,小王,是
388,2026-09-24,22:58,S01,Bear店,61,胡萝卜,生鲜,4,56,0.1,201.6,支付宝,小刘,否
2664,2026-09-25,07:04,S04,Shiba店,74,牛栏山二锅头,酒水,3,59.6,0,178.8,微信,小赵,是
2903,2026-09-25,07:07,S04,Shiba店,25,伊利纯牛奶250ml,乳制品,1,47.9,0,47.9,现金,小王,是
1920,2026-09-25,07:10,S02,Catty店,56,鸡蛋30枚,生鲜,5,23.1,0.15,98.17,支付宝,小赵,否
3298,2026-09-25,07:17,S03,Rabbit店,16,卫龙辣条,零食,2,29.4,0,58.8,现金,小王,是
552,2026-09-25,07:19,S01,Bear店,53,黄瓜,生鲜,4,45.7,0.1,164.52,微信,小王,否
3918,2026-09-25,07:29,S04,Shiba店,79,思念汤圆,冷冻食品,3,54.9,0,164.7,会员储值,小刘,否
2410,2026-09-25,07:34,S03,Rabbit店,48,洗碗海绵,日用百货,3,37.5,0,112.5,银行卡,小赵,否
2435,2026-09-25,08:00,S04,Shiba店,77,RIO鸡尾酒,酒水,3,29,0,87,会员储值,小陈,否
1743,2026-09-25,08:02,S02,Catty店,47,垃圾袋50只,日用百货,4,2.1,0,8.4,现金,小刘,否
709,2026-09-25,08:06,S04,Shiba店,31,旺仔牛奶,乳制品,2,24.4,0,48.8,微信,小陈,否
2963,2026-09-25,08:11,S02,Catty店,57,五花肉,生鲜,4,18.2,0.1,65.52,现金,小赵,否
4126,2026-09-25,08:18,S03,Rabbit店,31,旺仔牛奶,乳制品,4,24.4,0,97.6,微信,小赵,否
2897,2026-09-25,08:21,S03,Rabbit店,55,香蕉,生鲜,5,10.8,0.15,45.9,会员储值,小刘,是
1515,2026-09-25,08:32,S03,Rabbit店,15,旺旺雪饼,零食,5,33.4,0,167,现金,小陈,否
3112,2026-09-25,08:33,S02,Catty店,73,雪花啤酒,酒水,2,35.1,0,70.2,微信,小李,是
1055,2026-09-25,08:52,S03,Rabbit店,14,奥利奥原味,零食,1,11.6,0.1,10.44,支付宝,小李,否
3669,2026-09-25,09:04,S01,Bear店,30,简爱酸奶,乳制品,5,15.7,0,78.5,现金,小赵,否
629,2026-09-25,09:27,S02,Catty店,78,湾仔码头水饺,冷冻食品,2,11.2,0,22.4,会员储值,小王,否
2275,2026-09-25,09:39,S03,Rabbit店,81,和路雪甜筒,冷冻食品,3,39.7,0,119.1,会员储值,小赵,否
1909,2026-09-25,09:50,S03,Rabbit店,66,关东煮,熟食烘焙,2,24.5,0.1,44.1,支付宝,小刘,是
244,2026-09-25,10:01,S01,Bear店,79,思念汤圆,冷冻食品,4,54.9,0,219.6,微信,小王,否
81,2026-09-25,10:11,S01,Bear店,29,养乐多5连瓶,乳制品,5,39.4,0,197,会员储值,小王,否
1044,2026-09-25,10:12,S03,Rabbit店,45,舒肤佳香皂,日用百货,5,12.6,0,63,银行卡,小赵,否
214,2026-09-25,10:13,S04,Shiba店,5,王老吉罐装,饮料,4,24.6,0,98.4,支付宝,小王,否
2994,2026-09-25,10:16,S01,Bear店,76,江小白,酒水,5,49.1,0,245.5,银行卡,小张,否
3740,2026-09-25,10:25,S03,Rabbit店,44,蓝月亮洗衣液,日用百货,4,12.3,0,49.2,现金,小张,是
4128,2026-09-25,10:42,S02,Catty店,70,便当盒饭,熟食烘焙,4,28.5,0.15,96.9,会员储值,小赵,否
3005,2026-09-25,10:59,S02,Catty店,53,黄瓜,生鲜,5,45.7,0,228.5,支付宝,小王,否
2121,2026-09-25,11:01,S02,Catty店,19,三只松鼠每日坚果,零食,5,53.1,0.1,238.95,微信,小李,是
2908,2026-09-25,11:24,S04,Shiba店,52,本地西红柿,生鲜,5,43.2,0,216,会员储值,小刘,否
3812,2026-09-25,11:32,S02,Catty店,55,香蕉,生鲜,1,10.8,0,10.8,支付宝,小赵,否
2077,2026-09-25,11:33,S01,Bear店,39,陈醋,粮油调味,5,15.2,0.1,68.4,现金,小刘,是
1611,2026-09-25,11:39,S02,Catty店,75,长城干红,酒水,2,54.3,0,108.6,支付宝,小刘,是
647,2026-09-25,11:44,S03,Rabbit店,74,牛栏山二锅头,酒水,4,59.6,0.1,214.56,银行卡,小赵,否
1456,2026-09-25,11:54,S02,Catty店,74,牛栏山二锅头,酒水,4,59.6,0.1,214.56,会员储值,小刘,否
1606,2026-09-25,11:56,S03,Rabbit店,22,洽洽小黄袋,零食,2,50.2,0,100.4,现金,小赵,否
2927,2026-09-25,12:01,S03,Rabbit店,68,蛋挞,熟食烘焙,4,35.8,0,143.2,微信,小陈,是
3762,2026-09-25,12:03,S03,Rabbit店,72,青岛啤酒500ml,酒水,1,58.2,0,58.2,微信,小赵,否
1520,2026-09-25,12:19,S03,Rabbit店,65,茶叶蛋,熟食烘焙,5,4.3,0.15,18.27,支付宝,小李,否
959,2026-09-25,12:22,S04,Shiba店,74,牛栏山二锅头,酒水,5,59.6,0.1,268.2,银行卡,小赵,否
6,2026-09-25,12:23,S04,Shiba店,47,垃圾袋50只,日用百货,2,2.1,0,4.2,银行卡,小陈,否
3339,2026-09-25,12:24,S01,Bear店,53,黄瓜,生鲜,1,45.7,0,45.7,银行卡,小王,否
4092,2026-09-25,12:29,S01,Bear店,82,冻薯条,冷冻食品,2,37.3,0,74.6,微信,小李,否
267,2026-09-25,12:36,S01,Bear店,64,鲜肉包子,熟食烘焙,2,6,0.15,10.2,支付宝,小李,是
816,2026-09-25,12:40,S01,Bear店,44,蓝月亮洗衣液,日用百货,3,12.3,0,36.9,支付宝,小王,否
4042,2026-09-25,12:40,S04,Shiba店,23,比比赞面包,零食,4,65,0,260,现金,小张,否
1764,2026-09-25,12:41,S04,Shiba店,18,好丽友巧克力派,零食,2,12.1,0,24.2,现金,小张,否
622,2026-09-25,12:45,S02,Catty店,52,本地西红柿,生鲜,3,43.2,0,129.6,支付宝,小陈,否
3835,2026-09-25,12:50,S02,Catty店,41,白糖1kg,粮油调味,5,37.3,0,186.5,现金,小张,否
233,2026-09-25,13:06,S02,Catty店,18,好丽友巧克力派,零食,4,12.1,0.1,43.56,微信,小刘,否
1925,2026-09-25,13:09,S01,Bear店,40,食用盐500g,粮油调味,4,55.7,0.1,200.52,现金,小王,否
2578,2026-09-25,13:14,S02,Catty店,39,陈醋,粮油调味,2,15.2,0,30.4,现金,小刘,否
3385,2026-09-25,13:27,S03,Rabbit店,72,青岛啤酒500ml,酒水,5,58.2,0,291,现金,小刘,否
3901,2026-09-25,13:29,S01,Bear店,71,三明治,熟食烘焙,3,40.7,0,122.1,微信,小陈,是
2758,2026-09-25,13:32,S04,Shiba店,16,卫龙辣条,零食,4,29.4,0,117.6,银行卡,小刘,否
3229,2026-09-25,13:37,S01,Bear店,6,美汁源果粒橙,饮料,4,28.8,0,115.2,银行卡,小陈,是
2675,2026-09-25,14:01,S02,Catty店,26,蒙牛特仑苏,乳制品,1,29.2,0,29.2,现金,小刘,否
3752,2026-09-25,14:05,S03,Rabbit店,17,恰恰香瓜子,零食,1,26.2,0.1,23.58,会员储值,小赵,是
4182,2026-09-25,14:07,S01,Bear店,15,旺旺雪饼,零食,4,33.4,0,133.6,会员储值,小陈,否
1196,2026-09-25,14:21,S04,Shiba店,60,土豆,生鲜,4,24.3,0.15,82.62,支付宝,小赵,是
3528,2026-09-25,14:22,S04,Shiba店,28,安慕希酸奶,乳制品,2,45.3,0,90.6,现金,小李,否
580,2026-09-25,14:27,S01,Bear店,77,RIO鸡尾酒,酒水,2,29,0,58,微信,小赵,否
1884,2026-09-25,14:35,S01,Bear店,73,雪花啤酒,酒水,5,35.1,0,175.5,现金,小张,否
2404,2026-09-25,14:41,S03,Rabbit店,69,炸鸡腿,熟食烘焙,1,45.1,0,45.1,支付宝,小赵,是
1380,2026-09-25,14:44,S04,Shiba店,60,土豆,生鲜,3,24.3,0,72.9,支付宝,小刘,否
823,2026-09-25,14:50,S04,Shiba店,55,香蕉,生鲜,1,10.8,0,10.8,会员储值,小赵,否
2840,2026-09-25,14:58,S04,Shiba店,79,思念汤圆,冷冻食品,3,54.9,0.1,148.23,微信,小李,否
2162,2026-09-25,15:03,S01,Bear店,64,鲜肉包子,熟食烘焙,5,6,0,30,微信,小李,否
3833,2026-09-25,15:06,S01,Bear店,33,德亚全脂牛奶,乳制品,2,2.6,0,5.2,会员储值,小李,否
1944,2026-09-25,15:07,S04,Shiba店,9,红牛250ml,饮料,5,26.3,0,131.5,支付宝,小李,否
1284,2026-09-25,15:15,S04,Shiba店,78,湾仔码头水饺,冷冻食品,5,11.2,0,56,支付宝,小李,否
3601,2026-09-25,15:58,S01,Bear店,3,元气森林气泡水,饮料,5,24.4,0.1,109.8,支付宝,小李,否
2363,2026-09-25,15:59,S01,Bear店,21,德芙丝滑巧克力,零食,1,23.2,0,23.2,微信,小张,否
3133,2026-09-25,16:17,S02,Catty店,81,和路雪甜筒,冷冻食品,5,39.7,0,198.5,银行卡,小王,否
247,2026-09-25,16:18,S03,Rabbit店,7,椰树椰汁,饮料,3,32,0,96,现金,小赵,否
821,2026-09-25,16:21,S03,Rabbit店,28,安慕希酸奶,乳制品,3,45.3,0,135.9,银行卡,小赵,否
120,2026-09-25,16:30,S02,Catty店,52,本地西红柿,生鲜,4,43.2,0.1,155.52,微信,小王,否
2086,2026-09-25,16:30,S01,Bear店,12,依云矿泉水,饮料,4,28.5,0,114,银行卡,小刘,是
111,2026-09-25,16:41,S04,Shiba店,2,农夫山泉550ml,饮料,3,57,0,171,会员储值,小李,否
3534,2026-09-25,16:48,S02,Catty店,35,福临门大米5kg,粮油调味,4,31.8,0.1,114.48,银行卡,小张,是
667,2026-09-25,16:55,S01,Bear店,25,伊利纯牛奶250ml,乳制品,3,47.9,0.1,129.33,银行卡,小刘,否
1096,2026-09-25,17:03,S01,Bear店,48,洗碗海绵,日用百货,5,37.5,0,187.5,现金,小王,否
3656,2026-09-25,17:10,S02,Catty店,60,土豆,生鲜,3,24.3,0,72.9,支付宝,小李,是
3016,2026-09-25,17:11,S02,Catty店,19,三只松鼠每日坚果,零食,4,53.1,0,212.4,支付宝,小赵,否
3880,2026-09-25,17:12,S04,Shiba店,45,舒肤佳香皂,日用百货,3,12.6,0,37.8,银行卡,小李,否
3627,2026-09-25,17:17,S01,Bear店,58,鸡胸肉,生鲜,1,39.7,0,39.7,银行卡,小李,否
522,2026-09-25,17:24,S03,Rabbit店,58,鸡胸肉,生鲜,4,39.7,0,158.8,银行卡,小李,否
1394,2026-09-25,17:26,S01,Bear店,43,维达卷纸,日用百货,4,23.6,0,94.4,会员储值,小王,否
2805,2026-09-25,17:33,S03,Rabbit店,55,香蕉,生鲜,5,10.8,0.15,45.9,微信,小陈,否
676,2026-09-25,17:35,S02,Catty店,45,舒肤佳香皂,日用百货,5,12.6,0,63,微信,小刘,是
3546,2026-09-25,17:38,S04,Shiba店,30,简爱酸奶,乳制品,5,15.7,0.1,70.65,微信,小陈,否
2833,2026-09-25,17:47,S01,Bear店,10,康师傅冰红茶,饮料,4,34.3,0.1,123.48,银行卡,小李,否
1371,2026-09-25,17:54,S02,Catty店,1,可口可乐330ml,饮料,5,9.2,0,46,银行卡,小赵,是
963,2026-09-25,17:58,S02,Catty店,3,元气森林气泡水,饮料,1,24.4,0,24.4,银行卡,小王,是
2147,2026-09-25,17:58,S02,Catty店,6,美汁源果粒橙,饮料,1,28.8,0,28.8,银行卡,小王,否
2749,2026-09-25,18:02,S03,Rabbit店,36,海天生抽,粮油调味,2,31.2,0,62.4,银行卡,小刘,是
3212,2026-09-25,18:14,S03,Rabbit店,35,福临门大米5kg,粮油调味,1,31.8,0,31.8,会员储值,小李,否
726,2026-09-25,18:24,S04,Shiba店,34,金龙鱼食用油5L,粮油调味,1,45.2,0,45.2,现金,小陈,否
862,2026-09-25,18:26,S02,Catty店,61,胡萝卜,生鲜,4,56,0,224,微信,小张,否
2517,2026-09-25,18:30,S03,Rabbit店,43,维达卷纸,日用百货,1,23.6,0,23.6,会员储值,小张,是
1093,2026-09-25,18:46,S04,Shiba店,39,陈醋,粮油调味,1,15.2,0,15.2,支付宝,小王,否
3685,2026-09-25,18:46,S03,Rabbit店,27,光明鲜牛奶,乳制品,2,8.1,0,16.2,现金,小刘,否
2210,2026-09-25,19:04,S02,Catty店,21,德芙丝滑巧克力,零食,4,23.2,0,92.8,银行卡,小张,否
985,2026-09-25,19:09,S04,Shiba店,80,雀巢冰淇淋,冷冻食品,4,11.6,0,46.4,现金,小李,否
2704,2026-09-25,19:19,S04,Shiba店,62,西兰花,生鲜,5,40.8,0,204,会员储值,小赵,否
3624,2026-09-25,19:32,S02,Catty店,22,洽洽小黄袋,零食,5,50.2,0,251,微信,小刘,是
2130,2026-09-25,19:33,S03,Rabbit店,58,鸡胸肉,生鲜,1,39.7,0.15,33.75,会员储值,小赵,否
1939,2026-09-25,19:37,S02,Catty店,13,乐事薯片原味,零食,2,59.6,0,119.2,微信,小李,否
3817,2026-09-25,19:43,S04,Shiba店,33,德亚全脂牛奶,乳制品,3,2.6,0,7.8,银行卡,小赵,否
2709,2026-09-25,19:53,S03,Rabbit店,73,雪花啤酒,酒水,5,35.1,0,175.5,会员储值,小王,否
51,2026-09-25,19:55,S02,Catty店,17,恰恰香瓜子,零食,4,26.2,0,104.8,现金,小王,是
22,2026-09-25,19:56,S03,Rabbit店,60,土豆,生鲜,3,24.3,0,72.9,会员储值,小刘,否
1363,2026-09-25,19:56,S03,Rabbit店,41,白糖1kg,粮油调味,1,37.3,0,37.3,微信,小张,否
2706,2026-09-25,20:08,S01,Bear店,33,德亚全脂牛奶,乳制品,1,2.6,0,2.6,银行卡,小王,否
178,2026-09-25,20:11,S03,Rabbit店,50,电池5号,日用百货,5,36.6,0,183,微信,小陈,否
3250,2026-09-25,20:18,S03,Rabbit店,19,三只松鼠每日坚果,零食,3,53.1,0,159.3,银行卡,小赵,否
1021,2026-09-25,20:40,S03,Rabbit店,83,冻青豆玉米,冷冻食品,4,59.5,0,238,现金,小李,否
3705,2026-09-25,20:51,S01,Bear店,38,老干妈辣椒酱,粮油调味,5,39.4,0,197,现金,小张,否
3758,2026-09-25,20:55,S04,Shiba店,56,鸡蛋30枚,生鲜,4,23.1,0.1,83.16,支付宝,小赵,是
454,2026-09-25,21:01,S01,Bear店,72,青岛啤酒500ml,酒水,4,58.2,0,232.8,微信,小王,否
2043,2026-09-25,21:01,S01,Bear店,47,垃圾袋50只,日用百货,5,2.1,0,10.5,微信,小张,否
3374,2026-09-25,21:02,S03,Rabbit店,15,旺旺雪饼,零食,2,33.4,0.1,60.12,支付宝,小刘,否
1040,2026-09-25,21:08,S01,Bear店,48,洗碗海绵,日用百货,2,37.5,0,75,会员储值,小王,否
1001,2026-09-25,21:33,S01,Bear店,42,清风抽纸3层,日用百货,3,37.8,0,113.4,银行卡,小赵,否
3422,2026-09-25,21:35,S02,Catty店,61,胡萝卜,生鲜,4,56,0.15,190.4,现金,小刘,否
3858,2026-09-25,21:35,S03,Rabbit店,5,王老吉罐装,饮料,1,24.6,0,24.6,会员储值,小赵,否
524,2026-09-25,21:36,S04,Shiba店,7,椰树椰汁,饮料,1,32,0.1,28.8,支付宝,小陈,否
424,2026-09-25,21:41,S04,Shiba店,47,垃圾袋50只,日用百货,3,2.1,0,6.3,会员储值,小李,是
1211,2026-09-25,21:44,S03,Rabbit店,49,保鲜膜,日用百货,5,50.2,0,251,会员储值,小陈,否
2022,2026-09-25,21:45,S04,Shiba店,20,士力架花生,零食,2,47.6,0,95.2,会员储值,小赵,是
910,2026-09-25,21:47,S04,Shiba店,68,蛋挞,熟食烘焙,4,35.8,0,143.2,微信,小陈,否
515,2026-09-25,21:54,S02,Catty店,82,冻薯条,冷冻食品,4,37.3,0,149.2,现金,小赵,否
2807,2026-09-25,22:05,S03,Rabbit店,80,雀巢冰淇淋,冷冻食品,2,11.6,0,23.2,现金,小李,否
1704,2026-09-25,22:21,S04,Shiba店,39,陈醋,粮油调味,1,15.2,0,15.2,会员储值,小赵,是
3855,2026-09-25,22:29,S03,Rabbit店,34,金龙鱼食用油5L,粮油调味,2,45.2,0,90.4,支付宝,小刘,否
964,2026-09-25,22:32,S03,Rabbit店,69,炸鸡腿,熟食烘焙,3,45.1,0.1,121.77,支付宝,小陈,否
1290,2026-09-25,22:33,S03,Rabbit店,27,光明鲜牛奶,乳制品,3,8.1,0,24.3,现金,小陈,否
2087,2026-09-25,22:41,S03,Rabbit店,73,雪花啤酒,酒水,2,35.1,0,70.2,银行卡,小赵,否
172,2026-09-25,22:44,S04,Shiba店,44,蓝月亮洗衣液,日用百货,1,12.3,0,12.3,会员储值,小陈,否
315,2026-09-25,22:50,S02,Catty店,9,红牛250ml,饮料,5,26.3,0,131.5,银行卡,小赵,否
2990,2026-09-26,07:09,S03,Rabbit店,56,鸡蛋30枚,生鲜,4,23.1,0.1,83.16,微信,小张,否
2545,2026-09-26,07:10,S01,Bear店,45,舒肤佳香皂,日用百货,5,12.6,0,63,现金,小刘,是
3161,2026-09-26,07:11,S04,Shiba店,75,长城干红,酒水,3,54.3,0,162.9,银行卡,小李,是
2178,2026-09-26,07:16,S01,Bear店,10,康师傅冰红茶,饮料,3,34.3,0,102.9,现金,小李,否
3173,2026-09-26,07:23,S01,Bear店,54,苹果,生鲜,2,21.1,0,42.2,微信,小陈,否
2047,2026-09-26,07:34,S04,Shiba店,52,本地西红柿,生鲜,4,43.2,0.15,146.88,会员储值,小陈,否
1844,2026-09-26,07:38,S01,Bear店,1,可口可乐330ml,饮料,3,9.2,0.1,24.84,会员储值,小张,否
1341,2026-09-26,07:53,S01,Bear店,29,养乐多5连瓶,乳制品,2,39.4,0,78.8,支付宝,小刘,否
697,2026-09-26,07:54,S01,Bear店,28,安慕希酸奶,乳制品,3,45.3,0,135.9,会员储值,小刘,是
2222,2026-09-26,08:06,S02,Catty店,14,奥利奥原味,零食,4,11.6,0,46.4,现金,小赵,是
356,2026-09-26,08:09,S01,Bear店,9,红牛250ml,饮料,2,26.3,0,52.6,会员储值,小刘,否
3047,2026-09-26,08:19,S03,Rabbit店,11,维他柠檬茶,饮料,5,52.8,0,264,支付宝,小王,否
3529,2026-09-26,08:23,S04,Shiba店,60,土豆,生鲜,4,24.3,0,97.2,会员储值,小赵,是
3375,2026-09-26,08:29,S04,Shiba店,6,美汁源果粒橙,饮料,3,28.8,0,86.4,支付宝,小张,是
3027,2026-09-26,08:30,S01,Bear店,25,伊利纯牛奶250ml,乳制品,3,47.9,0,143.7,会员储值,小王,否
1216,2026-09-26,08:44,S03,Rabbit店,20,士力架花生,零食,3,47.6,0,142.8,会员储值,小刘,否
1849,2026-09-26,09:07,S03,Rabbit店,59,鲈鱼,生鲜,3,39.1,0,117.3,微信,小赵,否
571,2026-09-26,09:17,S03,Rabbit店,71,三明治,熟食烘焙,2,40.7,0.15,69.19,会员储值,小张,否
3844,2026-09-26,09:26,S01,Bear店,18,好丽友巧克力派,零食,4,12.1,0.1,43.56,银行卡,小赵,否
1057,2026-09-26,09:32,S01,Bear店,37,太太乐鸡精,粮油调味,1,34.2,0.1,30.78,支付宝,小张,是
1577,2026-09-26,09:33,S03,Rabbit店,12,依云矿泉水,饮料,3,28.5,0,85.5,现金,小李,否
2767,2026-09-26,09:52,S01,Bear店,67,面包吐司,熟食烘焙,3,15.9,0.1,42.93,支付宝,小王,否
407,2026-09-26,10:06,S03,Rabbit店,65,茶叶蛋,熟食烘焙,4,4.3,0.15,14.62,现金,小刘,否
1805,2026-09-26,10:11,S04,Shiba店,58,鸡胸肉,生鲜,1,39.7,0,39.7,会员储值,小赵,否
1609,2026-09-26,10:17,S02,Catty店,81,和路雪甜筒,冷冻食品,5,39.7,0,198.5,会员储值,小赵,否
654,2026-09-26,10:18,S01,Bear店,3,元气森林气泡水,饮料,2,24.4,0,48.8,微信,小李,否
1405,2026-09-26,10:25,S03,Rabbit店,69,炸鸡腿,熟食烘焙,3,45.1,0.15,115.01,银行卡,小陈,是
1448,2026-09-26,10:37,S03,Rabbit店,18,好丽友巧克力派,零食,1,12.1,0,12.1,现金,小张,否
1411,2026-09-26,10:54,S04,Shiba店,56,鸡蛋30枚,生鲜,5,23.1,0,115.5,银行卡,小张,否
893,2026-09-26,10:56,S01,Bear店,27,光明鲜牛奶,乳制品,1,8.1,0,8.1,微信,小刘,否
2593,2026-09-26,11:00,S02,Catty店,60,土豆,生鲜,2,24.3,0.15,41.31,现金,小张,否
471,2026-09-26,11:05,S01,Bear店,14,奥利奥原味,零食,4,11.6,0,46.4,会员储值,小王,否
456,2026-09-26,11:09,S01,Bear店,69,炸鸡腿,熟食烘焙,4,45.1,0,180.4,银行卡,小王,否
2371,2026-09-26,11:16,S03,Rabbit店,79,思念汤圆,冷冻食品,1,54.9,0,54.9,支付宝,小张,否
1133,2026-09-26,11:28,S01,Bear店,2,农夫山泉550ml,饮料,3,57,0,171,支付宝,小王,否
2085,2026-09-26,11:33,S04,Shiba店,26,蒙牛特仑苏,乳制品,2,29.2,0,58.4,微信,小李,否
3334,2026-09-26,11:35,S04,Shiba店,38,老干妈辣椒酱,粮油调味,4,39.4,0,157.6,微信,小李,否
1069,2026-09-26,11:38,S02,Catty店,57,五花肉,生鲜,1,18.2,0.15,15.47,会员储值,小张,否
3877,2026-09-26,11:40,S02,Catty店,36,海天生抽,粮油调味,4,31.2,0,124.8,支付宝,小赵,否
1326,2026-09-26,11:49,S01,Bear店,71,三明治,熟食烘焙,2,40.7,0,81.4,现金,小张,否
71,2026-09-26,12:02,S02,Catty店,74,牛栏山二锅头,酒水,4,59.6,0,238.4,会员储值,小赵,否
2677,2026-09-26,12:04,S04,Shiba店,19,三只松鼠每日坚果,零食,4,53.1,0.1,191.16,微信,小赵,否
1349,2026-09-26,12:21,S02,Catty店,37,太太乐鸡精,粮油调味,5,34.2,0,171,银行卡,小陈,否
2626,2026-09-26,12:33,S03,Rabbit店,57,五花肉,生鲜,1,18.2,0.1,16.38,微信,小张,否
872,2026-09-26,12:43,S03,Rabbit店,52,本地西红柿,生鲜,2,43.2,0.1,77.76,会员储值,小李,否
1578,2026-09-26,12:44,S02,Catty店,66,关东煮,熟食烘焙,5,24.5,0,122.5,微信,小刘,否
141,2026-09-26,12:51,S02,Catty店,44,蓝月亮洗衣液,日用百货,2,12.3,0.1,22.14,现金,小张,否
160,2026-09-26,12:56,S04,Shiba店,62,西兰花,生鲜,3,40.8,0,122.4,银行卡,小赵,否
960,2026-09-26,13:01,S03,Rabbit店,74,牛栏山二锅头,酒水,5,59.6,0,298,支付宝,小刘,是
3328,2026-09-26,13:08,S04,Shiba店,48,洗碗海绵,日用百货,5,37.5,0,187.5,银行卡,小陈,否
192,2026-09-26,13:13,S02,Catty店,61,胡萝卜,生鲜,1,56,0.1,50.4,会员储值,小李,否
2515,2026-09-26,13:17,S03,Rabbit店,38,老干妈辣椒酱,粮油调味,4,39.4,0,157.6,现金,小张,否
787,2026-09-26,13:18,S01,Bear店,59,鲈鱼,生鲜,5,39.1,0.1,175.95,微信,小赵,否
2633,2026-09-26,13:37,S02,Catty店,13,乐事薯片原味,零食,2,59.6,0,119.2,会员储值,小李,否
3552,2026-09-26,13:43,S04,Shiba店,76,江小白,酒水,4,49.1,0,196.4,支付宝,小李,否
4147,2026-09-26,13:52,S04,Shiba店,33,德亚全脂牛奶,乳制品,4,2.6,0.1,9.36,现金,小刘,否
1111,2026-09-26,13:53,S02,Catty店,65,茶叶蛋,熟食烘焙,4,4.3,0.15,14.62,微信,小李,否
1898,2026-09-26,13:55,S01,Bear店,78,湾仔码头水饺,冷冻食品,5,11.2,0,56,银行卡,小陈,否
2552,2026-09-26,13:55,S01,Bear店,81,和路雪甜筒,冷冻食品,4,39.7,0,158.8,微信,小张,否
2204,2026-09-26,14:17,S01,Bear店,3,元气森林气泡水,饮料,4,24.4,0,97.6,支付宝,小张,否
3040,2026-09-26,14:17,S02,Catty店,71,三明治,熟食烘焙,4,40.7,0,162.8,会员储值,小刘,否
1717,2026-09-26,14:44,S01,Bear店,70,便当盒饭,熟食烘焙,4,28.5,0.1,102.6,微信,小王,否
264,2026-09-26,14:54,S02,Catty店,61,胡萝卜,生鲜,2,56,0,112,支付宝,小刘,否
2055,2026-09-26,14:54,S01,Bear店,34,金龙鱼食用油5L,粮油调味,1,45.2,0,45.2,微信,小王,是
195,2026-09-26,14:57,S04,Shiba店,20,士力架花生,零食,1,47.6,0,47.6,现金,小张,否
902,2026-09-26,15:19,S03,Rabbit店,69,炸鸡腿,熟食烘焙,2,45.1,0,90.2,银行卡,小赵,否
4154,2026-09-26,15:19,S04,Shiba店,36,海天生抽,粮油调味,3,31.2,0,93.6,微信,小张,否
1054,2026-09-26,15:47,S01,Bear店,52,本地西红柿,生鲜,5,43.2,0,216,现金,小王,否
1412,2026-09-26,15:52,S03,Rabbit店,50,电池5号,日用百货,1,36.6,0,36.6,现金,小刘,否
4111,2026-09-26,15:58,S02,Catty店,15,旺旺雪饼,零食,5,33.4,0,167,会员储值,小赵,是
1731,2026-09-26,16:22,S04,Shiba店,43,维达卷纸,日用百货,3,23.6,0,70.8,会员储值,小王,否
1869,2026-09-26,16:39,S02,Catty店,54,苹果,生鲜,2,21.1,0,42.2,微信,小张,否
1086,2026-09-26,16:41,S04,Shiba店,70,便当盒饭,熟食烘焙,1,28.5,0.15,24.22,现金,小王,否
2915,2026-09-26,16:48,S01,Bear店,64,鲜肉包子,熟食烘焙,2,6,0,12,微信,小赵,否
3576,2026-09-26,16:49,S01,Bear店,20,士力架花生,零食,3,47.6,0,142.8,现金,小张,否
2779,2026-09-26,16:50,S04,Shiba店,11,维他柠檬茶,饮料,2,52.8,0,105.6,支付宝,小李,否
2366,2026-09-26,16:57,S02,Catty店,55,香蕉,生鲜,3,10.8,0,32.4,银行卡,小张,否
2097,2026-09-26,17:03,S04,Shiba店,24,上好佳鲜虾片,零食,4,17.9,0,71.6,会员储值,小陈,否
1791,2026-09-26,17:20,S03,Rabbit店,66,关东煮,熟食烘焙,1,24.5,0,24.5,会员储值,小张,否
4136,2026-09-26,17:24,S01,Bear店,30,简爱酸奶,乳制品,3,15.7,0,47.1,支付宝,小赵,否
1963,2026-09-26,17:33,S04,Shiba店,55,香蕉,生鲜,4,10.8,0,43.2,银行卡,小王,否
1879,2026-09-26,17:37,S02,Catty店,67,面包吐司,熟食烘焙,3,15.9,0,47.7,支付宝,小赵,否
3289,2026-09-26,17:42,S01,Bear店,19,三只松鼠每日坚果,零食,3,53.1,0,159.3,支付宝,小王,是
3366,2026-09-26,17:44,S02,Catty店,19,三只松鼠每日坚果,零食,2,53.1,0,106.2,银行卡,小赵,否
843,2026-09-26,17:45,S01,Bear店,46,高露洁牙膏,日用百货,5,53.4,0,267,银行卡,小刘,否
191,2026-09-26,17:49,S02,Catty店,6,美汁源果粒橙,饮料,2,28.8,0,57.6,会员储值,小刘,否
365,2026-09-26,17:54,S02,Catty店,66,关东煮,熟食烘焙,2,24.5,0.15,41.65,银行卡,小李,否
2839,2026-09-26,18:01,S02,Catty店,33,德亚全脂牛奶,乳制品,1,2.6,0,2.6,银行卡,小刘,否
1369,2026-09-26,18:07,S04,Shiba店,20,士力架花生,零食,4,47.6,0,190.4,微信,小刘,否
616,2026-09-26,18:08,S03,Rabbit店,30,简爱酸奶,乳制品,5,15.7,0,78.5,银行卡,小李,否
2009,2026-09-26,18:16,S03,Rabbit店,34,金龙鱼食用油5L,粮油调味,3,45.2,0,135.6,银行卡,小张,否
2370,2026-09-26,18:21,S03,Rabbit店,17,恰恰香瓜子,零食,4,26.2,0.1,94.32,银行卡,小李,是
384,2026-09-26,18:36,S04,Shiba店,60,土豆,生鲜,3,24.3,0,72.9,微信,小张,是
2232,2026-09-26,18:50,S01,Bear店,2,农夫山泉550ml,饮料,2,57,0,114,银行卡,小李,否
2438,2026-09-26,18:51,S02,Catty店,49,保鲜膜,日用百货,2,50.2,0,100.4,现金,小陈,否
2024,2026-09-26,19:08,S01,Bear店,76,江小白,酒水,2,49.1,0.1,88.38,银行卡,小刘,否
4077,2026-09-26,19:15,S03,Rabbit店,29,养乐多5连瓶,乳制品,4,39.4,0.1,141.84,会员储值,小王,是
819,2026-09-26,19:20,S04,Shiba店,55,香蕉,生鲜,4,10.8,0.15,36.72,微信,小张,否
3953,2026-09-26,19:21,S01,Bear店,36,海天生抽,粮油调味,2,31.2,0,62.4,银行卡,小陈,否
254,2026-09-26,19:30,S04,Shiba店,34,金龙鱼食用油5L,粮油调味,1,45.2,0,45.2,微信,小刘,否
3514,2026-09-26,19:30,S03,Rabbit店,78,湾仔码头水饺,冷冻食品,5,11.2,0.1,50.4,微信,小刘,否
1066,2026-09-26,19:32,S02,Catty店,64,鲜肉包子,熟食烘焙,5,6,0,30,会员储值,小刘,是
291,2026-09-26,19:48,S02,Catty店,45,舒肤佳香皂,日用百货,2,12.6,0,25.2,微信,小张,否
1981,2026-09-26,19:52,S03,Rabbit店,42,清风抽纸3层,日用百货,4,37.8,0,151.2,银行卡,小王,否
2616,2026-09-26,19:56,S02,Catty店,24,上好佳鲜虾片,零食,5,17.9,0,89.5,银行卡,小李,否
2405,2026-09-26,20:17,S01,Bear店,44,蓝月亮洗衣液,日用百货,2,12.3,0,24.6,现金,小赵,是
2951,2026-09-26,20:21,S02,Catty店,4,东方树叶乌龙茶,饮料,5,49.8,0,249,现金,小王,否
4131,2026-09-26,20:25,S04,Shiba店,2,农夫山泉550ml,饮料,5,57,0,285,会员储值,小李,否
3265,2026-09-26,20:36,S03,Rabbit店,30,简爱酸奶,乳制品,5,15.7,0,78.5,银行卡,小刘,否
2212,2026-09-26,20:56,S03,Rabbit店,38,老干妈辣椒酱,粮油调味,3,39.4,0.1,106.38,银行卡,小赵,否
3029,2026-09-26,21:01,S03,Rabbit店,65,茶叶蛋,熟食烘焙,1,4.3,0,4.3,银行卡,小刘,是
177,2026-09-26,21:09,S03,Rabbit店,27,光明鲜牛奶,乳制品,5,8.1,0,40.5,微信,小张,否
2201,2026-09-26,21:11,S04,Shiba店,23,比比赞面包,零食,2,65,0,130,现金,小张,否
1200,2026-09-26,21:17,S03,Rabbit店,43,维达卷纸,日用百货,5,23.6,0,118,会员储值,小张,否
2665,2026-09-26,21:19,S03,Rabbit店,63,草莓,生鲜,3,23.3,0.1,62.91,支付宝,小王,否
3277,2026-09-26,21:23,S03,Rabbit店,46,高露洁牙膏,日用百货,2,53.4,0,106.8,微信,小王,否
4150,2026-09-26,21:42,S03,Rabbit店,4,东方树叶乌龙茶,饮料,2,49.8,0,99.6,现金,小赵,否
788,2026-09-26,21:43,S03,Rabbit店,18,好丽友巧克力派,零食,5,12.1,0,60.5,会员储值,小李,是
2287,2026-09-26,21:57,S01,Bear店,43,维达卷纸,日用百货,3,23.6,0,70.8,会员储值,小李,否
4113,2026-09-26,22:00,S02,Catty店,54,苹果,生鲜,4,21.1,0.1,75.96,银行卡,小张,否
3084,2026-09-26,22:20,S01,Bear店,66,关东煮,熟食烘焙,4,24.5,0,98,微信,小李,否
2818,2026-09-26,22:22,S01,Bear店,25,伊利纯牛奶250ml,乳制品,4,47.9,0,191.6,微信,小王,否
1694,2026-09-26,22:26,S02,Catty店,63,草莓,生鲜,4,23.3,0,93.2,银行卡,小赵,否
2935,2026-09-26,22:31,S02,Catty店,33,德亚全脂牛奶,乳制品,5,2.6,0,13,银行卡,小赵,否
3059,2026-09-26,22:34,S02,Catty店,51,牙签,日用百货,2,18.3,0,36.6,银行卡,小张,否
2853,2026-09-26,22:44,S02,Catty店,49,保鲜膜,日用百货,1,50.2,0,50.2,现金,小王,是
3245,2026-09-26,22:48,S02,Catty店,56,鸡蛋30枚,生鲜,4,23.1,0,92.4,微信,小刘,否
4070,2026-09-26,22:53,S03,Rabbit店,65,茶叶蛋,熟食烘焙,1,4.3,0,4.3,现金,小陈,否
3703,2026-09-26,22:54,S04,Shiba店,36,海天生抽,粮油调味,3,31.2,0,93.6,支付宝,小王,否
1654,2026-09-26,22:56,S03,Rabbit店,63,草莓,生鲜,2,23.3,0,46.6,现金,小张,否
3742,2026-09-27,07:05,S01,Bear店,53,黄瓜,生鲜,4,45.7,0.15,155.38,现金,小刘,是
451,2026-09-27,07:07,S01,Bear店,61,胡萝卜,生鲜,2,56,0,112,微信,小陈,是
3284,2026-09-27,07:10,S01,Bear店,32,奶酪棒,乳制品,3,28.7,0,86.1,支付宝,小王,否
2843,2026-09-27,07:11,S02,Catty店,46,高露洁牙膏,日用百货,3,53.4,0,160.2,微信,小陈,否
1830,2026-09-27,07:12,S02,Catty店,82,冻薯条,冷冻食品,1,37.3,0,37.3,现金,小李,否
1155,2026-09-27,07:18,S01,Bear店,44,蓝月亮洗衣液,日用百货,3,12.3,0,36.9,会员储值,小王,是
4191,2026-09-27,07:35,S03,Rabbit店,15,旺旺雪饼,零食,4,33.4,0,133.6,银行卡,小陈,否
3686,2026-09-27,07:52,S03,Rabbit店,38,老干妈辣椒酱,粮油调味,4,39.4,0.1,141.84,现金,小赵,否
694,2026-09-27,08:01,S03,Rabbit店,30,简爱酸奶,乳制品,4,15.7,0.1,56.52,微信,小刘,否
3907,2026-09-27,08:04,S02,Catty店,70,便当盒饭,熟食烘焙,3,28.5,0,85.5,支付宝,小王,否
4195,2026-09-27,08:05,S02,Catty店,13,乐事薯片原味,零食,5,59.6,0,298,会员储值,小张,是
2021,2026-09-27,08:06,S02,Catty店,28,安慕希酸奶,乳制品,2,45.3,0,90.6,会员储值,小李,否
2078,2026-09-27,08:43,S04,Shiba店,35,福临门大米5kg,粮油调味,1,31.8,0,31.8,微信,小王,否
268,2026-09-27,08:48,S01,Bear店,27,光明鲜牛奶,乳制品,1,8.1,0,8.1,会员储值,小陈,否
3665,2026-09-27,08:59,S03,Rabbit店,4,东方树叶乌龙茶,饮料,4,49.8,0,199.2,支付宝,小陈,否
4080,2026-09-27,09:01,S03,Rabbit店,20,士力架花生,零食,1,47.6,0,47.6,微信,小陈,否
448,2026-09-27,09:10,S04,Shiba店,70,便当盒饭,熟食烘焙,5,28.5,0,142.5,支付宝,小李,是
3736,2026-09-27,09:10,S03,Rabbit店,29,养乐多5连瓶,乳制品,2,39.4,0,78.8,会员储值,小王,否
3609,2026-09-27,09:12,S03,Rabbit店,62,西兰花,生鲜,2,40.8,0.1,73.44,会员储值,小刘,否
1567,2026-09-27,09:14,S03,Rabbit店,73,雪花啤酒,酒水,3,35.1,0,105.3,支付宝,小刘,否
342,2026-09-27,09:16,S04,Shiba店,43,维达卷纸,日用百货,5,23.6,0,118,现金,小刘,否
2051,2026-09-27,09:25,S04,Shiba店,79,思念汤圆,冷冻食品,4,54.9,0.1,197.64,现金,小刘,否
658,2026-09-27,09:28,S03,Rabbit店,64,鲜肉包子,熟食烘焙,1,6,0,6,银行卡,小李,是
3402,2026-09-27,09:30,S03,Rabbit店,66,关东煮,熟食烘焙,4,24.5,0,98,现金,小王,是
839,2026-09-27,09:33,S03,Rabbit店,34,金龙鱼食用油5L,粮油调味,2,45.2,0,90.4,支付宝,小陈,否
809,2026-09-27,09:36,S01,Bear店,23,比比赞面包,零食,4,65,0,260,银行卡,小李,否
699,2026-09-27,09:37,S03,Rabbit店,44,蓝月亮洗衣液,日用百货,1,12.3,0,12.3,支付宝,小王,否
4,2026-09-27,09:44,S03,Rabbit店,69,炸鸡腿,熟食烘焙,5,45.1,0,225.5,支付宝,小张,否
3882,2026-09-27,10:01,S02,Catty店,46,高露洁牙膏,日用百货,2,53.4,0,106.8,支付宝,小赵,否
3031,2026-09-27,10:03,S02,Catty店,78,湾仔码头水饺,冷冻食品,2,11.2,0,22.4,微信,小赵,是
3353,2026-09-27,10:03,S01,Bear店,33,德亚全脂牛奶,乳制品,4,2.6,0.1,9.36,现金,小赵,是
1396,2026-09-27,10:10,S02,Catty店,6,美汁源果粒橙,饮料,2,28.8,0.1,51.84,支付宝,小陈,否
46,2026-09-27,10:14,S01,Bear店,60,土豆,生鲜,5,24.3,0,121.5,支付宝,小赵,否
3709,2026-09-27,10:32,S04,Shiba店,10,康师傅冰红茶,饮料,4,34.3,0.1,123.48,微信,小陈,是
1580,2026-09-27,10:41,S01,Bear店,48,洗碗海绵,日用百货,1,37.5,0,37.5,支付宝,小李,否
1688,2026-09-27,10:51,S01,Bear店,28,安慕希酸奶,乳制品,4,45.3,0,181.2,现金,小张,否
3223,2026-09-27,10:54,S03,Rabbit店,53,黄瓜,生鲜,2,45.7,0,91.4,支付宝,小张,否
1236,2026-09-27,10:55,S01,Bear店,12,依云矿泉水,饮料,5,28.5,0.1,128.25,银行卡,小刘,是
1074,2026-09-27,11:03,S03,Rabbit店,10,康师傅冰红茶,饮料,4,34.3,0,137.2,会员储值,小张,是
2778,2026-09-27,11:07,S04,Shiba店,61,胡萝卜,生鲜,4,56,0.15,190.4,现金,小张,否
3962,2026-09-27,11:07,S01,Bear店,25,伊利纯牛奶250ml,乳制品,2,47.9,0,95.8,银行卡,小陈,否
2313,2026-09-27,11:12,S03,Rabbit店,24,上好佳鲜虾片,零食,2,17.9,0.1,32.22,会员储值,小刘,否
1986,2026-09-27,11:14,S04,Shiba店,36,海天生抽,粮油调味,5,31.2,0,156,微信,小刘,否
2622,2026-09-27,11:17,S04,Shiba店,82,冻薯条,冷冻食品,4,37.3,0,149.2,现金,小张,否
1657,2026-09-27,11:23,S03,Rabbit店,31,旺仔牛奶,乳制品,3,24.4,0,73.2,会员储值,小王,否
4001,2026-09-27,11:25,S02,Catty店,34,金龙鱼食用油5L,粮油调味,5,45.2,0,226,支付宝,小陈,是
4148,2026-09-27,11:29,S04,Shiba店,9,红牛250ml,饮料,1,26.3,0,26.3,会员储值,小李,否
3360,2026-09-27,11:36,S03,Rabbit店,55,香蕉,生鲜,5,10.8,0.15,45.9,支付宝,小李,否
2311,2026-09-27,11:45,S01,Bear店,32,奶酪棒,乳制品,2,28.7,0,57.4,支付宝,小赵,否
2722,2026-09-27,11:55,S01,Bear店,76,江小白,酒水,3,49.1,0,147.3,微信,小陈,是
3889,2026-09-27,12:05,S03,Rabbit店,1,可口可乐330ml,饮料,3,9.2,0,27.6,银行卡,小张,否
805,2026-09-27,12:13,S03,Rabbit店,69,炸鸡腿,熟食烘焙,3,45.1,0,135.3,支付宝,小陈,否
179,2026-09-27,12:18,S01,Bear店,8,脉动青柠,饮料,2,50.6,0,101.2,银行卡,小刘,否
3251,2026-09-27,12:22,S03,Rabbit店,72,青岛啤酒500ml,酒水,4,58.2,0,232.8,会员储值,小赵,否
2274,2026-09-27,12:35,S01,Bear店,79,思念汤圆,冷冻食品,4,54.9,0,219.6,会员储值,小张,是
1463,2026-09-27,12:37,S04,Shiba店,50,电池5号,日用百货,1,36.6,0.1,32.94,现金,小王,否
3995,2026-09-27,12:37,S03,Rabbit店,51,牙签,日用百货,5,18.3,0,91.5,现金,小刘,否
2186,2026-09-27,12:56,S01,Bear店,71,三明治,熟食烘焙,3,40.7,0,122.1,会员储值,小王,否
3819,2026-09-27,12:56,S03,Rabbit店,79,思念汤圆,冷冻食品,4,54.9,0,219.6,支付宝,小张,是
4129,2026-09-27,13:05,S03,Rabbit店,46,高露洁牙膏,日用百货,2,53.4,0,106.8,现金,小张,否
114,2026-09-27,13:08,S02,Catty店,53,黄瓜,生鲜,3,45.7,0,137.1,微信,小陈,是
2171,2026-09-27,13:17,S02,Catty店,54,苹果,生鲜,1,21.1,0,21.1,现金,小陈,是
4003,2026-09-27,13:22,S03,Rabbit店,11,维他柠檬茶,饮料,1,52.8,0,52.8,支付宝,小刘,否
3271,2026-09-27,13:23,S01,Bear店,19,三只松鼠每日坚果,零食,5,53.1,0,265.5,现金,小赵,否
1460,2026-09-27,13:35,S04,Shiba店,3,元气森林气泡水,饮料,1,24.4,0,24.4,会员储值,小王,否
1780,2026-09-27,13:51,S03,Rabbit店,46,高露洁牙膏,日用百货,1,53.4,0,53.4,微信,小李,是
759,2026-09-27,13:59,S04,Shiba店,44,蓝月亮洗衣液,日用百货,3,12.3,0,36.9,会员储值,小陈,否
988,2026-09-27,14:15,S01,Bear店,20,士力架花生,零食,3,47.6,0,142.8,微信,小陈,是
1941,2026-09-27,14:17,S03,Rabbit店,10,康师傅冰红茶,饮料,2,34.3,0,68.6,现金,小赵,否
1874,2026-09-27,14:30,S04,Shiba店,68,蛋挞,熟食烘焙,2,35.8,0,71.6,现金,小赵,是
537,2026-09-27,14:32,S03,Rabbit店,48,洗碗海绵,日用百货,4,37.5,0,150,银行卡,小王,是
4169,2026-09-27,14:34,S02,Catty店,22,洽洽小黄袋,零食,1,50.2,0,50.2,微信,小李,否
1605,2026-09-27,14:40,S02,Catty店,75,长城干红,酒水,1,54.3,0.1,48.87,微信,小赵,否
2640,2026-09-27,14:44,S02,Catty店,67,面包吐司,熟食烘焙,2,15.9,0.15,27.03,现金,小赵,否
1203,2026-09-27,14:54,S04,Shiba店,62,西兰花,生鲜,4,40.8,0,163.2,支付宝,小李,否
1910,2026-09-27,15:02,S01,Bear店,5,王老吉罐装,饮料,1,24.6,0,24.6,会员储值,小刘,是
3896,2026-09-27,15:05,S02,Catty店,77,RIO鸡尾酒,酒水,4,29,0.1,104.4,微信,小赵,是
892,2026-09-27,15:10,S02,Catty店,73,雪花啤酒,酒水,1,35.1,0,35.1,支付宝,小张,是
2708,2026-09-27,15:50,S02,Catty店,36,海天生抽,粮油调味,3,31.2,0,93.6,微信,小陈,是
1608,2026-09-27,15:52,S01,Bear店,38,老干妈辣椒酱,粮油调味,2,39.4,0,78.8,微信,小王,否
2070,2026-09-27,15:53,S03,Rabbit店,5,王老吉罐装,饮料,4,24.6,0,98.4,会员储值,小张,是
3937,2026-09-27,15:59,S01,Bear店,8,脉动青柠,饮料,1,50.6,0.1,45.54,支付宝,小陈,是
3643,2026-09-27,16:03,S03,Rabbit店,25,伊利纯牛奶250ml,乳制品,2,47.9,0,95.8,支付宝,小张,是
1669,2026-09-27,16:09,S01,Bear店,64,鲜肉包子,熟食烘焙,2,6,0,12,会员储值,小王,否
1812,2026-09-27,16:11,S03,Rabbit店,55,香蕉,生鲜,2,10.8,0.1,19.44,会员储值,小陈,否
1651,2026-09-27,16:13,S03,Rabbit店,48,洗碗海绵,日用百货,4,37.5,0,150,现金,小赵,是
2207,2026-09-27,16:14,S02,Catty店,72,青岛啤酒500ml,酒水,3,58.2,0,174.6,现金,小张,否
2341,2026-09-27,16:14,S04,Shiba店,68,蛋挞,熟食烘焙,5,35.8,0,179,会员储值,小刘,否
362,2026-09-27,16:20,S04,Shiba店,24,上好佳鲜虾片,零食,2,17.9,0,35.8,现金,小陈,否
1826,2026-09-27,16:27,S04,Shiba店,12,依云矿泉水,饮料,4,28.5,0,114,现金,小赵,否
3248,2026-09-27,16:27,S04,Shiba店,6,美汁源果粒橙,饮料,1,28.8,0,28.8,银行卡,小刘,否
3836,2026-09-27,16:30,S01,Bear店,1,可口可乐330ml,饮料,3,9.2,0,27.6,支付宝,小刘,否
4055,2026-09-27,16:31,S01,Bear店,57,五花肉,生鲜,3,18.2,0,54.6,银行卡,小李,否
1275,2026-09-27,16:49,S01,Bear店,57,五花肉,生鲜,2,18.2,0.15,30.94,微信,小王,否
2480,2026-09-27,16:58,S04,Shiba店,36,海天生抽,粮油调味,5,31.2,0,156,现金,小陈,否
4118,2026-09-27,17:01,S01,Bear店,70,便当盒饭,熟食烘焙,5,28.5,0.15,121.12,银行卡,小赵,是
3293,2026-09-27,17:12,S01,Bear店,48,洗碗海绵,日用百货,4,37.5,0,150,会员储值,小王,是
753,2026-09-27,17:24,S02,Catty店,57,五花肉,生鲜,1,18.2,0.1,16.38,微信,小刘,否
3917,2026-09-27,17:24,S01,Bear店,72,青岛啤酒500ml,酒水,1,58.2,0.1,52.38,现金,小刘,否
1336,2026-09-27,17:36,S02,Catty店,76,江小白,酒水,2,49.1,0,98.2,会员储值,小李,是
3038,2026-09-27,17:36,S04,Shiba店,50,电池5号,日用百货,2,36.6,0,73.2,现金,小赵,否
1663,2026-09-27,17:58,S03,Rabbit店,57,五花肉,生鲜,3,18.2,0.1,49.14,支付宝,小王,否
223,2026-09-27,18:18,S02,Catty店,49,保鲜膜,日用百货,2,50.2,0,100.4,银行卡,小李,否
2067,2026-09-27,18:36,S03,Rabbit店,55,香蕉,生鲜,2,10.8,0,21.6,现金,小王,是
2601,2026-09-27,18:37,S01,Bear店,26,蒙牛特仑苏,乳制品,3,29.2,0,87.6,会员储值,小赵,是
3078,2026-09-27,18:38,S04,Shiba店,5,王老吉罐装,饮料,5,24.6,0,123,微信,小赵,是
3841,2026-09-27,18:39,S03,Rabbit店,73,雪花啤酒,酒水,1,35.1,0,35.1,支付宝,小李,是
1388,2026-09-27,18:42,S03,Rabbit店,44,蓝月亮洗衣液,日用百货,4,12.3,0,49.2,现金,小赵,否
1508,2026-09-27,19:06,S01,Bear店,20,士力架花生,零食,1,47.6,0,47.6,支付宝,小陈,否
3808,2026-09-27,19:08,S01,Bear店,68,蛋挞,熟食烘焙,4,35.8,0,143.2,支付宝,小王,否
427,2026-09-27,19:10,S01,Bear店,2,农夫山泉550ml,饮料,5,57,0,285,会员储值,小刘,否
2502,2026-09-27,19:13,S02,Catty店,42,清风抽纸3层,日用百货,1,37.8,0,37.8,微信,小李,是
4112,2026-09-27,19:33,S04,Shiba店,80,雀巢冰淇淋,冷冻食品,3,11.6,0,34.8,支付宝,小张,否
2316,2026-09-27,19:36,S04,Shiba店,43,维达卷纸,日用百货,5,23.6,0,118,现金,小王,否
3004,2026-09-27,19:50,S02,Catty店,31,旺仔牛奶,乳制品,1,24.4,0,24.4,现金,小陈,是
1793,2026-09-27,19:57,S02,Catty店,7,椰树椰汁,饮料,2,32,0,64,支付宝,小陈,是
660,2026-09-27,20:00,S02,Catty店,37,太太乐鸡精,粮油调味,1,34.2,0,34.2,银行卡,小张,否
2492,2026-09-27,20:26,S04,Shiba店,42,清风抽纸3层,日用百货,5,37.8,0,189,微信,小赵,否
4106,2026-09-27,20:28,S01,Bear店,55,香蕉,生鲜,5,10.8,0,54,银行卡,小赵,否
2921,2026-09-27,20:43,S01,Bear店,51,牙签,日用百货,5,18.3,0.1,82.35,会员储值,小赵,否
950,2026-09-27,20:48,S01,Bear店,69,炸鸡腿,熟食烘焙,3,45.1,0,135.3,微信,小刘,否
3273,2026-09-27,21:11,S03,Rabbit店,75,长城干红,酒水,2,54.3,0,108.6,现金,小王,否
4159,2026-09-27,21:22,S04,Shiba店,8,脉动青柠,饮料,2,50.6,0,101.2,支付宝,小陈,否
2707,2026-09-27,22:15,S03,Rabbit店,19,三只松鼠每日坚果,零食,5,53.1,0.1,238.95,现金,小赵,否
1205,2026-09-27,22:21,S03,Rabbit店,36,海天生抽,粮油调味,2,31.2,0,62.4,现金,小李,否
1574,2026-09-27,22:28,S01,Bear店,28,安慕希酸奶,乳制品,1,45.3,0,45.3,会员储值,小张,否
1154,2026-09-27,22:31,S03,Rabbit店,23,比比赞面包,零食,3,65,0,195,银行卡,小王,否
708,2026-09-27,22:39,S02,Catty店,62,西兰花,生鲜,3,40.8,0,122.4,微信,小王,是
1770,2026-09-27,22:41,S04,Shiba店,64,鲜肉包子,熟食烘焙,3,6,0,18,支付宝,小李,否
2548,2026-09-27,22:54,S04,Shiba店,80,雀巢冰淇淋,冷冻食品,2,11.6,0.1,20.88,现金,小赵,是
2282,2026-09-27,22:56,S03,Rabbit店,62,西兰花,生鲜,1,40.8,0,40.8,支付宝,小陈,是
2717,2026-09-27,22:56,S02,Catty店,52,本地西红柿,生鲜,2,43.2,0.15,73.44,银行卡,小赵,否
878,2026-09-28,07:11,S01,Bear店,11,维他柠檬茶,饮料,3,52.8,0,158.4,银行卡,小陈,否
919,2026-09-28,07:11,S04,Shiba店,77,RIO鸡尾酒,酒水,2,29,0.1,52.2,支付宝,小刘,否
377,2026-09-28,07:12,S02,Catty店,55,香蕉,生鲜,3,10.8,0,32.4,现金,小陈,否
473,2026-09-28,07:16,S01,Bear店,72,青岛啤酒500ml,酒水,3,58.2,0,174.6,会员储值,小赵,否
1784,2026-09-28,07:17,S02,Catty店,16,卫龙辣条,零食,2,29.4,0.1,52.92,现金,小王,否
2294,2026-09-28,07:21,S01,Bear店,47,垃圾袋50只,日用百货,2,2.1,0,4.2,会员储值,小陈,是
3985,2026-09-28,07:22,S01,Bear店,60,土豆,生鲜,2,24.3,0,48.6,支付宝,小刘,否
3876,2026-09-28,07:38,S01,Bear店,73,雪花啤酒,酒水,2,35.1,0.1,63.18,支付宝,小王,否
653,2026-09-28,07:40,S04,Shiba店,57,五花肉,生鲜,3,18.2,0,54.6,现金,小王,否
2972,2026-09-28,07:55,S02,Catty店,12,依云矿泉水,饮料,5,28.5,0,142.5,会员储值,小李,是
3649,2026-09-28,08:10,S04,Shiba店,21,德芙丝滑巧克力,零食,1,23.2,0,23.2,银行卡,小张,是
1768,2026-09-28,08:12,S02,Catty店,81,和路雪甜筒,冷冻食品,1,39.7,0,39.7,现金,小张,否
2867,2026-09-28,08:23,S01,Bear店,56,鸡蛋30枚,生鲜,4,23.1,0.1,83.16,银行卡,小李,是
1776,2026-09-28,08:50,S04,Shiba店,54,苹果,生鲜,2,21.1,0,42.2,银行卡,小张,否
85,2026-09-28,09:04,S04,Shiba店,34,金龙鱼食用油5L,粮油调味,3,45.2,0,135.6,现金,小王,否
2306,2026-09-28,09:04,S04,Shiba店,25,伊利纯牛奶250ml,乳制品,1,47.9,0,47.9,支付宝,小刘,是
4089,2026-09-28,09:20,S04,Shiba店,6,美汁源果粒橙,饮料,2,28.8,0,57.6,支付宝,小王,是
766,2026-09-28,09:21,S02,Catty店,57,五花肉,生鲜,3,18.2,0,54.6,现金,小赵,是
2027,2026-09-28,09:46,S04,Shiba店,17,恰恰香瓜子,零食,1,26.2,0,26.2,现金,小王,否
1068,2026-09-28,09:58,S04,Shiba店,26,蒙牛特仑苏,乳制品,5,29.2,0,146,银行卡,小陈,是
3170,2026-09-28,10:02,S03,Rabbit店,2,农夫山泉550ml,饮料,4,57,0,228,微信,小张,否
1271,2026-09-28,10:03,S03,Rabbit店,7,椰树椰汁,饮料,2,32,0,64,会员储值,小刘,是
3732,2026-09-28,10:14,S02,Catty店,66,关东煮,熟食烘焙,1,24.5,0.15,20.82,微信,小王,否
3355,2026-09-28,10:22,S03,Rabbit店,36,海天生抽,粮油调味,5,31.2,0,156,现金,小张,否
3085,2026-09-28,10:26,S03,Rabbit店,52,本地西红柿,生鲜,3,43.2,0.15,110.16,会员储值,小李,否
1123,2026-09-28,10:29,S01,Bear店,72,青岛啤酒500ml,酒水,3,58.2,0,174.6,微信,小王,否
3406,2026-09-28,10:43,S02,Catty店,82,冻薯条,冷冻食品,3,37.3,0,111.9,会员储值,小王,是
884,2026-09-28,10:50,S03,Rabbit店,14,奥利奥原味,零食,1,11.6,0,11.6,现金,小王,否
1045,2026-09-28,10:52,S04,Shiba店,54,苹果,生鲜,2,21.1,0,42.2,银行卡,小李,否
2253,2026-09-28,10:57,S01,Bear店,23,比比赞面包,零食,5,65,0,325,微信,小王,否
3516,2026-09-28,11:00,S02,Catty店,7,椰树椰汁,饮料,1,32,0,32,银行卡,小刘,否
668,2026-09-28,11:15,S01,Bear店,52,本地西红柿,生鲜,3,43.2,0.1,116.64,现金,小刘,是
3860,2026-09-28,11:15,S01,Bear店,8,脉动青柠,饮料,4,50.6,0,202.4,现金,小王,是
3099,2026-09-28,11:21,S01,Bear店,76,江小白,酒水,4,49.1,0,196.4,支付宝,小王,是
1431,2026-09-28,11:28,S02,Catty店,12,依云矿泉水,饮料,2,28.5,0,57,支付宝,小李,否
1576,2026-09-28,11:34,S03,Rabbit店,39,陈醋,粮油调味,1,15.2,0,15.2,会员储值,小张,否
3927,2026-09-28,11:44,S04,Shiba店,58,鸡胸肉,生鲜,4,39.7,0.15,134.98,支付宝,小赵,否
2745,2026-09-28,11:50,S03,Rabbit店,73,雪花啤酒,酒水,4,35.1,0.1,126.36,会员储值,小张,否
58,2026-09-28,11:51,S03,Rabbit店,15,旺旺雪饼,零食,5,33.4,0,167,支付宝,小刘,否
2549,2026-09-28,11:52,S03,Rabbit店,37,太太乐鸡精,粮油调味,1,34.2,0,34.2,现金,小李,否
844,2026-09-28,11:54,S04,Shiba店,64,鲜肉包子,熟食烘焙,2,6,0,12,支付宝,小刘,否
3326,2026-09-28,12:06,S01,Bear店,13,乐事薯片原味,零食,5,59.6,0,298,会员储值,小张,否
4163,2026-09-28,12:09,S02,Catty店,71,三明治,熟食烘焙,5,40.7,0,203.5,会员储值,小张,否
2329,2026-09-28,12:10,S02,Catty店,77,RIO鸡尾酒,酒水,5,29,0,145,微信,小王,否
2372,2026-09-28,12:12,S03,Rabbit店,52,本地西红柿,生鲜,2,43.2,0.15,73.44,银行卡,小刘,是
1917,2026-09-28,12:16,S04,Shiba店,54,苹果,生鲜,1,21.1,0.1,18.99,会员储值,小王,是
936,2026-09-28,12:17,S04,Shiba店,71,三明治,熟食烘焙,3,40.7,0.1,109.89,银行卡,小王,否
3419,2026-09-28,12:25,S01,Bear店,48,洗碗海绵,日用百货,5,37.5,0,187.5,现金,小王,否
2415,2026-09-28,12:31,S01,Bear店,32,奶酪棒,乳制品,3,28.7,0,86.1,微信,小李,是
3035,2026-09-28,12:31,S02,Catty店,73,雪花啤酒,酒水,3,35.1,0,105.3,支付宝,小赵,是
137,2026-09-28,12:38,S03,Rabbit店,80,雀巢冰淇淋,冷冻食品,2,11.6,0.1,20.88,会员储值,小陈,否
92,2026-09-28,12:41,S03,Rabbit店,38,老干妈辣椒酱,粮油调味,5,39.4,0,197,微信,小刘,是
2893,2026-09-28,12:46,S01,Bear店,48,洗碗海绵,日用百货,3,37.5,0,112.5,现金,小李,是
4073,2026-09-28,12:54,S04,Shiba店,78,湾仔码头水饺,冷冻食品,3,11.2,0,33.6,现金,小王,否
583,2026-09-28,12:59,S04,Shiba店,69,炸鸡腿,熟食烘焙,2,45.1,0,90.2,微信,小李,是
2878,2026-09-28,13:02,S03,Rabbit店,60,土豆,生鲜,1,24.3,0,24.3,支付宝,小陈,是
1419,2026-09-28,13:05,S04,Shiba店,19,三只松鼠每日坚果,零食,2,53.1,0,106.2,银行卡,小王,否
1294,2026-09-28,13:08,S03,Rabbit店,36,海天生抽,粮油调味,3,31.2,0,93.6,会员储值,小张,否
3699,2026-09-28,13:11,S04,Shiba店,76,江小白,酒水,3,49.1,0,147.3,微信,小刘,否
3525,2026-09-28,13:13,S01,Bear店,54,苹果,生鲜,3,21.1,0,63.3,会员储值,小李,否
1754,2026-09-28,13:36,S02,Catty店,16,卫龙辣条,零食,5,29.4,0,147,现金,小王,否
2811,2026-09-28,13:38,S04,Shiba店,35,福临门大米5kg,粮油调味,2,31.8,0,63.6,银行卡,小赵,否
1641,2026-09-28,13:44,S02,Catty店,52,本地西红柿,生鲜,5,43.2,0.1,194.4,微信,小赵,否
2498,2026-09-28,13:45,S03,Rabbit店,17,恰恰香瓜子,零食,4,26.2,0,104.8,微信,小王,否
2922,2026-09-28,13:47,S02,Catty店,78,湾仔码头水饺,冷冻食品,2,11.2,0,22.4,会员储值,小张,否
307,2026-09-28,13:49,S04,Shiba店,22,洽洽小黄袋,零食,4,50.2,0,200.8,微信,小赵,否
447,2026-09-28,13:58,S04,Shiba店,33,德亚全脂牛奶,乳制品,2,2.6,0,5.2,现金,小刘,否
1642,2026-09-28,13:58,S03,Rabbit店,79,思念汤圆,冷冻食品,4,54.9,0,219.6,会员储值,小王,否
2584,2026-09-28,14:23,S04,Shiba店,24,上好佳鲜虾片,零食,4,17.9,0,71.6,现金,小赵,否
3772,2026-09-28,14:24,S01,Bear店,43,维达卷纸,日用百货,2,23.6,0,47.2,银行卡,小刘,否
804,2026-09-28,14:26,S03,Rabbit店,50,电池5号,日用百货,4,36.6,0,146.4,会员储值,小李,是
3196,2026-09-28,14:26,S03,Rabbit店,69,炸鸡腿,熟食烘焙,3,45.1,0.15,115.01,银行卡,小赵,否
3717,2026-09-28,14:28,S02,Catty店,45,舒肤佳香皂,日用百货,3,12.6,0,37.8,微信,小张,否
2458,2026-09-28,14:31,S02,Catty店,58,鸡胸肉,生鲜,5,39.7,0.1,178.65,微信,小赵,是
1050,2026-09-28,14:38,S02,Catty店,56,鸡蛋30枚,生鲜,3,23.1,0,69.3,银行卡,小赵,否
3820,2026-09-28,14:44,S04,Shiba店,73,雪花啤酒,酒水,1,35.1,0,35.1,微信,小赵,是
3868,2026-09-28,14:44,S03,Rabbit店,64,鲜肉包子,熟食烘焙,2,6,0.1,10.8,会员储值,小陈,否
1894,2026-09-28,14:59,S02,Catty店,3,元气森林气泡水,饮料,2,24.4,0.1,43.92,现金,小陈,否
75,2026-09-28,15:13,S01,Bear店,49,保鲜膜,日用百货,2,50.2,0,100.4,微信,小张,否
1800,2026-09-28,15:15,S04,Shiba店,23,比比赞面包,零食,3,65,0,195,微信,小陈,否
2539,2026-09-28,15:17,S02,Catty店,5,王老吉罐装,饮料,1,24.6,0,24.6,微信,小张,否
1031,2026-09-28,15:36,S02,Catty店,54,苹果,生鲜,3,21.1,0.15,53.8,支付宝,小刘,否
1887,2026-09-28,15:36,S01,Bear店,1,可口可乐330ml,饮料,1,9.2,0,9.2,银行卡,小刘,否
1566,2026-09-28,15:52,S01,Bear店,71,三明治,熟食烘焙,2,40.7,0,81.4,微信,小赵,是
3338,2026-09-28,15:52,S03,Rabbit店,78,湾仔码头水饺,冷冻食品,3,11.2,0,33.6,银行卡,小王,是
3513,2026-09-28,15:53,S03,Rabbit店,33,德亚全脂牛奶,乳制品,5,2.6,0.1,11.7,微信,小陈,否
2848,2026-09-28,16:08,S01,Bear店,81,和路雪甜筒,冷冻食品,1,39.7,0.1,35.73,银行卡,小张,否
1191,2026-09-28,16:12,S02,Catty店,80,雀巢冰淇淋,冷冻食品,4,11.6,0.1,41.76,会员储值,小陈,否
613,2026-09-28,16:14,S04,Shiba店,28,安慕希酸奶,乳制品,3,45.3,0,135.9,支付宝,小王,是
1032,2026-09-28,16:14,S04,Shiba店,59,鲈鱼,生鲜,4,39.1,0.15,132.94,支付宝,小赵,否
2891,2026-09-28,16:23,S04,Shiba店,67,面包吐司,熟食烘焙,1,15.9,0,15.9,微信,小李,否
21,2026-09-28,16:44,S04,Shiba店,59,鲈鱼,生鲜,1,39.1,0,39.1,微信,小赵,是
1047,2026-09-28,16:44,S04,Shiba店,47,垃圾袋50只,日用百货,2,2.1,0,4.2,银行卡,小赵,否
4134,2026-09-28,16:45,S04,Shiba店,36,海天生抽,粮油调味,4,31.2,0,124.8,微信,小赵,否
3723,2026-09-28,16:46,S02,Catty店,35,福临门大米5kg,粮油调味,2,31.8,0,63.6,现金,小李,否
1890,2026-09-28,16:59,S04,Shiba店,53,黄瓜,生鲜,5,45.7,0.1,205.65,支付宝,小陈,否
3138,2026-09-28,17:02,S03,Rabbit店,37,太太乐鸡精,粮油调味,2,34.2,0,68.4,银行卡,小陈,否
3093,2026-09-28,17:12,S02,Catty店,13,乐事薯片原味,零食,3,59.6,0,178.8,会员储值,小王,否
739,2026-09-28,17:40,S02,Catty店,12,依云矿泉水,饮料,5,28.5,0,142.5,银行卡,小赵,否
1751,2026-09-28,17:40,S03,Rabbit店,33,德亚全脂牛奶,乳制品,5,2.6,0,13,银行卡,小王,否
1162,2026-09-28,17:51,S02,Catty店,63,草莓,生鲜,2,23.3,0,46.6,支付宝,小赵,否
3190,2026-09-28,17:55,S04,Shiba店,76,江小白,酒水,1,49.1,0,49.1,支付宝,小赵,否
827,2026-09-28,18:03,S04,Shiba店,38,老干妈辣椒酱,粮油调味,3,39.4,0,118.2,银行卡,小李,否
2859,2026-09-28,18:07,S04,Shiba店,54,苹果,生鲜,3,21.1,0.1,56.97,会员储值,小赵,否
1334,2026-09-28,18:12,S04,Shiba店,44,蓝月亮洗衣液,日用百货,4,12.3,0,49.2,会员储值,小刘,否
1100,2026-09-28,18:21,S03,Rabbit店,62,西兰花,生鲜,5,40.8,0.1,183.6,会员储值,小赵,否
2942,2026-09-28,18:29,S03,Rabbit店,25,伊利纯牛奶250ml,乳制品,4,47.9,0,191.6,微信,小刘,是
466,2026-09-28,18:36,S02,Catty店,43,维达卷纸,日用百货,1,23.6,0,23.6,银行卡,小刘,是
255,2026-09-28,18:38,S03,Rabbit店,12,依云矿泉水,饮料,4,28.5,0.1,102.6,银行卡,小刘,是
4082,2026-09-28,18:42,S03,Rabbit店,3,元气森林气泡水,饮料,1,24.4,0.1,21.96,微信,小赵,否
657,2026-09-28,18:53,S01,Bear店,28,安慕希酸奶,乳制品,2,45.3,0,90.6,支付宝,小陈,否
2580,2026-09-28,18:56,S02,Catty店,69,炸鸡腿,熟食烘焙,3,45.1,0,135.3,会员储值,小陈,否
4178,2026-09-28,18:58,S02,Catty店,62,西兰花,生鲜,1,40.8,0,40.8,现金,小赵,否
1145,2026-09-28,19:14,S04,Shiba店,66,关东煮,熟食烘焙,4,24.5,0,98,会员储值,小李,否
760,2026-09-28,19:33,S01,Bear店,60,土豆,生鲜,3,24.3,0.1,65.61,微信,小王,否
406,2026-09-28,19:42,S01,Bear店,27,光明鲜牛奶,乳制品,3,8.1,0,24.3,微信,小赵,是
1629,2026-09-28,20:04,S02,Catty店,46,高露洁牙膏,日用百货,4,53.4,0,213.6,银行卡,小李,是
2507,2026-09-28,20:28,S03,Rabbit店,44,蓝月亮洗衣液,日用百货,3,12.3,0,36.9,银行卡,小李,否
2999,2026-09-28,20:28,S02,Catty店,36,海天生抽,粮油调味,1,31.2,0,31.2,会员储值,小陈,否
1790,2026-09-28,20:40,S01,Bear店,29,养乐多5连瓶,乳制品,1,39.4,0.1,35.46,微信,小王,是
3628,2026-09-28,20:43,S01,Bear店,24,上好佳鲜虾片,零食,4,17.9,0,71.6,微信,小王,是
1593,2026-09-28,20:53,S03,Rabbit店,10,康师傅冰红茶,饮料,5,34.3,0.1,154.35,银行卡,小赵,否
3616,2026-09-28,21:02,S04,Shiba店,44,蓝月亮洗衣液,日用百货,3,12.3,0,36.9,支付宝,小刘,否
2225,2026-09-28,21:09,S01,Bear店,27,光明鲜牛奶,乳制品,5,8.1,0,40.5,会员储值,小刘,否
2393,2026-09-28,21:21,S02,Catty店,19,三只松鼠每日坚果,零食,3,53.1,0,159.3,现金,小王,是
722,2026-09-28,21:32,S04,Shiba店,79,思念汤圆,冷冻食品,5,54.9,0,274.5,银行卡,小张,是
969,2026-09-28,21:34,S04,Shiba店,78,湾仔码头水饺,冷冻食品,4,11.2,0,44.8,银行卡,小张,否
1067,2026-09-28,21:37,S04,Shiba店,6,美汁源果粒橙,饮料,3,28.8,0,86.4,微信,小陈,否
2904,2026-09-28,21:45,S01,Bear店,44,蓝月亮洗衣液,日用百货,5,12.3,0,61.5,银行卡,小李,否
3067,2026-09-28,21:45,S04,Shiba店,36,海天生抽,粮油调味,2,31.2,0,62.4,微信,小王,否
3351,2026-09-28,21:45,S01,Bear店,34,金龙鱼食用油5L,粮油调味,2,45.2,0,90.4,银行卡,小陈,否
4120,2026-09-28,21:46,S01,Bear店,74,牛栏山二锅头,酒水,2,59.6,0,119.2,会员储值,小李,否
2307,2026-09-28,21:54,S04,Shiba店,69,炸鸡腿,熟食烘焙,2,45.1,0,90.2,微信,小张,否
2659,2026-09-28,21:55,S03,Rabbit店,35,福临门大米5kg,粮油调味,1,31.8,0.1,28.62,支付宝,小李,否
1855,2026-09-28,21:59,S04,Shiba店,70,便当盒饭,熟食烘焙,3,28.5,0,85.5,微信,小赵,否
909,2026-09-28,22:03,S01,Bear店,23,比比赞面包,零食,1,65,0,65,现金,小赵,否
1961,2026-09-28,22:05,S01,Bear店,2,农夫山泉550ml,饮料,5,57,0,285,会员储值,小张,否
846,2026-09-28,22:43,S04,Shiba店,53,黄瓜,生鲜,5,45.7,0,228.5,会员储值,小刘,是
2300,2026-09-28,22:46,S01,Bear店,56,鸡蛋30枚,生鲜,5,23.1,0.1,103.95,微信,小陈,否
2909,2026-09-28,22:48,S02,Catty店,40,食用盐500g,粮油调味,2,55.7,0,111.4,支付宝,小王,否
554,2026-09-28,22:49,S01,Bear店,79,思念汤圆,冷冻食品,1,54.9,0.1,49.41,会员储值,小刘,是
1027,2026-09-28,22:57,S04,Shiba店,8,脉动青柠,饮料,1,50.6,0,50.6,现金,小李,否
1579,2026-09-29,07:05,S04,Shiba店,57,五花肉,生鲜,3,18.2,0.1,49.14,微信,小王,否
3153,2026-09-29,07:10,S01,Bear店,40,食用盐500g,粮油调味,2,55.7,0,111.4,银行卡,小刘,否
837,2026-09-29,07:19,S04,Shiba店,51,牙签,日用百货,1,18.3,0,18.3,支付宝,小王,是
1854,2026-09-29,07:33,S02,Catty店,72,青岛啤酒500ml,酒水,4,58.2,0,232.8,支付宝,小陈,否
3874,2026-09-29,07:35,S01,Bear店,75,长城干红,酒水,2,54.3,0.1,97.74,微信,小赵,否
3118,2026-09-29,07:37,S03,Rabbit店,7,椰树椰汁,饮料,1,32,0,32,会员储值,小张,是
2189,2026-09-29,07:38,S04,Shiba店,6,美汁源果粒橙,饮料,3,28.8,0,86.4,微信,小张,是
1082,2026-09-29,07:59,S02,Catty店,73,雪花啤酒,酒水,5,35.1,0,175.5,会员储值,小张,否
2403,2026-09-29,08:03,S01,Bear店,53,黄瓜,生鲜,1,45.7,0,45.7,会员储值,小赵,是
2280,2026-09-29,08:04,S03,Rabbit店,31,旺仔牛奶,乳制品,1,24.4,0.1,21.96,现金,小张,否
3485,2026-09-29,08:15,S03,Rabbit店,75,长城干红,酒水,5,54.3,0,271.5,银行卡,小王,否
157,2026-09-29,08:20,S01,Bear店,61,胡萝卜,生鲜,5,56,0,280,现金,小陈,否
3856,2026-09-29,08:21,S01,Bear店,72,青岛啤酒500ml,酒水,5,58.2,0,291,现金,小李,否
2844,2026-09-29,08:25,S03,Rabbit店,16,卫龙辣条,零食,1,29.4,0,29.4,银行卡,小张,否
2723,2026-09-29,08:26,S04,Shiba店,28,安慕希酸奶,乳制品,4,45.3,0,181.2,现金,小张,否
4196,2026-09-29,08:35,S02,Catty店,81,和路雪甜筒,冷冻食品,2,39.7,0,79.4,会员储值,小赵,否
1152,2026-09-29,08:38,S04,Shiba店,10,康师傅冰红茶,饮料,4,34.3,0.1,123.48,银行卡,小张,是
3165,2026-09-29,08:44,S01,Bear店,72,青岛啤酒500ml,酒水,3,58.2,0,174.6,微信,小赵,否
3583,2026-09-29,08:46,S03,Rabbit店,5,王老吉罐装,饮料,4,24.6,0.1,88.56,银行卡,小刘,否
1588,2026-09-29,08:50,S01,Bear店,25,伊利纯牛奶250ml,乳制品,3,47.9,0,143.7,银行卡,小李,否
2562,2026-09-29,08:59,S02,Catty店,11,维他柠檬茶,饮料,3,52.8,0.1,142.56,微信,小陈,是
3543,2026-09-29,08:59,S01,Bear店,24,上好佳鲜虾片,零食,5,17.9,0,89.5,支付宝,小陈,否
3603,2026-09-29,09:08,S01,Bear店,62,西兰花,生鲜,1,40.8,0.15,34.68,银行卡,小李,是
3457,2026-09-29,09:19,S01,Bear店,34,金龙鱼食用油5L,粮油调味,3,45.2,0.1,122.04,现金,小王,否
3495,2026-09-29,09:29,S02,Catty店,10,康师傅冰红茶,饮料,4,34.3,0,137.2,微信,小李,否
2090,2026-09-29,09:37,S02,Catty店,23,比比赞面包,零食,5,65,0,325,银行卡,小李,否
3938,2026-09-29,09:40,S03,Rabbit店,8,脉动青柠,饮料,3,50.6,0,151.8,支付宝,小李,否
566,2026-09-29,09:55,S01,Bear店,45,舒肤佳香皂,日用百货,3,12.6,0.1,34.02,微信,小李,否
2127,2026-09-29,09:57,S01,Bear店,54,苹果,生鲜,4,21.1,0.1,75.96,银行卡,小赵,是
2194,2026-09-29,10:02,S01,Bear店,2,农夫山泉550ml,饮料,2,57,0,114,会员储值,小赵,否
3792,2026-09-29,10:06,S02,Catty店,1,可口可乐330ml,饮料,1,9.2,0,9.2,支付宝,小张,否
2119,2026-09-29,10:18,S03,Rabbit店,78,湾仔码头水饺,冷冻食品,4,11.2,0,44.8,银行卡,小赵,是
751,2026-09-29,10:30,S01,Bear店,37,太太乐鸡精,粮油调味,2,34.2,0.1,61.56,微信,小李,否
1815,2026-09-29,10:42,S02,Catty店,82,冻薯条,冷冻食品,3,37.3,0,111.9,现金,小刘,否
2540,2026-09-29,11:04,S01,Bear店,45,舒肤佳香皂,日用百货,1,12.6,0.1,11.34,支付宝,小王,否
2785,2026-09-29,11:08,S04,Shiba店,12,依云矿泉水,饮料,5,28.5,0,142.5,会员储值,小陈,否
2108,2026-09-29,11:14,S01,Bear店,78,湾仔码头水饺,冷冻食品,1,11.2,0,11.2,银行卡,小赵,否
4152,2026-09-29,11:14,S01,Bear店,33,德亚全脂牛奶,乳制品,1,2.6,0,2.6,银行卡,小赵,是
2953,2026-09-29,11:24,S01,Bear店,51,牙签,日用百货,2,18.3,0,36.6,支付宝,小李,是
2381,2026-09-29,11:31,S03,Rabbit店,47,垃圾袋50只,日用百货,1,2.1,0.1,1.89,微信,小李,是
916,2026-09-29,11:33,S04,Shiba店,54,苹果,生鲜,2,21.1,0,42.2,微信,小李,否
1966,2026-09-29,11:33,S02,Catty店,11,维他柠檬茶,饮料,4,52.8,0,211.2,支付宝,小赵,否
2526,2026-09-29,11:34,S04,Shiba店,75,长城干红,酒水,4,54.3,0,217.2,微信,小王,否
1172,2026-09-29,11:36,S02,Catty店,18,好丽友巧克力派,零食,3,12.1,0,36.3,支付宝,小王,否
3106,2026-09-29,11:42,S04,Shiba店,12,依云矿泉水,饮料,1,28.5,0,28.5,微信,小赵,否
2885,2026-09-29,11:46,S04,Shiba店,1,可口可乐330ml,饮料,5,9.2,0,46,会员储值,小李,否
1761,2026-09-29,11:57,S01,Bear店,69,炸鸡腿,熟食烘焙,5,45.1,0.15,191.67,银行卡,小张,否
931,2026-09-29,12:03,S03,Rabbit店,72,青岛啤酒500ml,酒水,2,58.2,0,116.4,会员储值,小王,否
3151,2026-09-29,12:14,S01,Bear店,76,江小白,酒水,5,49.1,0,245.5,现金,小刘,否
3801,2026-09-29,12:18,S01,Bear店,7,椰树椰汁,饮料,3,32,0,96,支付宝,小赵,否
2157,2026-09-29,12:23,S01,Bear店,69,炸鸡腿,熟食烘焙,1,45.1,0,45.1,会员储值,小张,否
1718,2026-09-29,12:28,S03,Rabbit店,36,海天生抽,粮油调味,3,31.2,0,93.6,支付宝,小王,否
2632,2026-09-29,12:36,S03,Rabbit店,45,舒肤佳香皂,日用百货,4,12.6,0,50.4,支付宝,小赵,否
2173,2026-09-29,12:37,S04,Shiba店,45,舒肤佳香皂,日用百货,3,12.6,0.1,34.02,银行卡,小张,否
1984,2026-09-29,12:40,S01,Bear店,24,上好佳鲜虾片,零食,3,17.9,0,53.7,现金,小刘,否
4046,2026-09-29,12:48,S03,Rabbit店,70,便当盒饭,熟食烘焙,5,28.5,0,142.5,银行卡,小刘,否
2939,2026-09-29,12:49,S01,Bear店,53,黄瓜,生鲜,3,45.7,0.15,116.54,银行卡,小张,否
1778,2026-09-29,12:58,S01,Bear店,82,冻薯条,冷冻食品,5,37.3,0,186.5,微信,小陈,是
1163,2026-09-29,12:59,S03,Rabbit店,83,冻青豆玉米,冷冻食品,1,59.5,0,59.5,微信,小张,否
3228,2026-09-29,13:17,S01,Bear店,18,好丽友巧克力派,零食,5,12.1,0.1,54.45,银行卡,小张,否
2030,2026-09-29,13:19,S03,Rabbit店,64,鲜肉包子,熟食烘焙,2,6,0,12,现金,小陈,否
439,2026-09-29,13:20,S03,Rabbit店,46,高露洁牙膏,日用百货,5,53.4,0.1,240.3,微信,小赵,是
3203,2026-09-29,13:25,S03,Rabbit店,14,奥利奥原味,零食,2,11.6,0,23.2,现金,小陈,否
3197,2026-09-29,13:38,S02,Catty店,73,雪花啤酒,酒水,2,35.1,0,70.2,微信,小张,是
1343,2026-09-29,13:43,S03,Rabbit店,44,蓝月亮洗衣液,日用百货,2,12.3,0,24.6,现金,小张,否
1587,2026-09-29,13:45,S04,Shiba店,50,电池5号,日用百货,3,36.6,0,109.8,现金,小赵,否
553,2026-09-29,13:46,S04,Shiba店,64,鲜肉包子,熟食烘焙,5,6,0,30,微信,小张,否
1486,2026-09-29,13:48,S01,Bear店,20,士力架花生,零食,5,47.6,0,238,现金,小刘,否
935,2026-09-29,14:06,S01,Bear店,47,垃圾袋50只,日用百货,5,2.1,0,10.5,银行卡,小赵,是
2124,2026-09-29,14:08,S02,Catty店,81,和路雪甜筒,冷冻食品,4,39.7,0,158.8,会员储值,小陈,否
2801,2026-09-29,14:13,S01,Bear店,40,食用盐500g,粮油调味,2,55.7,0,111.4,银行卡,小李,否
2202,2026-09-29,14:20,S02,Catty店,10,康师傅冰红茶,饮料,4,34.3,0,137.2,会员储值,小刘,否
1518,2026-09-29,14:21,S01,Bear店,34,金龙鱼食用油5L,粮油调味,3,45.2,0,135.6,支付宝,小刘,否
3297,2026-09-29,14:22,S03,Rabbit店,49,保鲜膜,日用百货,5,50.2,0,251,银行卡,小张,否
2117,2026-09-29,14:25,S03,Rabbit店,72,青岛啤酒500ml,酒水,4,58.2,0,232.8,会员储值,小王,否
282,2026-09-29,14:31,S02,Catty店,81,和路雪甜筒,冷冻食品,2,39.7,0.1,71.46,银行卡,小王,否
3707,2026-09-29,14:40,S04,Shiba店,4,东方树叶乌龙茶,饮料,3,49.8,0.1,134.46,会员储值,小王,否
1281,2026-09-29,14:43,S01,Bear店,17,恰恰香瓜子,零食,4,26.2,0.1,94.32,支付宝,小刘,是
1755,2026-09-29,14:44,S02,Catty店,10,康师傅冰红茶,饮料,4,34.3,0,137.2,会员储值,小王,是
481,2026-09-29,14:47,S02,Catty店,80,雀巢冰淇淋,冷冻食品,2,11.6,0,23.2,会员储值,小王,否
2718,2026-09-29,14:57,S04,Shiba店,44,蓝月亮洗衣液,日用百货,5,12.3,0,61.5,银行卡,小赵,否
541,2026-09-29,15:04,S02,Catty店,27,光明鲜牛奶,乳制品,1,8.1,0,8.1,微信,小刘,是
1584,2026-09-29,15:06,S02,Catty店,12,依云矿泉水,饮料,3,28.5,0,85.5,微信,小王,是
4011,2026-09-29,15:18,S04,Shiba店,70,便当盒饭,熟食烘焙,2,28.5,0,57,微信,小王,否
3537,2026-09-29,15:22,S03,Rabbit店,63,草莓,生鲜,2,23.3,0,46.6,微信,小王,否
1286,2026-09-29,15:30,S01,Bear店,29,养乐多5连瓶,乳制品,3,39.4,0,118.2,银行卡,小陈,否
2992,2026-09-29,15:36,S01,Bear店,52,本地西红柿,生鲜,1,43.2,0,43.2,会员储值,小陈,否
3125,2026-09-29,15:36,S01,Bear店,26,蒙牛特仑苏,乳制品,3,29.2,0.1,78.84,微信,小赵,是
1169,2026-09-29,15:38,S02,Catty店,11,维他柠檬茶,饮料,3,52.8,0,158.4,会员储值,小刘,否
2726,2026-09-29,15:44,S01,Bear店,61,胡萝卜,生鲜,3,56,0,168,银行卡,小李,否
3198,2026-09-29,16:00,S03,Rabbit店,78,湾仔码头水饺,冷冻食品,5,11.2,0,56,会员储值,小刘,否
246,2026-09-29,16:05,S02,Catty店,4,东方树叶乌龙茶,饮料,5,49.8,0,249,微信,小刘,是
2648,2026-09-29,16:05,S04,Shiba店,19,三只松鼠每日坚果,零食,1,53.1,0,53.1,会员储值,小陈,否
95,2026-09-29,16:09,S01,Bear店,54,苹果,生鲜,5,21.1,0,105.5,现金,小张,否
300,2026-09-29,16:10,S04,Shiba店,52,本地西红柿,生鲜,1,43.2,0,43.2,微信,小张,否
3181,2026-09-29,16:14,S01,Bear店,24,上好佳鲜虾片,零食,4,17.9,0,71.6,现金,小赵,否
2331,2026-09-29,16:23,S01,Bear店,37,太太乐鸡精,粮油调味,3,34.2,0,102.6,现金,小王,否
87,2026-09-29,16:34,S03,Rabbit店,67,面包吐司,熟食烘焙,3,15.9,0,47.7,微信,小陈,是
3770,2026-09-29,16:38,S02,Catty店,15,旺旺雪饼,零食,5,33.4,0,167,会员储值,小刘,是
3193,2026-09-29,16:53,S04,Shiba店,14,奥利奥原味,零食,5,11.6,0,58,微信,小刘,否
885,2026-09-29,17:04,S01,Bear店,60,土豆,生鲜,3,24.3,0,72.9,现金,小陈,否
2691,2026-09-29,17:04,S03,Rabbit店,34,金龙鱼食用油5L,粮油调味,2,45.2,0.1,81.36,会员储值,小陈,是
4010,2026-09-29,17:06,S03,Rabbit店,55,香蕉,生鲜,2,10.8,0.15,18.36,银行卡,小陈,否
2115,2026-09-29,17:11,S01,Bear店,12,依云矿泉水,饮料,2,28.5,0,57,支付宝,小赵,否
1102,2026-09-29,17:14,S03,Rabbit店,82,冻薯条,冷冻食品,4,37.3,0.1,134.28,会员储值,小赵,是
271,2026-09-29,17:19,S02,Catty店,4,东方树叶乌龙茶,饮料,3,49.8,0,149.4,微信,小刘,否
3541,2026-09-29,17:21,S03,Rabbit店,41,白糖1kg,粮油调味,1,37.3,0,37.3,现金,小王,否
1141,2026-09-29,17:28,S01,Bear店,20,士力架花生,零食,4,47.6,0,190.4,现金,小陈,否
1876,2026-09-29,17:34,S02,Catty店,2,农夫山泉550ml,饮料,1,57,0,57,会员储值,小刘,否
1323,2026-09-29,17:58,S04,Shiba店,76,江小白,酒水,2,49.1,0,98.2,会员储值,小王,否
1706,2026-09-29,17:59,S03,Rabbit店,3,元气森林气泡水,饮料,1,24.4,0,24.4,微信,小王,是
588,2026-09-29,18:07,S04,Shiba店,1,可口可乐330ml,饮料,4,9.2,0,36.8,微信,小李,否
3072,2026-09-29,18:13,S03,Rabbit店,68,蛋挞,熟食烘焙,4,35.8,0,143.2,现金,小刘,否
3914,2026-09-29,18:17,S02,Catty店,78,湾仔码头水饺,冷冻食品,5,11.2,0,56,支付宝,小赵,是
1350,2026-09-29,18:20,S01,Bear店,66,关东煮,熟食烘焙,2,24.5,0.15,41.65,现金,小王,否
1930,2026-09-29,18:22,S04,Shiba店,66,关东煮,熟食烘焙,1,24.5,0,24.5,支付宝,小刘,是
3113,2026-09-29,18:26,S04,Shiba店,30,简爱酸奶,乳制品,5,15.7,0.1,70.65,会员储值,小赵,否
367,2026-09-29,18:31,S02,Catty店,35,福临门大米5kg,粮油调味,1,31.8,0,31.8,银行卡,小王,否
3048,2026-09-29,18:57,S03,Rabbit店,59,鲈鱼,生鲜,5,39.1,0.15,166.17,微信,小张,否
1658,2026-09-29,19:00,S02,Catty店,15,旺旺雪饼,零食,5,33.4,0.1,150.3,现金,小张,否
4005,2026-09-29,19:07,S03,Rabbit店,16,卫龙辣条,零食,2,29.4,0.1,52.92,现金,小李,是
3929,2026-09-29,19:16,S03,Rabbit店,58,鸡胸肉,生鲜,1,39.7,0,39.7,支付宝,小张,是
3984,2026-09-29,19:21,S02,Catty店,59,鲈鱼,生鲜,5,39.1,0.1,175.95,微信,小王,否
2325,2026-09-29,19:22,S04,Shiba店,57,五花肉,生鲜,1,18.2,0,18.2,现金,小赵,否
1711,2026-09-29,19:35,S04,Shiba店,30,简爱酸奶,乳制品,5,15.7,0,78.5,现金,小赵,否
574,2026-09-29,19:52,S02,Catty店,68,蛋挞,熟食烘焙,3,35.8,0,107.4,银行卡,小陈,否
3581,2026-09-29,20:21,S02,Catty店,71,三明治,熟食烘焙,2,40.7,0,81.4,微信,小刘,是
2293,2026-09-29,20:26,S01,Bear店,47,垃圾袋50只,日用百货,5,2.1,0,10.5,微信,小王,是
1915,2026-09-29,20:34,S03,Rabbit店,64,鲜肉包子,熟食烘焙,5,6,0,30,微信,小赵,否
3062,2026-09-29,20:48,S01,Bear店,31,旺仔牛奶,乳制品,5,24.4,0,122,会员储值,小王,否
113,2026-09-29,21:04,S04,Shiba店,24,上好佳鲜虾片,零食,3,17.9,0,53.7,银行卡,小张,否
4017,2026-09-29,21:22,S01,Bear店,5,王老吉罐装,饮料,3,24.6,0,73.8,微信,小张,是
334,2026-09-29,21:23,S04,Shiba店,51,牙签,日用百货,2,18.3,0,36.6,现金,小张,否
1739,2026-09-29,21:26,S02,Catty店,25,伊利纯牛奶250ml,乳制品,2,47.9,0.1,86.22,银行卡,小张,否
4153,2026-09-29,21:28,S02,Catty店,19,三只松鼠每日坚果,零食,1,53.1,0.1,47.79,微信,小王,是
1798,2026-09-29,21:44,S01,Bear店,59,鲈鱼,生鲜,5,39.1,0,195.5,银行卡,小赵,否
2886,2026-09-29,21:51,S01,Bear店,21,德芙丝滑巧克力,零食,1,23.2,0,23.2,会员储值,小刘,否
3249,2026-09-29,22:03,S04,Shiba店,74,牛栏山二锅头,酒水,4,59.6,0,238.4,现金,小李,否
4012,2026-09-29,22:03,S01,Bear店,26,蒙牛特仑苏,乳制品,4,29.2,0,116.8,微信,小张,否
2001,2026-09-29,22:11,S04,Shiba店,60,土豆,生鲜,4,24.3,0.15,82.62,支付宝,小赵,是
3416,2026-09-29,22:27,S04,Shiba店,65,茶叶蛋,熟食烘焙,1,4.3,0.15,3.65,会员储值,小张,否
852,2026-09-29,22:41,S03,Rabbit店,68,蛋挞,熟食烘焙,5,35.8,0,179,微信,小李,否
858,2026-09-29,22:51,S03,Rabbit店,46,高露洁牙膏,日用百货,2,53.4,0,106.8,银行卡,小张,否
184,2026-09-29,22:53,S02,Catty店,64,鲜肉包子,熟食烘焙,4,6,0,24,支付宝,小陈,否
2364,2026-09-30,07:00,S02,Catty店,14,奥利奥原味,零食,5,11.6,0.1,52.2,微信,小王,否
10,2026-09-30,07:01,S04,Shiba店,12,依云矿泉水,饮料,2,28.5,0,57,现金,小李,是
1745,2026-09-30,07:23,S03,Rabbit店,54,苹果,生鲜,1,21.1,0,21.1,微信,小王,否
2368,2026-09-30,07:23,S02,Catty店,16,卫龙辣条,零食,3,29.4,0,88.2,会员储值,小刘,是
3900,2026-09-30,07:25,S04,Shiba店,71,三明治,熟食烘焙,5,40.7,0.15,172.97,银行卡,小陈,否
2864,2026-09-30,07:26,S01,Bear店,34,金龙鱼食用油5L,粮油调味,1,45.2,0.1,40.68,支付宝,小赵,否
2072,2026-09-30,07:27,S03,Rabbit店,53,黄瓜,生鲜,3,45.7,0.15,116.54,现金,小李,是
3993,2026-09-30,07:40,S04,Shiba店,74,牛栏山二锅头,酒水,1,59.6,0,59.6,银行卡,小赵,否
887,2026-09-30,07:43,S01,Bear店,24,上好佳鲜虾片,零食,3,17.9,0,53.7,微信,小李,否
4146,2026-09-30,07:50,S04,Shiba店,44,蓝月亮洗衣液,日用百货,2,12.3,0,24.6,现金,小陈,是
2947,2026-09-30,07:53,S04,Shiba店,8,脉动青柠,饮料,1,50.6,0,50.6,银行卡,小赵,否
3319,2026-09-30,08:11,S01,Bear店,3,元气森林气泡水,饮料,3,24.4,0,73.2,会员储值,小李,否
237,2026-09-30,08:23,S03,Rabbit店,83,冻青豆玉米,冷冻食品,4,59.5,0,238,现金,小王,否
3074,2026-09-30,08:27,S01,Bear店,71,三明治,熟食烘焙,3,40.7,0.1,109.89,微信,小王,否
2308,2026-09-30,08:36,S04,Shiba店,57,五花肉,生鲜,5,18.2,0,91,支付宝,小张,是
2433,2026-09-30,08:43,S01,Bear店,12,依云矿泉水,饮料,5,28.5,0,142.5,会员储值,小王,是
2954,2026-09-30,08:53,S02,Catty店,41,白糖1kg,粮油调味,4,37.3,0.1,134.28,微信,小赵,否
2447,2026-09-30,08:58,S04,Shiba店,3,元气森林气泡水,饮料,2,24.4,0,48.8,微信,小李,否
1512,2026-09-30,09:01,S01,Bear店,17,恰恰香瓜子,零食,2,26.2,0,52.4,银行卡,小陈,否
156,2026-09-30,09:07,S03,Rabbit店,51,牙签,日用百货,1,18.3,0.1,16.47,会员储值,小李,否
3465,2026-09-30,09:07,S04,Shiba店,36,海天生抽,粮油调味,2,31.2,0,62.4,现金,小张,是
1024,2026-09-30,09:17,S03,Rabbit店,41,白糖1kg,粮油调味,4,37.3,0,149.2,现金,小王,是
2855,2026-09-30,09:18,S03,Rabbit店,77,RIO鸡尾酒,酒水,5,29,0,145,银行卡,小张,是
1176,2026-09-30,09:21,S03,Rabbit店,23,比比赞面包,零食,2,65,0,130,微信,小李,否
2966,2026-09-30,09:24,S04,Shiba店,59,鲈鱼,生鲜,4,39.1,0.1,140.76,现金,小赵,是
2817,2026-09-30,09:27,S01,Bear店,1,可口可乐330ml,饮料,3,9.2,0,27.6,会员储值,小陈,是
3399,2026-09-30,09:28,S02,Catty店,72,青岛啤酒500ml,酒水,2,58.2,0,116.4,支付宝,小赵,是
1779,2026-09-30,09:31,S03,Rabbit店,74,牛栏山二锅头,酒水,3,59.6,0,178.8,会员储值,小王,是
2748,2026-09-30,09:31,S01,Bear店,75,长城干红,酒水,4,54.3,0,217.2,微信,小王,否
3605,2026-09-30,09:36,S02,Catty店,27,光明鲜牛奶,乳制品,1,8.1,0,8.1,现金,小陈,否
1640,2026-09-30,09:50,S01,Bear店,27,光明鲜牛奶,乳制品,2,8.1,0,16.2,现金,小王,否
201,2026-09-30,09:54,S03,Rabbit店,29,养乐多5连瓶,乳制品,5,39.4,0,197,微信,小刘,是
101,2026-09-30,09:59,S02,Catty店,10,康师傅冰红茶,饮料,4,34.3,0.1,123.48,现金,小李,是
4004,2026-09-30,10:02,S04,Shiba店,72,青岛啤酒500ml,酒水,5,58.2,0,291,支付宝,小张,否
2199,2026-09-30,10:04,S03,Rabbit店,83,冻青豆玉米,冷冻食品,4,59.5,0,238,银行卡,小张,否
2697,2026-09-30,10:04,S03,Rabbit店,50,电池5号,日用百货,1,36.6,0,36.6,会员储值,小赵,否
840,2026-09-30,10:07,S03,Rabbit店,15,旺旺雪饼,零食,3,33.4,0,100.2,现金,小张,否
3456,2026-09-30,10:07,S01,Bear店,45,舒肤佳香皂,日用百货,5,12.6,0,63,现金,小赵,否
538,2026-09-30,10:20,S01,Bear店,83,冻青豆玉米,冷冻食品,4,59.5,0,238,现金,小陈,是
3036,2026-09-30,10:20,S01,Bear店,35,福临门大米5kg,粮油调味,2,31.8,0,63.6,现金,小张,是
2655,2026-09-30,10:22,S01,Bear店,5,王老吉罐装,饮料,1,24.6,0,24.6,银行卡,小王,否
2804,2026-09-30,10:40,S04,Shiba店,56,鸡蛋30枚,生鲜,5,23.1,0,115.5,银行卡,小刘,否
2437,2026-09-30,10:50,S01,Bear店,48,洗碗海绵,日用百货,3,37.5,0,112.5,银行卡,小王,是
1819,2026-09-30,10:52,S04,Shiba店,10,康师傅冰红茶,饮料,4,34.3,0.1,123.48,微信,小刘,否
3942,2026-09-30,10:53,S04,Shiba店,72,青岛啤酒500ml,酒水,3,58.2,0,174.6,支付宝,小李,是
2002,2026-09-30,10:56,S01,Bear店,33,德亚全脂牛奶,乳制品,2,2.6,0.1,4.68,微信,小陈,否
595,2026-09-30,11:01,S02,Catty店,71,三明治,熟食烘焙,1,40.7,0.1,36.63,支付宝,小李,否
3186,2026-09-30,11:14,S04,Shiba店,7,椰树椰汁,饮料,4,32,0,128,现金,小刘,是
3565,2026-09-30,11:18,S03,Rabbit店,57,五花肉,生鲜,2,18.2,0,36.4,银行卡,小李,否
1687,2026-09-30,11:22,S04,Shiba店,41,白糖1kg,粮油调味,3,37.3,0,111.9,微信,小陈,否
3407,2026-09-30,11:22,S01,Bear店,12,依云矿泉水,饮料,4,28.5,0,114,会员储值,小刘,否
408,2026-09-30,11:23,S04,Shiba店,6,美汁源果粒橙,饮料,3,28.8,0,86.4,支付宝,小张,是
3992,2026-09-30,11:34,S02,Catty店,31,旺仔牛奶,乳制品,5,24.4,0,122,微信,小刘,否
3589,2026-09-30,11:49,S01,Bear店,50,电池5号,日用百货,5,36.6,0,183,银行卡,小王,否
3972,2026-09-30,11:50,S03,Rabbit店,28,安慕希酸奶,乳制品,2,45.3,0,90.6,会员储值,小李,否
478,2026-09-30,11:52,S04,Shiba店,12,依云矿泉水,饮料,4,28.5,0,114,微信,小陈,是
1517,2026-09-30,11:53,S04,Shiba店,54,苹果,生鲜,5,21.1,0.1,94.95,支付宝,小刘,否
2591,2026-09-30,11:57,S02,Catty店,1,可口可乐330ml,饮料,5,9.2,0,46,支付宝,小刘,否
803,2026-09-30,12:03,S04,Shiba店,29,养乐多5连瓶,乳制品,5,39.4,0,197,银行卡,小张,是
2131,2026-09-30,12:10,S04,Shiba店,36,海天生抽,粮油调味,5,31.2,0,156,微信,小李,是
1990,2026-09-30,12:11,S03,Rabbit店,54,苹果,生鲜,4,21.1,0.1,75.96,微信,小赵,是
229,2026-09-30,12:13,S03,Rabbit店,76,江小白,酒水,4,49.1,0,196.4,银行卡,小李,否
944,2026-09-30,12:13,S02,Catty店,3,元气森林气泡水,饮料,4,24.4,0.1,87.84,会员储值,小陈,否
3810,2026-09-30,12:22,S04,Shiba店,21,德芙丝滑巧克力,零食,5,23.2,0,116,微信,小王,否
66,2026-09-30,12:24,S02,Catty店,27,光明鲜牛奶,乳制品,5,8.1,0,40.5,会员储值,小张,否
3432,2026-09-30,12:38,S03,Rabbit店,72,青岛啤酒500ml,酒水,2,58.2,0,116.4,会员储值,小张,否
395,2026-09-30,12:44,S01,Bear店,3,元气森林气泡水,饮料,5,24.4,0,122,支付宝,小赵,否
812,2026-09-30,12:46,S02,Catty店,29,养乐多5连瓶,乳制品,3,39.4,0,118.2,微信,小赵,否
2946,2026-09-30,12:55,S01,Bear店,30,简爱酸奶,乳制品,4,15.7,0,62.8,现金,小王,是
3631,2026-09-30,12:56,S04,Shiba店,21,德芙丝滑巧克力,零食,1,23.2,0,23.2,支付宝,小王,是
617,2026-09-30,12:58,S02,Catty店,1,可口可乐330ml,饮料,4,9.2,0,36.8,会员储值,小刘,否
3512,2026-09-30,13:00,S03,Rabbit店,56,鸡蛋30枚,生鲜,2,23.1,0,46.2,银行卡,小刘,否
2624,2026-09-30,13:13,S02,Catty店,41,白糖1kg,粮油调味,2,37.3,0.1,67.14,会员储值,小李,是
3008,2026-09-30,13:22,S01,Bear店,33,德亚全脂牛奶,乳制品,2,2.6,0.1,4.68,微信,小刘,否
2683,2026-09-30,13:30,S04,Shiba店,77,RIO鸡尾酒,酒水,2,29,0,58,微信,小张,否
232,2026-09-30,13:38,S02,Catty店,18,好丽友巧克力派,零食,5,12.1,0,60.5,现金,小刘,否
1404,2026-09-30,13:48,S04,Shiba店,58,鸡胸肉,生鲜,3,39.7,0,119.1,现金,小张,否
2188,2026-09-30,13:59,S01,Bear店,33,德亚全脂牛奶,乳制品,4,2.6,0,10.4,银行卡,小张,否
318,2026-09-30,14:12,S02,Catty店,48,洗碗海绵,日用百货,4,37.5,0,150,现金,小王,否
2229,2026-09-30,14:15,S03,Rabbit店,7,椰树椰汁,饮料,5,32,0.1,144,支付宝,小王,否
2419,2026-09-30,14:25,S03,Rabbit店,33,德亚全脂牛奶,乳制品,1,2.6,0,2.6,微信,小赵,是
544,2026-09-30,14:32,S04,Shiba店,71,三明治,熟食烘焙,4,40.7,0.1,146.52,现金,小陈,否
2918,2026-09-30,14:32,S03,Rabbit店,2,农夫山泉550ml,饮料,5,57,0,285,现金,小王,否
1042,2026-09-30,14:37,S01,Bear店,39,陈醋,粮油调味,2,15.2,0,30.4,微信,小刘,否
1227,2026-09-30,14:37,S01,Bear店,82,冻薯条,冷冻食品,3,37.3,0.1,100.71,现金,小张,否
2340,2026-09-30,14:37,S03,Rabbit店,16,卫龙辣条,零食,1,29.4,0,29.4,支付宝,小陈,否
3063,2026-09-30,14:43,S04,Shiba店,23,比比赞面包,零食,3,65,0.1,175.5,微信,小赵,否
1417,2026-09-30,14:55,S04,Shiba店,50,电池5号,日用百货,3,36.6,0,109.8,现金,小李,否
4172,2026-09-30,15:10,S02,Catty店,5,王老吉罐装,饮料,5,24.6,0,123,支付宝,小李,是
2379,2026-09-30,15:25,S04,Shiba店,81,和路雪甜筒,冷冻食品,4,39.7,0,158.8,现金,小陈,否
2573,2026-09-30,15:38,S04,Shiba店,66,关东煮,熟食烘焙,2,24.5,0,49,银行卡,小王,否
1007,2026-09-30,16:07,S02,Catty店,48,洗碗海绵,日用百货,3,37.5,0.1,101.25,微信,小陈,否
2174,2026-09-30,16:11,S01,Bear店,45,舒肤佳香皂,日用百货,4,12.6,0,50.4,现金,小李,是
970,2026-09-30,16:14,S01,Bear店,24,上好佳鲜虾片,零食,3,17.9,0,53.7,现金,小王,否
793,2026-09-30,16:25,S04,Shiba店,22,洽洽小黄袋,零食,5,50.2,0,251,会员储值,小刘,否
2271,2026-09-30,16:28,S03,Rabbit店,44,蓝月亮洗衣液,日用百货,3,12.3,0,36.9,会员储值,小赵,是
2291,2026-09-30,16:31,S03,Rabbit店,54,苹果,生鲜,5,21.1,0,105.5,银行卡,小陈,否
1467,2026-09-30,16:34,S03,Rabbit店,15,旺旺雪饼,零食,4,33.4,0.1,120.24,微信,小王,是
4133,2026-09-30,16:52,S02,Catty店,35,福临门大米5kg,粮油调味,5,31.8,0,159,微信,小王,否
1076,2026-09-30,17:04,S01,Bear店,19,三只松鼠每日坚果,零食,2,53.1,0,106.2,会员储值,小李,否
1589,2026-09-30,17:16,S01,Bear店,64,鲜肉包子,熟食烘焙,3,6,0,18,会员储值,小李,否
2007,2026-09-30,17:48,S03,Rabbit店,48,洗碗海绵,日用百货,3,37.5,0,112.5,银行卡,小赵,否
1544,2026-09-30,18:05,S02,Catty店,4,东方树叶乌龙茶,饮料,5,49.8,0,249,支付宝,小赵,否
2196,2026-09-30,18:14,S04,Shiba店,63,草莓,生鲜,1,23.3,0,23.3,微信,小陈,否
3469,2026-09-30,18:15,S02,Catty店,41,白糖1kg,粮油调味,4,37.3,0,149.2,现金,小赵,否
1926,2026-09-30,18:26,S02,Catty店,23,比比赞面包,零食,5,65,0,325,银行卡,小张,否
412,2026-09-30,18:29,S04,Shiba店,51,牙签,日用百货,5,18.3,0,91.5,会员储值,小张,否
3462,2026-09-30,18:30,S04,Shiba店,3,元气森林气泡水,饮料,1,24.4,0,24.4,银行卡,小刘,否
3826,2026-09-30,18:34,S04,Shiba店,66,关东煮,熟食烘焙,5,24.5,0.15,104.12,银行卡,小王,否
1234,2026-09-30,18:40,S01,Bear店,55,香蕉,生鲜,1,10.8,0,10.8,银行卡,小陈,否
2598,2026-09-30,19:05,S02,Catty店,27,光明鲜牛奶,乳制品,2,8.1,0,16.2,会员储值,小赵,是
2347,2026-09-30,19:11,S02,Catty店,55,香蕉,生鲜,5,10.8,0,54,会员储值,小王,否
1738,2026-09-30,19:12,S03,Rabbit店,64,鲜肉包子,熟食烘焙,1,6,0,6,银行卡,小刘,否
1710,2026-09-30,19:19,S03,Rabbit店,50,电池5号,日用百货,3,36.6,0,109.8,会员储值,小赵,否
1677,2026-09-30,19:28,S04,Shiba店,71,三明治,熟食烘焙,3,40.7,0,122.1,银行卡,小刘,否
299,2026-09-30,19:47,S02,Catty店,52,本地西红柿,生鲜,5,43.2,0.1,194.4,现金,小刘,是
2621,2026-09-30,19:48,S01,Bear店,2,农夫山泉550ml,饮料,1,57,0,57,银行卡,小张,是
1979,2026-09-30,19:53,S02,Catty店,20,士力架花生,零食,3,47.6,0,142.8,支付宝,小赵,是
320,2026-09-30,20:03,S03,Rabbit店,41,白糖1kg,粮油调味,5,37.3,0,186.5,支付宝,小刘,否
3279,2026-09-30,20:05,S01,Bear店,60,土豆,生鲜,5,24.3,0.15,103.27,支付宝,小王,是
4139,2026-09-30,20:07,S03,Rabbit店,80,雀巢冰淇淋,冷冻食品,1,11.6,0,11.6,现金,小陈,否
1478,2026-09-30,20:24,S03,Rabbit店,13,乐事薯片原味,零食,3,59.6,0,178.8,支付宝,小张,否
1989,2026-09-30,20:25,S01,Bear店,72,青岛啤酒500ml,酒水,2,58.2,0,116.4,现金,小刘,否
3747,2026-09-30,20:33,S02,Catty店,71,三明治,熟食烘焙,5,40.7,0.15,172.97,会员储值,小李,否
1423,2026-09-30,20:38,S01,Bear店,30,简爱酸奶,乳制品,1,15.7,0.1,14.13,会员储值,小赵,是
2832,2026-09-30,20:41,S04,Shiba店,78,湾仔码头水饺,冷冻食品,2,11.2,0,22.4,支付宝,小赵,是
3524,2026-09-30,20:42,S01,Bear店,1,可口可乐330ml,饮料,5,9.2,0,46,会员储值,小张,否
97,2026-09-30,20:47,S03,Rabbit店,47,垃圾袋50只,日用百货,5,2.1,0,10.5,支付宝,小王,否
2936,2026-09-30,20:53,S04,Shiba店,46,高露洁牙膏,日用百货,1,53.4,0,53.4,微信,小张,否
2856,2026-09-30,20:54,S01,Bear店,80,雀巢冰淇淋,冷冻食品,1,11.6,0,11.6,支付宝,小张,是
3745,2026-09-30,20:54,S04,Shiba店,31,旺仔牛奶,乳制品,2,24.4,0,48.8,微信,小张,是
924,2026-09-30,21:01,S03,Rabbit店,9,红牛250ml,饮料,3,26.3,0,78.9,银行卡,小张,是
399,2026-09-30,21:16,S03,Rabbit店,16,卫龙辣条,零食,3,29.4,0,88.2,微信,小刘,否
1381,2026-09-30,21:23,S04,Shiba店,48,洗碗海绵,日用百货,1,37.5,0,37.5,现金,小陈,否
3788,2026-09-30,21:23,S03,Rabbit店,42,清风抽纸3层,日用百货,5,37.8,0,189,会员储值,小张,是
3956,2026-09-30,21:31,S01,Bear店,53,黄瓜,生鲜,3,45.7,0.1,123.39,会员储值,小刘,否
3739,2026-09-30,21:37,S02,Catty店,13,乐事薯片原味,零食,4,59.6,0,238.4,支付宝,小张,否
1204,2026-09-30,21:54,S04,Shiba店,26,蒙牛特仑苏,乳制品,2,29.2,0.1,52.56,微信,小赵,否
2065,2026-09-30,21:59,S04,Shiba店,3,元气森林气泡水,饮料,4,24.4,0.1,87.84,微信,小李,否
3243,2026-09-30,21:59,S02,Catty店,1,可口可乐330ml,饮料,1,9.2,0,9.2,现金,小赵,否
979,2026-09-30,22:14,S02,Catty店,22,洽洽小黄袋,零食,1,50.2,0.1,45.18,现金,小李,是
3103,2026-09-30,22:20,S02,Catty店,76,江小白,酒水,5,49.1,0.1,220.95,微信,小王,是
3654,2026-09-30,22:25,S02,Catty店,51,牙签,日用百货,4,18.3,0,73.2,微信,小张,否
735,2026-09-30,22:26,S02,Catty店,2,农夫山泉550ml,饮料,3,57,0,171,微信,小王,否
12,2026-09-30,22:44,S01,Bear店,46,高露洁牙膏,日用百货,5,53.4,0,267,银行卡,小陈,否
3204,2026-09-30,22:49,S04,Shiba店,62,西兰花,生鲜,5,40.8,0.1,183.6,微信,小王,否
183,2026-09-30,22:55,S01,Bear店,56,鸡蛋30枚,生鲜,3,23.1,0,69.3,银行卡,小陈,否
